id,lead_id,source_category,created_at,preferred_location,timezone_location,current_status
1,76dbff4a304e140895ed70965a4bab40,Online,2024-06-02T12:16:57.664Z,SENAYAN,Asia/Jakarta,Fresh
2,018fd2bb3266eec57058bf19f9de1d12,Online,2024-08-07T19:14:16.044Z,CIKARANG,Asia/Jakarta,Appointment
3,7868de02df01c129e367b44f1b60935c,Online,2023-09-23T12:05:13.078Z,KELAPA GADING,Asia/Jakarta,Deal
4,7868de02df01c129e367b44f1b60935c,Online,2023-09-23T12:05:13.078Z,KELAPA GADING,Asia/Jakarta,Maybe
5,7868de02df01c129e367b44f1b60935c,Online,2023-09-23T12:05:13.078Z,KELAPA GADING,Asia/Jakarta,Fresh
6,7868de02df01c129e367b44f1b60935c,Online,2023-09-23T12:05:13.078Z,KELAPA GADING,Asia/Jakarta,Fresh
7,bb016badf799826be20cf1385695acc9,Online,2024-04-08T18:15:17.676Z,PONDOK INDAH,Asia/Jakarta,Warm
8,eb78e1daee9d138f28b7b936dd8ed2a5,Online,2023-11-28T21:34:47.586Z,BEKASI,Asia/Jakarta,Maybe
9,0a0c05cc913f1c85cb9bf5ac844282a8,Online,2024-03-21T19:27:47.932Z,BEKASI,Asia/Jakarta,Warm
10,0a0c05cc913f1c85cb9bf5ac844282a8,Online,2024-03-21T19:27:47.932Z,BEKASI,Asia/Jakarta,Maybe
11,a562edd9a043d685a6c64073a073e8c1,Offline,2024-04-25T04:36:56.337Z,SENAYAN,Asia/Jakarta,Maybe
12,a562edd9a043d685a6c64073a073e8c1,Offline,2024-04-25T04:36:56.337Z,SENAYAN,Asia/Jakarta,Fresh
13,c8665ed62d36ca5dc6f461949a3839ca,Offline,2024-07-22T16:43:04.554Z,BSD,Asia/Jakarta,Deal
14,c8665ed62d36ca5dc6f461949a3839ca,Offline,2024-07-22T16:43:04.554Z,BSD,Asia/Jakarta,Lost
15,c41754cb35ffcb8c2e08ab05c6b43f6f,Offline,2023-10-26T07:01:01.728Z,PIK,Asia/Jakarta,Warm
16,f1ef1e2cfcc5ba506637e5b0a29f239a,Online,2023-10-16T08:00:30.789Z,BENHIL,Asia/Jakarta,Maybe
17,f1ef1e2cfcc5ba506637e5b0a29f239a,Online,2023-10-16T08:00:30.789Z,BENHIL,Asia/Jakarta,Fresh
18,a2eb647752e901682905b2915de6095a,Online,2023-11-30T07:54:31.446Z,KUNINGAN,Asia/Jakarta,Appointment
19,a2eb647752e901682905b2915de6095a,Online,2023-11-30T07:54:31.446Z,KUNINGAN,Asia/Jakarta,Fresh
20,becd855a1678fc24f4f0f3d788178869,Online,2023-09-02T09:33:34.163Z,PANCORAN,Asia/Jakarta,Lost
21,e18a5d068092d709f0a3b5402d4df8e9,Offline,2024-08-09T21:15:38.806Z,PIK,Asia/Jakarta,Fresh
22,fe2f88a4efcfacbe5170a109355938cc,Online,2023-10-03T11:06:39.551Z,TANGERANG,Asia/Jakarta,Deal
23,fe2f88a4efcfacbe5170a109355938cc,Online,2023-10-03T11:06:39.551Z,TANGERANG,Asia/Jakarta,Follow Up
24,4085967fc4f7a72f9a44c0049046a045,Online,2024-07-30T14:33:30.514Z,ALAM SUTERA,Asia/Jakarta,Warm
25,cea506067f009fe81674cef8b2e33d4b,Offline,2024-07-31T17:22:43.230Z,GAJAH MADA,Asia/Jakarta,Follow Up
26,cea506067f009fe81674cef8b2e33d4b,Offline,2024-07-31T17:22:43.230Z,GAJAH MADA,Asia/Jakarta,Fresh
27,cea506067f009fe81674cef8b2e33d4b,Offline,2024-07-31T17:22:43.230Z,GAJAH MADA,Asia/Jakarta,Lost
28,cea506067f009fe81674cef8b2e33d4b,Offline,2024-07-31T17:22:43.230Z,GAJAH MADA,Asia/Jakarta,Warm
29,f8fb2b6e40e3a66eee926ec2c46344e7,Online,2024-06-30T20:32:59.896Z,BOGOR,Asia/Jakarta,Fresh
30,f8fb2b6e40e3a66eee926ec2c46344e7,Online,2024-06-30T20:32:59.896Z,BOGOR,Asia/Jakarta,No Response
31,7cf0d494f0d606736a8a0ceec5d4c30b,Online,2024-08-02T05:18:10.437Z,DEPOK,Asia/Jakarta,Fresh
32,90bc1bec8a85328d3ce53bf00f167243,Offline,2023-12-06T01:05:04.034Z,PIK,Asia/Jakarta,Warm
33,90bc1bec8a85328d3ce53bf00f167243,Offline,2023-12-06T01:05:04.034Z,PIK,Asia/Jakarta,Fresh
34,fdd8dad96a2da2b874af7a6b16607904,Online,2024-08-12T21:25:22.672Z,PLUIT,Asia/Jakarta,Deal
35,fdd8dad96a2da2b874af7a6b16607904,Online,2024-08-12T21:25:22.672Z,PLUIT,Asia/Jakarta,No Response
36,fdd8dad96a2da2b874af7a6b16607904,Online,2024-08-12T21:25:22.672Z,PLUIT,Asia/Jakarta,Appointment
37,cba43037777e760fee4076a69587ed75,Online,2024-08-24T01:31:32.518Z,SUDIRMAN,Asia/Jakarta,Warm
38,cba43037777e760fee4076a69587ed75,Online,2024-08-24T01:31:32.518Z,SUDIRMAN,Asia/Jakarta,Deal
39,cba43037777e760fee4076a69587ed75,Online,2024-08-24T01:31:32.518Z,SUDIRMAN,Asia/Jakarta,Fresh
40,79f5ab642010fd3aa6ac3477022bf7d9,Online,2024-04-09T03:28:35.849Z,BOGOR,Asia/Jakarta,Warm
41,79f5ab642010fd3aa6ac3477022bf7d9,Online,2024-04-09T03:28:35.849Z,BOGOR,Asia/Jakarta,Deal
42,8f488ca302dab7868e66aaa5a9ce06de,Online,2024-06-07T16:10:27.673Z,SENAYAN,Asia/Jakarta,Maybe
43,8f488ca302dab7868e66aaa5a9ce06de,Online,2024-06-07T16:10:27.673Z,SENAYAN,Asia/Jakarta,Lost
44,8f488ca302dab7868e66aaa5a9ce06de,Online,2024-06-07T16:10:27.673Z,SENAYAN,Asia/Jakarta,Fresh
45,f89e3702310d427a6b525f65e9b0cf67,Offline,2023-10-28T13:01:25.043Z,CILANDAK,Asia/Jakarta,Fresh
46,f89e3702310d427a6b525f65e9b0cf67,Offline,2023-10-28T13:01:25.043Z,CILANDAK,Asia/Jakarta,Lost
47,f89e3702310d427a6b525f65e9b0cf67,Offline,2023-10-28T13:01:25.043Z,CILANDAK,Asia/Jakarta,Fresh
48,304e8a26e9d281503ffac2299d2bf0c3,Online,2023-11-30T21:12:43.043Z,ALAM SUTERA,Asia/Jakarta,Warm
49,13639ee40a6dd73d672edc0c3a6e5086,Online,2023-11-19T19:06:55.381Z,SENAYAN,Asia/Jakarta,Maybe
50,13639ee40a6dd73d672edc0c3a6e5086,Online,2023-11-19T19:06:55.381Z,SENAYAN,Asia/Jakarta,Fresh
51,27a321e3ae4a21e7058ae1c3213d488a,Offline,2024-08-27T23:21:26.605Z,CILANDAK,Asia/Jakarta,Appointment
52,8832e89e385845226d3c3a891b8b524d,Online,2024-06-24T06:47:08.011Z,BEKASI,Asia/Jakarta,Maybe
53,8832e89e385845226d3c3a891b8b524d,Online,2024-06-24T06:47:08.011Z,BEKASI,Asia/Jakarta,Fresh
54,a033a490e6c7fbce9415a6ec22cbfa10,Offline,2024-02-22T08:09:32.391Z,CIKINI,Asia/Jakarta,Fresh
55,a033a490e6c7fbce9415a6ec22cbfa10,Offline,2024-02-22T08:09:32.391Z,CIKINI,Asia/Jakarta,Follow Up
56,813bb3ed22941a90cf8a1a439f5a3413,Online,2024-01-06T12:24:26.631Z,ALAM SUTERA,Asia/Jakarta,Lost
57,3e43e92c09bf32f44297595d9202f617,Online,2023-12-17T21:47:53.163Z,BENHIL,Asia/Jakarta,Warm
58,fa05b440adf9bbf4a93753ad67b62777,Offline,2023-11-08T09:28:09.193Z,PANCORAN,Asia/Jakarta,Fresh
59,fa05b440adf9bbf4a93753ad67b62777,Offline,2023-11-08T09:28:09.193Z,PANCORAN,Asia/Jakarta,Maybe
60,f806b7c5954090c4c75932338cbcf9f6,Offline,2024-07-25T06:01:47.177Z,SUDIRMAN,Asia/Jakarta,Fresh
61,e2075241ad9f9731d9fd82214b7bf475,Online,2024-01-15T22:42:57.308Z,BSD,Asia/Jakarta,Follow Up
62,9cda91438502f3d2392345140bb28f05,Online,2024-07-04T14:16:30.345Z,KUNINGAN,Asia/Jakarta,Appointment
63,9cda91438502f3d2392345140bb28f05,Online,2024-07-04T14:16:30.345Z,KUNINGAN,Asia/Jakarta,Fresh
64,9cda91438502f3d2392345140bb28f05,Online,2024-07-04T14:16:30.345Z,KUNINGAN,Asia/Jakarta,Appointment
65,e6c2ff12308568c99fd1f50db9efba21,Online,2023-09-19T06:00:59.379Z,PONDOK INDAH,Asia/Jakarta,Warm
66,e6c2ff12308568c99fd1f50db9efba21,Online,2023-09-19T06:00:59.379Z,PONDOK INDAH,Asia/Jakarta,Lost
67,5e9d26efbbce48ce86360084483d8199,Online,2024-04-28T16:07:38.866Z,PANCORAN,Asia/Jakarta,Fresh
68,5e9d26efbbce48ce86360084483d8199,Online,2024-04-28T16:07:38.866Z,PANCORAN,Asia/Jakarta,Deal
69,1fcefd2d3bdca79467ae184e5f50cbb7,Online,2024-01-18T02:52:40.870Z,BENHIL,Asia/Jakarta,Maybe
70,1fcefd2d3bdca79467ae184e5f50cbb7,Online,2024-01-18T02:52:40.870Z,BENHIL,Asia/Jakarta,Fresh
71,1fcefd2d3bdca79467ae184e5f50cbb7,Online,2024-01-18T02:52:40.870Z,BENHIL,Asia/Jakarta,Fresh
72,dd42dfe3d02fb60f5ba1dd05119d22bb,Online,2023-12-26T07:36:50.481Z,BINTARO,Asia/Jakarta,Fresh
73,dd42dfe3d02fb60f5ba1dd05119d22bb,Online,2023-12-26T07:36:50.481Z,BINTARO,Asia/Jakarta,Warm
74,dd42dfe3d02fb60f5ba1dd05119d22bb,Online,2023-12-26T07:36:50.481Z,BINTARO,Asia/Jakarta,No Response
75,2fdec7d1801d992b028744c24653d97c,Online,2024-01-18T09:31:13.895Z,KELAPA GADING,Asia/Jakarta,Maybe
76,2fdec7d1801d992b028744c24653d97c,Online,2024-01-18T09:31:13.895Z,KELAPA GADING,Asia/Jakarta,Appointment
77,e0c45289c21d93e27440cea2759a64d3,Online,2024-03-06T15:49:32.109Z,KUNINGAN,Asia/Jakarta,Warm
78,d4bb359e9290f07c087cd7380bf24a17,Online,2024-05-31T03:16:22.470Z,TANGERANG,Asia/Jakarta,Fresh
79,d4bb359e9290f07c087cd7380bf24a17,Online,2024-05-31T03:16:22.470Z,TANGERANG,Asia/Jakarta,Maybe
80,d4bb359e9290f07c087cd7380bf24a17,Online,2024-05-31T03:16:22.470Z,TANGERANG,Asia/Jakarta,Lost
81,fd389e1bcc1b77e10f31a72af06011cc,Online,2024-01-06T03:58:18.398Z,KEMANG,Asia/Jakarta,Follow Up
82,fd389e1bcc1b77e10f31a72af06011cc,Online,2024-01-06T03:58:18.398Z,KEMANG,Asia/Jakarta,Warm
83,fd389e1bcc1b77e10f31a72af06011cc,Online,2024-01-06T03:58:18.398Z,KEMANG,Asia/Jakarta,Maybe
84,867245f9e2c0176963851a9843f03fcc,Online,2023-10-17T14:20:06.007Z,TEBET,Asia/Jakarta,Fresh
85,867245f9e2c0176963851a9843f03fcc,Online,2023-10-17T14:20:06.007Z,TEBET,Asia/Jakarta,Appointment
86,c24db2b7014d8b814406c71e90832693,Online,2024-05-16T00:23:21.684Z,BENHIL,Asia/Jakarta,Fresh
87,c4aa1f8cf8c80a8f43dd918597e52086,Online,2023-10-09T13:51:23.554Z,SUDIRMAN,Asia/Jakarta,Lost
88,0251dea32f3ec0ef1f0dd3073c91f898,Online,2023-11-21T09:58:03.123Z,TEBET,Asia/Jakarta,Fresh
89,cc80fd79e5a6af18f17ca2063bea51ab,Online,2023-11-14T23:45:16.025Z,CIKARANG,Asia/Jakarta,Fresh
90,cc80fd79e5a6af18f17ca2063bea51ab,Online,2023-11-14T23:45:16.025Z,CIKARANG,Asia/Jakarta,Fresh
91,cc80fd79e5a6af18f17ca2063bea51ab,Online,2023-11-14T23:45:16.025Z,CIKARANG,Asia/Jakarta,Warm
92,cc80fd79e5a6af18f17ca2063bea51ab,Online,2023-11-14T23:45:16.025Z,CIKARANG,Asia/Jakarta,Appointment
93,2f21cdda79f12c2e54d68021693d2026,Offline,2024-04-08T20:05:55.813Z,SETIABUDI,Asia/Jakarta,Fresh
94,2f21cdda79f12c2e54d68021693d2026,Offline,2024-04-08T20:05:55.813Z,SETIABUDI,Asia/Jakarta,Lost
95,2f21cdda79f12c2e54d68021693d2026,Offline,2024-04-08T20:05:55.813Z,SETIABUDI,Asia/Jakarta,Follow Up
96,2f21cdda79f12c2e54d68021693d2026,Offline,2024-04-08T20:05:55.813Z,SETIABUDI,Asia/Jakarta,Fresh
97,71621c4db461798f1d746f234de25162,Online,2024-08-19T22:34:45.601Z,PIK,Asia/Jakarta,Fresh
98,9503c106f9fc0b905fe68bc18aeff59e,Offline,2024-01-18T11:44:45.354Z,BEKASI,Asia/Jakarta,Deal
99,13af71c7e4a6562074d92b1ac6c3068f,Online,2024-08-29T15:31:16.486Z,PANCORAN,Asia/Jakarta,Fresh
100,13af71c7e4a6562074d92b1ac6c3068f,Online,2024-08-29T15:31:16.486Z,PANCORAN,Asia/Jakarta,Lost
101,79c9debe77e71a0d8bb3fd8b96b7aa2d,Offline,2024-04-26T00:46:21.055Z,GAJAH MADA,Asia/Jakarta,Warm
102,79c9debe77e71a0d8bb3fd8b96b7aa2d,Offline,2024-04-26T00:46:21.055Z,GAJAH MADA,Asia/Jakarta,Lost
103,b4acc908a1a06765e7228a9ec7d953e4,Online,2024-06-18T10:56:45.475Z,PANCORAN,Asia/Jakarta,Warm
104,b4acc908a1a06765e7228a9ec7d953e4,Online,2024-06-18T10:56:45.475Z,PANCORAN,Asia/Jakarta,Warm
105,b4acc908a1a06765e7228a9ec7d953e4,Online,2024-06-18T10:56:45.475Z,PANCORAN,Asia/Jakarta,Lost
106,b4acc908a1a06765e7228a9ec7d953e4,Online,2024-06-18T10:56:45.475Z,PANCORAN,Asia/Jakarta,Fresh
107,ac339188f52bb17bcf0f76a6a590e81a,Online,2024-06-26T03:56:42.076Z,PLUIT,Asia/Jakarta,Appointment
108,ac339188f52bb17bcf0f76a6a590e81a,Online,2024-06-26T03:56:42.076Z,PLUIT,Asia/Jakarta,Warm
109,266c5679fadbc8d3cb7062ea8574d012,Online,2023-12-08T18:09:05.487Z,BOGOR,Asia/Jakarta,Maybe
110,f2a06a1a901c44313226fc2b4d642484,Offline,2024-04-24T16:07:50.453Z,BINTARO,Asia/Jakarta,Fresh
111,ce2581770907152b826f1cb25ec8eba9,Online,2024-06-27T03:02:30.114Z,CIKINI,Asia/Jakarta,Fresh
112,ce2581770907152b826f1cb25ec8eba9,Online,2024-06-27T03:02:30.114Z,CIKINI,Asia/Jakarta,Follow Up
113,ce2581770907152b826f1cb25ec8eba9,Online,2024-06-27T03:02:30.114Z,CIKINI,Asia/Jakarta,Fresh
114,ce2581770907152b826f1cb25ec8eba9,Online,2024-06-27T03:02:30.114Z,CIKINI,Asia/Jakarta,Warm
115,ba67e0d279c5e0450f239cd204ec087f,Offline,2024-07-11T09:04:53.759Z,DEPOK,Asia/Jakarta,Warm
116,901c38a2795131a440fd5268f14f3341,Online,2023-10-13T01:16:01.949Z,SENAYAN,Asia/Jakarta,Fresh
117,887423dc446b6211c64b5592fa44dc1b,Online,2023-11-15T22:47:45.559Z,SETIABUDI,Asia/Jakarta,Fresh
118,887423dc446b6211c64b5592fa44dc1b,Online,2023-11-15T22:47:45.559Z,SETIABUDI,Asia/Jakarta,Follow Up
119,66d9f3ae3ec7c1a84a71375dfca50a36,Online,2023-09-23T06:22:20.520Z,DEPOK,Asia/Jakarta,No Response
120,4c6011e2a567ce4854f86dbbe9a97175,Online,2024-05-03T04:45:23.064Z,PIK,Asia/Jakarta,Maybe
121,bb016badf799826be20cf1385695acc9,Online,2024-04-08T18:15:17.676Z,PONDOK INDAH,Asia/Jakarta,Appointment
122,d55ee942c86c286f05dc71850a615d24,Online,2024-04-26T02:21:26.351Z,MENTENG,Asia/Jakarta,Lost
123,6f33e190aa2020758d45bdb1e5684fa7,Online,2023-09-22T12:43:47.511Z,TANGERANG,Asia/Jakarta,Fresh
124,6f33e190aa2020758d45bdb1e5684fa7,Online,2023-09-22T12:43:47.511Z,TANGERANG,Asia/Jakarta,Warm
125,bc0cda5622efbc2e1274ae45c5e0de06,Online,2024-03-22T23:15:42.173Z,SUDIRMAN,Asia/Jakarta,Maybe
126,9e8b2d597bc8a0aac5beadc6b570a2e2,Offline,2024-07-28T01:42:15.383Z,PIK,Asia/Jakarta,Fresh
127,9e8b2d597bc8a0aac5beadc6b570a2e2,Offline,2024-07-28T01:42:15.383Z,PIK,Asia/Jakarta,Fresh
128,9e8b2d597bc8a0aac5beadc6b570a2e2,Offline,2024-07-28T01:42:15.383Z,PIK,Asia/Jakarta,Maybe
129,9e8b2d597bc8a0aac5beadc6b570a2e2,Offline,2024-07-28T01:42:15.383Z,PIK,Asia/Jakarta,Lost
130,8c937d892ecbef0d4a62bd7481bfd3d7,Online,2024-02-15T22:58:50.431Z,ADITYAWARMAN,Asia/Jakarta,Warm
131,1fe33952c2b92bdc5bf5ea332ac7b389,Online,2024-01-20T04:54:35.873Z,TEBET,Asia/Jakarta,Lost
132,1fe33952c2b92bdc5bf5ea332ac7b389,Online,2024-01-20T04:54:35.873Z,TEBET,Asia/Jakarta,Fresh
133,c296320cf3ca7ed49a59d5d1bff6d917,Offline,2023-11-01T05:55:37.378Z,DEPOK,Asia/Jakarta,Maybe
134,d61998a8f7b74bdc67a3abc1f768eb8c,Online,2024-08-13T18:40:44.831Z,SETIABUDI,Asia/Jakarta,Warm
135,d61998a8f7b74bdc67a3abc1f768eb8c,Online,2024-08-13T18:40:44.831Z,SETIABUDI,Asia/Jakarta,Maybe
136,d61998a8f7b74bdc67a3abc1f768eb8c,Online,2024-08-13T18:40:44.831Z,SETIABUDI,Asia/Jakarta,Deal
137,d61998a8f7b74bdc67a3abc1f768eb8c,Online,2024-08-13T18:40:44.831Z,SETIABUDI,Asia/Jakarta,Fresh
138,ef6149dfae470ceea82ec0a35b044f49,Offline,2024-01-31T18:42:14.495Z,PIK,Asia/Jakarta,Warm
139,ef6149dfae470ceea82ec0a35b044f49,Offline,2024-01-31T18:42:14.495Z,PIK,Asia/Jakarta,Warm
140,ef6149dfae470ceea82ec0a35b044f49,Offline,2024-01-31T18:42:14.495Z,PIK,Asia/Jakarta,Warm
141,304903e5330250cec5f1e355be36888b,Online,2023-11-15T04:51:55.773Z,BEKASI,Asia/Jakarta,Maybe
142,304903e5330250cec5f1e355be36888b,Online,2023-11-15T04:51:55.773Z,BEKASI,Asia/Jakarta,No Response
143,304903e5330250cec5f1e355be36888b,Online,2023-11-15T04:51:55.773Z,BEKASI,Asia/Jakarta,Fresh
144,304903e5330250cec5f1e355be36888b,Online,2023-11-15T04:51:55.773Z,BEKASI,Asia/Jakarta,Fresh
145,5922a6ec403dcd5fb51b3efce4872e30,Online,2023-12-03T16:09:00.979Z,KUNINGAN,Asia/Jakarta,Warm
146,5922a6ec403dcd5fb51b3efce4872e30,Online,2023-12-03T16:09:00.979Z,KUNINGAN,Asia/Jakarta,Warm
147,5bde9d5145e23c34d88dc89b484ec0e6,Online,2023-12-14T11:42:39.758Z,ADITYAWARMAN,Asia/Jakarta,Warm
148,a2b33b9b2522634fd9e98956e66454ee,Offline,2023-12-29T09:05:48.726Z,PIK,Asia/Jakarta,Fresh
149,1b6e7a1b3dc472d9f4a662449e5a7025,Online,2024-05-24T17:55:43.217Z,BSD,Asia/Jakarta,Deal
150,946cae87d42a887c9fe7a4931e191678,Online,2024-03-08T07:53:33.290Z,ALAM SUTERA,Asia/Jakarta,Warm
151,2c6025fa60ca2921625064f837b6f2f0,Offline,2023-09-26T23:36:35.975Z,PONDOK INDAH,Asia/Jakarta,Fresh
152,d484cea3e90594639948d2853cd39f1b,Offline,2023-12-14T18:03:28.828Z,TEBET,Asia/Jakarta,Warm
153,d484cea3e90594639948d2853cd39f1b,Offline,2023-12-14T18:03:28.828Z,TEBET,Asia/Jakarta,Appointment
154,d484cea3e90594639948d2853cd39f1b,Offline,2023-12-14T18:03:28.828Z,TEBET,Asia/Jakarta,Fresh
155,f8fb2b6e40e3a66eee926ec2c46344e7,Online,2024-06-30T20:32:59.896Z,BOGOR,Asia/Jakarta,Fresh
156,d1ad2c7f12a6afd6c0563b57d3e7f86d,Online,2023-12-03T17:27:26.613Z,CIKINI,Asia/Jakarta,Follow Up
157,7ca2384b03e087347a8e2035b0a7b905,Online,2024-06-01T18:49:05.066Z,DEPOK,Asia/Jakarta,Fresh
158,7ca2384b03e087347a8e2035b0a7b905,Online,2024-06-01T18:49:05.066Z,DEPOK,Asia/Jakarta,Lost
159,7ca2384b03e087347a8e2035b0a7b905,Online,2024-06-01T18:49:05.066Z,DEPOK,Asia/Jakarta,Maybe
160,4db4c0d1dbdb83cc4ae6ff58049cddeb,Online,2024-06-20T06:06:50.602Z,SETIABUDI,Asia/Jakarta,Fresh
161,4db4c0d1dbdb83cc4ae6ff58049cddeb,Online,2024-06-20T06:06:50.602Z,SETIABUDI,Asia/Jakarta,Appointment
162,4db4c0d1dbdb83cc4ae6ff58049cddeb,Online,2024-06-20T06:06:50.602Z,SETIABUDI,Asia/Jakarta,Lost
163,9bf3742cbe7fce18390bec82bf9a3d30,Online,2024-07-18T06:47:05.214Z,THAMRIN,Asia/Jakarta,Fresh
164,e2075241ad9f9731d9fd82214b7bf475,Online,2024-01-15T22:42:57.308Z,BSD,Asia/Jakarta,Lost
165,e2075241ad9f9731d9fd82214b7bf475,Online,2024-01-15T22:42:57.308Z,BSD,Asia/Jakarta,Fresh
166,e2075241ad9f9731d9fd82214b7bf475,Online,2024-01-15T22:42:57.308Z,BSD,Asia/Jakarta,Fresh
167,e2075241ad9f9731d9fd82214b7bf475,Online,2024-01-15T22:42:57.308Z,BSD,Asia/Jakarta,Fresh
168,e97fa7955927176b3016bf7f88d641dc,Offline,2024-04-10T00:04:04.377Z,PASAR MINGGU,Asia/Jakarta,Fresh
169,3e5770f5b8dd482a5ad86e85d7798221,Online,2023-11-22T03:28:56.153Z,SUDIRMAN,Asia/Jakarta,Lost
170,d4bb359e9290f07c087cd7380bf24a17,Online,2024-05-31T03:16:22.470Z,TANGERANG,Asia/Jakarta,Fresh
171,5a0329ccca74973e4caeebef998dd0ef,Online,2024-04-05T11:51:37.840Z,MENTENG,Asia/Jakarta,Maybe
172,a07662b8119e55e3106cc80cd3007459,Offline,2023-12-23T13:29:02.132Z,PLUIT,Asia/Jakarta,Fresh
173,47e1fbdd998758a8db2cdbbf5cb35353,Offline,2023-12-10T14:17:44.261Z,PLUIT,Asia/Jakarta,Maybe
174,47e1fbdd998758a8db2cdbbf5cb35353,Offline,2023-12-10T14:17:44.261Z,PLUIT,Asia/Jakarta,Warm
175,47e1fbdd998758a8db2cdbbf5cb35353,Offline,2023-12-10T14:17:44.261Z,PLUIT,Asia/Jakarta,Appointment
176,98373bcd4d49c70b8dc51f0d61c170e8,Offline,2024-01-17T18:05:25.091Z,TEBET,Asia/Jakarta,Fresh
177,074e6b9fd5baa7f542a847bb8efea33d,Online,2024-08-10T09:58:51.339Z,MENTENG,Asia/Jakarta,Deal
178,2fdb31bcd80b0e0044bc6be91529deaa,Online,2023-12-03T09:50:27.591Z,TEBET,Asia/Jakarta,Lost
179,0af5adfba37bc5ff7ab169bdecb071df,Offline,2024-02-29T06:55:11.172Z,CILANDAK,Asia/Jakarta,Lost
180,6f98b9fda73ac4098320302fc5698b11,Online,2024-07-19T05:58:06.572Z,PASAR MINGGU,Asia/Jakarta,Warm
181,6f98b9fda73ac4098320302fc5698b11,Online,2024-07-19T05:58:06.572Z,PASAR MINGGU,Asia/Jakarta,Fresh
182,6f98b9fda73ac4098320302fc5698b11,Online,2024-07-19T05:58:06.572Z,PASAR MINGGU,Asia/Jakarta,Lost
183,6f98b9fda73ac4098320302fc5698b11,Online,2024-07-19T05:58:06.572Z,PASAR MINGGU,Asia/Jakarta,Deal
184,8c51387fccc8edd910fcfcfc9d188213,Online,2024-06-09T20:42:26.299Z,BSD,Asia/Jakarta,Deal
185,e9d909725a9ceb3bd2ff820af25bb030,Online,2024-06-22T13:00:14.567Z,TEBET,Asia/Jakarta,Fresh
186,e9d909725a9ceb3bd2ff820af25bb030,Online,2024-06-22T13:00:14.567Z,TEBET,Asia/Jakarta,Appointment
187,e9d909725a9ceb3bd2ff820af25bb030,Online,2024-06-22T13:00:14.567Z,TEBET,Asia/Jakarta,Maybe
188,8e3b36a45c17ff134eee52db9fa0d4af,Online,2023-10-15T19:52:23.911Z,KEMANG,Asia/Jakarta,Warm
189,8e3b36a45c17ff134eee52db9fa0d4af,Online,2023-10-15T19:52:23.911Z,KEMANG,Asia/Jakarta,Fresh
190,ad0202328fbb125f2a99846db8af4c11,Online,2024-06-11T15:15:19.061Z,PLUIT,Asia/Jakarta,Maybe
191,ad0202328fbb125f2a99846db8af4c11,Online,2024-06-11T15:15:19.061Z,PLUIT,Asia/Jakarta,Fresh
192,ad0202328fbb125f2a99846db8af4c11,Online,2024-06-11T15:15:19.061Z,PLUIT,Asia/Jakarta,Deal
193,ad0202328fbb125f2a99846db8af4c11,Online,2024-06-11T15:15:19.061Z,PLUIT,Asia/Jakarta,Maybe
194,5ea04ffd13af05fc3d89d3cc94ff8c1d,Online,2024-01-18T03:03:36.808Z,DEPOK,Asia/Jakarta,Maybe
195,4b3ab0723a0bdf6216b15e2cc2f280a7,Offline,2024-05-01T22:07:48.766Z,SENAYAN,Asia/Jakarta,Warm
196,8b3f5b07312ce3550d5a02179e34d44f,Online,2023-10-11T15:36:03.995Z,BENHIL,Asia/Jakarta,Lost
197,0251dea32f3ec0ef1f0dd3073c91f898,Online,2023-11-21T09:58:03.123Z,TEBET,Asia/Jakarta,Fresh
198,15361f76e7dc07e458fa17d928c2abb4,Online,2023-12-07T00:06:25.231Z,PIK,Asia/Jakarta,Fresh
199,15361f76e7dc07e458fa17d928c2abb4,Online,2023-12-07T00:06:25.231Z,PIK,Asia/Jakarta,Deal
200,15361f76e7dc07e458fa17d928c2abb4,Online,2023-12-07T00:06:25.231Z,PIK,Asia/Jakarta,Deal
201,fe63b2b925a0e480faa0b66872ba4aa4,Online,2023-10-24T06:27:24.428Z,BOGOR,Asia/Jakarta,Fresh
202,fe63b2b925a0e480faa0b66872ba4aa4,Online,2023-10-24T06:27:24.428Z,BOGOR,Asia/Jakarta,Warm
203,fe63b2b925a0e480faa0b66872ba4aa4,Online,2023-10-24T06:27:24.428Z,BOGOR,Asia/Jakarta,Warm
204,fb8afe8ddfee42c7e58e978702c40771,Offline,2024-07-24T01:06:56.193Z,CIPUTAT,Asia/Jakarta,Lost
205,03b0eaed7a5bedc098bd1381363a9f88,Offline,2024-06-24T14:16:44.653Z,PANCORAN,Asia/Jakarta,Fresh
206,03b0eaed7a5bedc098bd1381363a9f88,Offline,2024-06-24T14:16:44.653Z,PANCORAN,Asia/Jakarta,Appointment
207,123d64594d821896064c51101d53b1b3,Online,2024-06-02T01:12:38.411Z,ADITYAWARMAN,Asia/Jakarta,Fresh
208,123d64594d821896064c51101d53b1b3,Online,2024-06-02T01:12:38.411Z,ADITYAWARMAN,Asia/Jakarta,Warm
209,123d64594d821896064c51101d53b1b3,Online,2024-06-02T01:12:38.411Z,ADITYAWARMAN,Asia/Jakarta,Deal
210,bdc35261506e87867fccd300165dd8e8,Online,2023-11-11T00:36:42.723Z,BENHIL,Asia/Jakarta,Maybe
211,bdc35261506e87867fccd300165dd8e8,Online,2023-11-11T00:36:42.723Z,BENHIL,Asia/Jakarta,Deal
212,bdc35261506e87867fccd300165dd8e8,Online,2023-11-11T00:36:42.723Z,BENHIL,Asia/Jakarta,Fresh
213,bdc35261506e87867fccd300165dd8e8,Online,2023-11-11T00:36:42.723Z,BENHIL,Asia/Jakarta,No Response
214,be083c73596c08fa548418c8e5cf0a64,Online,2024-05-11T07:00:36.478Z,PONDOK INDAH,Asia/Jakarta,Deal
215,be083c73596c08fa548418c8e5cf0a64,Online,2024-05-11T07:00:36.478Z,PONDOK INDAH,Asia/Jakarta,Appointment
216,04c5b1c0da2579e1d26f46dcac1b0f26,Online,2024-07-08T13:38:59.582Z,ALAM SUTERA,Asia/Jakarta,Appointment
217,e1ca2efba134d80de9f1a7916ab12def,Online,2024-06-19T07:17:53.676Z,SENAYAN,Asia/Jakarta,Follow Up
218,5addd4740a6eef8eeed007415b60638e,Online,2024-08-20T14:47:37.499Z,GAJAH MADA,Asia/Jakarta,Warm
219,5addd4740a6eef8eeed007415b60638e,Online,2024-08-20T14:47:37.499Z,GAJAH MADA,Asia/Jakarta,Maybe
220,5addd4740a6eef8eeed007415b60638e,Online,2024-08-20T14:47:37.499Z,GAJAH MADA,Asia/Jakarta,Warm
221,bc0cda5622efbc2e1274ae45c5e0de06,Online,2024-03-22T23:15:42.173Z,SUDIRMAN,Asia/Jakarta,Follow Up
222,bc0cda5622efbc2e1274ae45c5e0de06,Online,2024-03-22T23:15:42.173Z,SUDIRMAN,Asia/Jakarta,Follow Up
223,f25abd9fcd6def88948fbac75d5e8d35,Online,2024-06-18T21:05:53.108Z,KUNINGAN,Asia/Jakarta,Warm
224,f25abd9fcd6def88948fbac75d5e8d35,Online,2024-06-18T21:05:53.108Z,KUNINGAN,Asia/Jakarta,Deal
225,c2beb94dc72932a51e717db0f2fd5810,Online,2024-04-11T07:07:54.683Z,KEMANG,Asia/Jakarta,Fresh
226,c2beb94dc72932a51e717db0f2fd5810,Online,2024-04-11T07:07:54.683Z,KEMANG,Asia/Jakarta,Lost
227,a043bae1603803a839c0cb52f511d9cb,Online,2024-08-24T04:24:57.387Z,BENHIL,Asia/Jakarta,Appointment
228,a043bae1603803a839c0cb52f511d9cb,Online,2024-08-24T04:24:57.387Z,BENHIL,Asia/Jakarta,Warm
229,a043bae1603803a839c0cb52f511d9cb,Online,2024-08-24T04:24:57.387Z,BENHIL,Asia/Jakarta,Appointment
230,bd66ded18bb0b8e196ddc6b471f96636,Online,2023-12-20T11:00:51.929Z,BSD,Asia/Jakarta,Fresh
231,27731e8ff647e7353c559c24b07bb270,Online,2024-02-16T16:14:17.484Z,DEPOK,Asia/Jakarta,Warm
232,27731e8ff647e7353c559c24b07bb270,Online,2024-02-16T16:14:17.484Z,DEPOK,Asia/Jakarta,Warm
233,27731e8ff647e7353c559c24b07bb270,Online,2024-02-16T16:14:17.484Z,DEPOK,Asia/Jakarta,Deal
234,cba43037777e760fee4076a69587ed75,Online,2024-08-24T01:31:32.518Z,SUDIRMAN,Asia/Jakarta,Warm
235,b196fb425bd86b6dc81d8dac3a1db075,Online,2024-04-11T08:08:37.211Z,GADING SERPONG,Asia/Jakarta,Fresh
236,9fe88953bb582a60dcfc344eadd911d2,Online,2024-06-09T17:03:29.584Z,CILANDAK,Asia/Jakarta,Fresh
237,9fe88953bb582a60dcfc344eadd911d2,Online,2024-06-09T17:03:29.584Z,CILANDAK,Asia/Jakarta,Warm
238,9fe88953bb582a60dcfc344eadd911d2,Online,2024-06-09T17:03:29.584Z,CILANDAK,Asia/Jakarta,Warm
239,44d7d9f1e8d640d2369e75bc7a2a04c2,Offline,2024-03-09T03:11:21.804Z,BEKASI,Asia/Jakarta,Warm
240,44d7d9f1e8d640d2369e75bc7a2a04c2,Offline,2024-03-09T03:11:21.804Z,BEKASI,Asia/Jakarta,Maybe
241,44d7d9f1e8d640d2369e75bc7a2a04c2,Offline,2024-03-09T03:11:21.804Z,BEKASI,Asia/Jakarta,Warm
242,c3deec4bf4227fd4d09507ba3b723867,Online,2023-11-05T15:54:40.167Z,PONDOK INDAH,Asia/Jakarta,Warm
243,d134c9c3132420c9de77464879eb903a,Offline,2024-04-16T00:22:56.973Z,GAJAH MADA,Asia/Jakarta,Fresh
244,121ef1cc42c58d8879c512c840ecc112,Online,2024-07-13T14:22:55.706Z,SETIABUDI,Asia/Jakarta,Fresh
245,121ef1cc42c58d8879c512c840ecc112,Online,2024-07-13T14:22:55.706Z,SETIABUDI,Asia/Jakarta,Appointment
246,a490f3a413f8583a1af02b4aa6e321e4,Online,2024-04-01T02:04:28.654Z,BENHIL,Asia/Jakarta,Warm
247,f7caec8463742ffff22b019428ab2dfa,Online,2024-06-12T03:43:44.981Z,MENTENG,Asia/Jakarta,Fresh
248,f7caec8463742ffff22b019428ab2dfa,Online,2024-06-12T03:43:44.981Z,MENTENG,Asia/Jakarta,Lost
249,f7caec8463742ffff22b019428ab2dfa,Online,2024-06-12T03:43:44.981Z,MENTENG,Asia/Jakarta,Lost
250,4e0990009530eda5119a44a6b889fd97,Online,2023-11-06T07:00:26.574Z,PASAR MINGGU,Asia/Jakarta,Fresh
251,2b488b91baf7bef4958f5298a729bf00,Online,2023-10-16T19:08:50.755Z,TANGERANG,Asia/Jakarta,Fresh
252,2b488b91baf7bef4958f5298a729bf00,Online,2023-10-16T19:08:50.755Z,TANGERANG,Asia/Jakarta,Warm
253,2b488b91baf7bef4958f5298a729bf00,Online,2023-10-16T19:08:50.755Z,TANGERANG,Asia/Jakarta,Fresh
254,e0441827d5814368c9a89ab04ce522a1,Offline,2023-09-12T21:44:41.093Z,CIKARANG,Asia/Jakarta,Warm
255,5fc05281758a5eb06b40b8879857d9d2,Online,2024-02-22T12:33:51.302Z,BOGOR,Asia/Jakarta,Deal
256,0309d6896d9aefbbfc45ee55f2df382f,Offline,2024-03-16T01:48:45.725Z,TEBET,Asia/Jakarta,Lost
257,1c4bd9b96ccf263b9e5f26b427873665,Offline,2024-01-31T18:28:51.242Z,ADITYAWARMAN,Asia/Jakarta,Maybe
258,62403ca47ca13b39b976987855d2d782,Online,2024-02-04T11:39:23.033Z,ALAM SUTERA,Asia/Jakarta,Lost
259,77e06d92923b8f3ea35aab159f7f9158,Online,2024-01-21T20:44:41.264Z,PLUIT,Asia/Jakarta,Warm
260,77e06d92923b8f3ea35aab159f7f9158,Online,2024-01-21T20:44:41.264Z,PLUIT,Asia/Jakarta,Lost
261,77e06d92923b8f3ea35aab159f7f9158,Online,2024-01-21T20:44:41.264Z,PLUIT,Asia/Jakarta,Maybe
262,d1ad2c7f12a6afd6c0563b57d3e7f86d,Online,2023-12-03T17:27:26.613Z,CIKINI,Asia/Jakarta,Fresh
263,d39bdaed50a9e4843257bb76ce79caf1,Online,2023-09-01T02:31:24.873Z,GAJAH MADA,Asia/Jakarta,Fresh
264,ace1103354da4bffcbe04dc669a78c26,Online,2024-06-17T22:27:49.214Z,TEBET,Asia/Jakarta,Fresh
265,ad4b4486df11c379a1cb8d68e699cf91,Offline,2024-01-19T01:58:31.594Z,ALAM SUTERA,Asia/Jakarta,Warm
266,ad4b4486df11c379a1cb8d68e699cf91,Offline,2024-01-19T01:58:31.594Z,ALAM SUTERA,Asia/Jakarta,Fresh
267,efcb3d82a17f0ff228c3867236949f3d,Online,2024-01-18T15:32:47.407Z,CIPUTAT,Asia/Jakarta,Warm
268,efcb3d82a17f0ff228c3867236949f3d,Online,2024-01-18T15:32:47.407Z,CIPUTAT,Asia/Jakarta,Maybe
269,efcb3d82a17f0ff228c3867236949f3d,Online,2024-01-18T15:32:47.407Z,CIPUTAT,Asia/Jakarta,Lost
270,8c0e93a07a8397db15f32fce03abc69d,Online,2024-05-08T12:17:43.208Z,GAJAH MADA,Asia/Jakarta,Fresh
271,d134c9c3132420c9de77464879eb903a,Offline,2024-04-16T00:22:56.973Z,GAJAH MADA,Asia/Jakarta,Fresh
272,d134c9c3132420c9de77464879eb903a,Offline,2024-04-16T00:22:56.973Z,GAJAH MADA,Asia/Jakarta,Warm
273,d134c9c3132420c9de77464879eb903a,Offline,2024-04-16T00:22:56.973Z,GAJAH MADA,Asia/Jakarta,Fresh
274,306d3fe11cec182cedd968dee372a19f,Online,2023-10-29T20:07:23.905Z,SUDIRMAN,Asia/Jakarta,Warm
275,306d3fe11cec182cedd968dee372a19f,Online,2023-10-29T20:07:23.905Z,SUDIRMAN,Asia/Jakarta,Fresh
276,fdb018326469a7a24347c65711ec4f5a,Online,2024-02-28T11:39:10.979Z,PONDOK INDAH,Asia/Jakarta,Appointment
277,fdb018326469a7a24347c65711ec4f5a,Online,2024-02-28T11:39:10.979Z,PONDOK INDAH,Asia/Jakarta,Lost
278,fdb018326469a7a24347c65711ec4f5a,Online,2024-02-28T11:39:10.979Z,PONDOK INDAH,Asia/Jakarta,Fresh
279,fdb018326469a7a24347c65711ec4f5a,Online,2024-02-28T11:39:10.979Z,PONDOK INDAH,Asia/Jakarta,Fresh
280,be083c73596c08fa548418c8e5cf0a64,Online,2024-05-11T07:00:36.478Z,PONDOK INDAH,Asia/Jakarta,Deal
281,266c5679fadbc8d3cb7062ea8574d012,Online,2023-12-08T18:09:05.487Z,BOGOR,Asia/Jakarta,Fresh
282,67f95f500d5b0e51555a3a9e145057d9,Offline,2023-12-13T13:04:05.020Z,BSD,Asia/Jakarta,Warm
283,67f95f500d5b0e51555a3a9e145057d9,Offline,2023-12-13T13:04:05.020Z,BSD,Asia/Jakarta,Fresh
284,67f95f500d5b0e51555a3a9e145057d9,Offline,2023-12-13T13:04:05.020Z,BSD,Asia/Jakarta,Lost
285,cc31667baf165d337643e7d80fdfed27,Online,2024-02-03T17:57:59.924Z,ADITYAWARMAN,Asia/Jakarta,No Response
286,253bc79c8a0110ed51e5bf4195e7524c,Online,2024-08-07T23:25:35.155Z,SUDIRMAN,Asia/Jakarta,No Response
287,253bc79c8a0110ed51e5bf4195e7524c,Online,2024-08-07T23:25:35.155Z,SUDIRMAN,Asia/Jakarta,Fresh
288,92acb94f1fb7d7b6f5d3bcb0d276fadf,Online,2024-01-10T00:53:25.432Z,ALAM SUTERA,Asia/Jakarta,Maybe
289,92acb94f1fb7d7b6f5d3bcb0d276fadf,Online,2024-01-10T00:53:25.432Z,ALAM SUTERA,Asia/Jakarta,Warm
290,f9b06e60ab5cdc65fb874ee1a581cc11,Online,2023-10-30T19:26:28.585Z,DEPOK,Asia/Jakarta,Fresh
291,7868de02df01c129e367b44f1b60935c,Online,2023-09-23T12:05:13.078Z,KELAPA GADING,Asia/Jakarta,Maybe
292,11fc8a3a3ad3deb6d1a0b01241de6765,Online,2023-10-16T22:41:22.547Z,GAJAH MADA,Asia/Jakarta,Appointment
293,11fc8a3a3ad3deb6d1a0b01241de6765,Online,2023-10-16T22:41:22.547Z,GAJAH MADA,Asia/Jakarta,Fresh
294,3a90dc6ddba7a8cf9b1c6538fe890738,Online,2023-09-26T03:59:53.328Z,TEBET,Asia/Jakarta,Appointment
295,75155afdab503b5cb07626e56dc9c37c,Online,2023-09-08T19:08:25.326Z,PIK,Asia/Jakarta,Fresh
296,75155afdab503b5cb07626e56dc9c37c,Online,2023-09-08T19:08:25.326Z,PIK,Asia/Jakarta,Appointment
297,1b6e7a1b3dc472d9f4a662449e5a7025,Online,2024-05-24T17:55:43.217Z,BSD,Asia/Jakarta,Appointment
298,1b6e7a1b3dc472d9f4a662449e5a7025,Online,2024-05-24T17:55:43.217Z,BSD,Asia/Jakarta,Warm
299,43d97bcf122f907c6be58606b11ea783,Offline,2023-10-24T09:50:49.123Z,GAJAH MADA,Asia/Jakarta,Lost
300,43d97bcf122f907c6be58606b11ea783,Offline,2023-10-24T09:50:49.123Z,GAJAH MADA,Asia/Jakarta,Appointment
301,43d97bcf122f907c6be58606b11ea783,Offline,2023-10-24T09:50:49.123Z,GAJAH MADA,Asia/Jakarta,Deal
302,2244c5fb797206d6d76da949b7265baf,Offline,2024-01-05T13:28:47.385Z,PIK,Asia/Jakarta,Warm
303,1c4bd9b96ccf263b9e5f26b427873665,Offline,2024-01-31T18:28:51.242Z,ADITYAWARMAN,Asia/Jakarta,Deal
304,c53d280b28b4af0585e7f264590c9384,Online,2023-12-28T08:14:24.500Z,TANGERANG,Asia/Jakarta,Lost
305,c53d280b28b4af0585e7f264590c9384,Online,2023-12-28T08:14:24.500Z,TANGERANG,Asia/Jakarta,Fresh
306,c53d280b28b4af0585e7f264590c9384,Online,2023-12-28T08:14:24.500Z,TANGERANG,Asia/Jakarta,Fresh
307,c53d280b28b4af0585e7f264590c9384,Online,2023-12-28T08:14:24.500Z,TANGERANG,Asia/Jakarta,Lost
308,78a59ef28a509b51f98bb39c22a711f9,Offline,2024-01-29T11:18:22.824Z,BINTARO,Asia/Jakarta,No Response
309,78a59ef28a509b51f98bb39c22a711f9,Offline,2024-01-29T11:18:22.824Z,BINTARO,Asia/Jakarta,Fresh
310,b196fb425bd86b6dc81d8dac3a1db075,Online,2024-04-11T08:08:37.211Z,GADING SERPONG,Asia/Jakarta,Warm
311,e79077124d1493c57de64d6083c619cb,Online,2024-08-13T01:12:56.627Z,GADING SERPONG,Asia/Jakarta,Follow Up
312,2de93c1d58cc7bca3a0b1390f8df4a51,Offline,2023-09-17T09:54:55.587Z,ADITYAWARMAN,Asia/Jakarta,Warm
313,2de93c1d58cc7bca3a0b1390f8df4a51,Offline,2023-09-17T09:54:55.587Z,ADITYAWARMAN,Asia/Jakarta,Warm
314,29021ddb6a310dbfa2737b3992d022fe,Online,2024-02-07T23:33:41.902Z,SUDIRMAN,Asia/Jakarta,Lost
315,29021ddb6a310dbfa2737b3992d022fe,Online,2024-02-07T23:33:41.902Z,SUDIRMAN,Asia/Jakarta,Warm
316,d55ee942c86c286f05dc71850a615d24,Online,2024-04-26T02:21:26.351Z,MENTENG,Asia/Jakarta,Follow Up
317,d55ee942c86c286f05dc71850a615d24,Online,2024-04-26T02:21:26.351Z,MENTENG,Asia/Jakarta,Warm
318,c414996199deee24f815984e75cc7ff0,Online,2024-05-06T15:16:52.654Z,KUNINGAN,Asia/Jakarta,Fresh
319,c414996199deee24f815984e75cc7ff0,Online,2024-05-06T15:16:52.654Z,KUNINGAN,Asia/Jakarta,Fresh
320,61fa011777e0b43c8d9bbb95ab524909,Online,2024-04-20T05:08:33.841Z,TEBET,Asia/Jakarta,Warm
321,61fa011777e0b43c8d9bbb95ab524909,Online,2024-04-20T05:08:33.841Z,TEBET,Asia/Jakarta,Warm
322,61fa011777e0b43c8d9bbb95ab524909,Online,2024-04-20T05:08:33.841Z,TEBET,Asia/Jakarta,Warm
323,61fa011777e0b43c8d9bbb95ab524909,Online,2024-04-20T05:08:33.841Z,TEBET,Asia/Jakarta,Fresh
324,7059517b37ca24f3af1d3449c9fb9949,Online,2024-02-13T20:54:55.214Z,MENTENG,Asia/Jakarta,Appointment
325,7059517b37ca24f3af1d3449c9fb9949,Online,2024-02-13T20:54:55.214Z,MENTENG,Asia/Jakarta,Deal
326,3777b54c1daa2f3228f362a609396b3c,Offline,2023-09-25T07:08:11.591Z,KEMANG,Asia/Jakarta,Lost
327,43caf72a0a465cc0be2c71eb953a5c51,Offline,2024-08-03T19:55:40.204Z,CIPUTAT,Asia/Jakarta,Lost
328,43caf72a0a465cc0be2c71eb953a5c51,Offline,2024-08-03T19:55:40.204Z,CIPUTAT,Asia/Jakarta,Appointment
329,bfc827cc1eb1405893274fcb78e3d286,Online,2024-03-30T22:00:47.445Z,ADITYAWARMAN,Asia/Jakarta,Warm
330,e973e21b56c3a39b4f0de3936acc363a,Online,2024-08-11T03:30:46.012Z,MENTENG,Asia/Jakarta,Appointment
331,e973e21b56c3a39b4f0de3936acc363a,Online,2024-08-11T03:30:46.012Z,MENTENG,Asia/Jakarta,Fresh
332,3bec7b843b820302ee4ca3d805951b8b,Online,2024-04-25T11:25:32.301Z,PONDOK INDAH,Asia/Jakarta,Fresh
333,b793b448342c6fef4e850deb6751f29b,Online,2023-09-14T05:02:10.553Z,PASAR MINGGU,Asia/Jakarta,Appointment
334,b793b448342c6fef4e850deb6751f29b,Online,2023-09-14T05:02:10.553Z,PASAR MINGGU,Asia/Jakarta,Warm
335,1c4c8c85282c524d8e627d395c77bb29,Online,2024-01-25T13:51:24.139Z,GAJAH MADA,Asia/Jakarta,Warm
336,1c4c8c85282c524d8e627d395c77bb29,Online,2024-01-25T13:51:24.139Z,GAJAH MADA,Asia/Jakarta,Warm
337,2ac3b8c98088bf22aad3eb8f630f6686,Online,2024-01-04T00:31:25.139Z,CIKARANG,Asia/Jakarta,Fresh
338,6858be97f2b68bcce7cbd1f92e7285ed,Online,2024-03-18T14:01:20.141Z,SUDIRMAN,Asia/Jakarta,Warm
339,cc80fd79e5a6af18f17ca2063bea51ab,Online,2023-11-14T23:45:16.025Z,CIKARANG,Asia/Jakarta,Fresh
340,e1526676e198486fcda0698e78355b66,Offline,2024-02-03T01:42:23.766Z,KELAPA GADING,Asia/Jakarta,Appointment
341,e1526676e198486fcda0698e78355b66,Offline,2024-02-03T01:42:23.766Z,KELAPA GADING,Asia/Jakarta,Warm
342,a033a490e6c7fbce9415a6ec22cbfa10,Offline,2024-02-22T08:09:32.391Z,CIKINI,Asia/Jakarta,Fresh
343,a033a490e6c7fbce9415a6ec22cbfa10,Offline,2024-02-22T08:09:32.391Z,CIKINI,Asia/Jakarta,Warm
344,a033a490e6c7fbce9415a6ec22cbfa10,Offline,2024-02-22T08:09:32.391Z,CIKINI,Asia/Jakarta,Fresh
345,59677f6c44a9c757585cf86a25e93db7,Online,2023-12-19T09:45:51.040Z,KEMANG,Asia/Jakarta,Fresh
346,becd855a1678fc24f4f0f3d788178869,Online,2023-09-02T09:33:34.163Z,PANCORAN,Asia/Jakarta,Warm
347,3bec7b843b820302ee4ca3d805951b8b,Online,2024-04-25T11:25:32.301Z,PONDOK INDAH,Asia/Jakarta,Maybe
348,3bec7b843b820302ee4ca3d805951b8b,Online,2024-04-25T11:25:32.301Z,PONDOK INDAH,Asia/Jakarta,Follow Up
349,14069ab663228d564d20a2eaf22cdebe,Online,2024-02-24T11:15:44.521Z,BINTARO,Asia/Jakarta,Deal
350,14069ab663228d564d20a2eaf22cdebe,Online,2024-02-24T11:15:44.521Z,BINTARO,Asia/Jakarta,Fresh
351,14069ab663228d564d20a2eaf22cdebe,Online,2024-02-24T11:15:44.521Z,BINTARO,Asia/Jakarta,Fresh
352,79f1970b2742d8d5225cc605c8c77427,Online,2024-01-09T23:43:37.758Z,CILANDAK,Asia/Jakarta,Appointment
353,f8785defaeb411c53faca21011dc76f9,Online,2024-08-23T22:30:05.290Z,TEBET,Asia/Jakarta,Warm
354,f8785defaeb411c53faca21011dc76f9,Online,2024-08-23T22:30:05.290Z,TEBET,Asia/Jakarta,Fresh
355,f8785defaeb411c53faca21011dc76f9,Online,2024-08-23T22:30:05.290Z,TEBET,Asia/Jakarta,No Response
356,b58181402376eec83c2735b635c0055d,Offline,2024-02-15T01:46:17.092Z,MENTENG,Asia/Jakarta,Fresh
357,b58181402376eec83c2735b635c0055d,Offline,2024-02-15T01:46:17.092Z,MENTENG,Asia/Jakarta,Appointment
358,42c2fa0f2b412e4fe039388f45810ae0,Online,2024-04-15T15:31:31.691Z,KEMANG,Asia/Jakarta,Maybe
359,42c2fa0f2b412e4fe039388f45810ae0,Online,2024-04-15T15:31:31.691Z,KEMANG,Asia/Jakarta,Warm
360,42c2fa0f2b412e4fe039388f45810ae0,Online,2024-04-15T15:31:31.691Z,KEMANG,Asia/Jakarta,Fresh
361,482911bead25526dbec9f53d32f03b3e,Online,2024-07-12T03:57:51.221Z,SENAYAN,Asia/Jakarta,Follow Up
362,482911bead25526dbec9f53d32f03b3e,Online,2024-07-12T03:57:51.221Z,SENAYAN,Asia/Jakarta,Fresh
363,482911bead25526dbec9f53d32f03b3e,Online,2024-07-12T03:57:51.221Z,SENAYAN,Asia/Jakarta,Fresh
364,f8fb2b6e40e3a66eee926ec2c46344e7,Online,2024-06-30T20:32:59.896Z,BOGOR,Asia/Jakarta,Fresh
365,f8fb2b6e40e3a66eee926ec2c46344e7,Online,2024-06-30T20:32:59.896Z,BOGOR,Asia/Jakarta,Warm
366,7e7e34bf642b6406edf2a36e77f75a28,Online,2024-06-03T17:49:08.195Z,PANCORAN,Asia/Jakarta,Warm
367,209a752b4c370888e46cf0feb64e5524,Online,2023-11-26T20:24:50.906Z,SUDIRMAN,Asia/Jakarta,Warm
368,a033a490e6c7fbce9415a6ec22cbfa10,Offline,2024-02-22T08:09:32.391Z,CIKINI,Asia/Jakarta,Warm
369,a033a490e6c7fbce9415a6ec22cbfa10,Offline,2024-02-22T08:09:32.391Z,CIKINI,Asia/Jakarta,Lost
370,a033a490e6c7fbce9415a6ec22cbfa10,Offline,2024-02-22T08:09:32.391Z,CIKINI,Asia/Jakarta,Maybe
371,5f5960d211e7cfcb3e2ec6191d1c9de5,Online,2024-01-25T15:45:24.136Z,GADING SERPONG,Asia/Jakarta,Warm
372,12ced4738480081e6033654eaabe7f3f,Online,2023-09-30T15:04:25.630Z,PONDOK INDAH,Asia/Jakarta,Lost
373,27e15e6d270f13e7f96d49225611c087,Online,2024-07-05T04:47:20.827Z,BSD,Asia/Jakarta,Deal
374,4189e0cd3686835701033e4e23a00bb8,Offline,2023-11-26T17:40:07.031Z,PLUIT,Asia/Jakarta,Warm
375,a8294a5b56f551150d041747ca5278bb,Online,2024-07-03T14:24:01.864Z,SERPONG,Asia/Jakarta,Warm
376,d0189449d57cd8dfaa05a4e7960febc6,Online,2023-10-24T06:43:56.352Z,GAJAH MADA,Asia/Jakarta,Fresh
377,1dada3d360e94162315e4e327e876e0d,Online,2023-12-07T11:33:46.618Z,KELAPA GADING,Asia/Jakarta,Warm
378,a7558e401df39a2c5a7be64a22c5a9d1,Online,2023-11-28T15:08:43.321Z,PONDOK INDAH,Asia/Jakarta,Warm
379,7ec424ebe7a1829e86507eee15ab2b1b,Online,2023-10-04T03:06:52.536Z,BSD,Asia/Jakarta,Follow Up
380,2fdec7d1801d992b028744c24653d97c,Online,2024-01-18T09:31:13.895Z,KELAPA GADING,Asia/Jakarta,Maybe
381,47e1fbdd998758a8db2cdbbf5cb35353,Offline,2023-12-10T14:17:44.261Z,PLUIT,Asia/Jakarta,Follow Up
382,304e8a26e9d281503ffac2299d2bf0c3,Online,2023-11-30T21:12:43.043Z,ALAM SUTERA,Asia/Jakarta,Appointment
383,7ca2384b03e087347a8e2035b0a7b905,Online,2024-06-01T18:49:05.066Z,DEPOK,Asia/Jakarta,Deal
384,7ca2384b03e087347a8e2035b0a7b905,Online,2024-06-01T18:49:05.066Z,DEPOK,Asia/Jakarta,Lost
385,6e98f1341558e9eee415c95f96d2d37f,Online,2024-01-21T21:28:29.795Z,BSD,Asia/Jakarta,Follow Up
386,c1265ec31a1e73447cb99c243554f2a7,Online,2023-12-24T12:28:38.158Z,CIKARANG,Asia/Jakarta,Appointment
387,c1265ec31a1e73447cb99c243554f2a7,Online,2023-12-24T12:28:38.158Z,CIKARANG,Asia/Jakarta,Maybe
388,99df3683197e1180b721f43a1082d621,Online,2024-03-04T17:37:25.760Z,BENHIL,Asia/Jakarta,Lost
389,7ec424ebe7a1829e86507eee15ab2b1b,Online,2023-10-04T03:06:52.536Z,BSD,Asia/Jakarta,Maybe
390,be45e924acf59735bfe2b7527f0b3171,Online,2024-04-18T20:43:01.160Z,BENHIL,Asia/Jakarta,Lost
391,d059772a582b526754dc78569e557cd2,Online,2024-03-15T15:33:03.940Z,TANGERANG,Asia/Jakarta,Fresh
392,d059772a582b526754dc78569e557cd2,Online,2024-03-15T15:33:03.940Z,TANGERANG,Asia/Jakarta,Lost
393,d059772a582b526754dc78569e557cd2,Online,2024-03-15T15:33:03.940Z,TANGERANG,Asia/Jakarta,Warm
394,9121d0a483c261ce3c76a71ee0ab7852,Offline,2023-10-01T20:04:09.377Z,CIKARANG,Asia/Jakarta,No Response
395,206ec4bbca7330b0507e808d11d6f990,Online,2024-05-13T07:09:43.597Z,PANCORAN,Asia/Jakarta,Warm
396,6e98f1341558e9eee415c95f96d2d37f,Online,2024-01-21T21:28:29.795Z,BSD,Asia/Jakarta,Warm
397,6e98f1341558e9eee415c95f96d2d37f,Online,2024-01-21T21:28:29.795Z,BSD,Asia/Jakarta,Lost
398,a7de30c8121f36d81d0012c14f656b46,Online,2024-02-14T10:07:55.634Z,PANCORAN,Asia/Jakarta,Maybe
399,bd4049e57a8e284c5bab054a39a66561,Offline,2024-03-04T10:11:41.331Z,PASAR MINGGU,Asia/Jakarta,Fresh
400,30b27bfe2398ef4de26787dc8e27aa0a,Offline,2023-12-22T16:08:35.069Z,CIPUTAT,Asia/Jakarta,Fresh
401,e69faa39ad684661340743252bfa99ef,Online,2023-09-06T16:38:44.068Z,BSD,Asia/Jakarta,Lost
402,e69faa39ad684661340743252bfa99ef,Online,2023-09-06T16:38:44.068Z,BSD,Asia/Jakarta,Follow Up
403,18ce257d45c1f8f306d140dd5e1cb0ca,Online,2023-11-17T21:18:46.197Z,KELAPA GADING,Asia/Jakarta,Fresh
404,18ce257d45c1f8f306d140dd5e1cb0ca,Online,2023-11-17T21:18:46.197Z,KELAPA GADING,Asia/Jakarta,Appointment
405,cc80fd79e5a6af18f17ca2063bea51ab,Online,2023-11-14T23:45:16.025Z,CIKARANG,Asia/Jakarta,Follow Up
406,cc80fd79e5a6af18f17ca2063bea51ab,Online,2023-11-14T23:45:16.025Z,CIKARANG,Asia/Jakarta,Appointment
407,8c3424da2eb3e20a74e16288041ab646,Online,2024-03-24T15:52:57.622Z,TEBET,Asia/Jakarta,Deal
408,f89e3702310d427a6b525f65e9b0cf67,Offline,2023-10-28T13:01:25.043Z,CILANDAK,Asia/Jakarta,Deal
409,e1ca2efba134d80de9f1a7916ab12def,Online,2024-06-19T07:17:53.676Z,SENAYAN,Asia/Jakarta,Fresh
410,3111376af0c170aa54570aa0dda3c1f2,Offline,2023-09-05T18:03:38.413Z,ADITYAWARMAN,Asia/Jakarta,Fresh
411,0786dced28ee8eae3d6b8aefecc2738f,Online,2023-09-29T21:19:26.194Z,SENAYAN,Asia/Jakarta,Fresh
412,3777b54c1daa2f3228f362a609396b3c,Offline,2023-09-25T07:08:11.591Z,KEMANG,Asia/Jakarta,Lost
413,3777b54c1daa2f3228f362a609396b3c,Offline,2023-09-25T07:08:11.591Z,KEMANG,Asia/Jakarta,Lost
414,3777b54c1daa2f3228f362a609396b3c,Offline,2023-09-25T07:08:11.591Z,KEMANG,Asia/Jakarta,Fresh
415,3777b54c1daa2f3228f362a609396b3c,Offline,2023-09-25T07:08:11.591Z,KEMANG,Asia/Jakarta,Follow Up
416,2a9d2a0f1052b6cedb0235a852e55cba,Online,2024-04-24T22:19:33.495Z,THAMRIN,Asia/Jakarta,Deal
417,2a9d2a0f1052b6cedb0235a852e55cba,Online,2024-04-24T22:19:33.495Z,THAMRIN,Asia/Jakarta,Maybe
418,2a9d2a0f1052b6cedb0235a852e55cba,Online,2024-04-24T22:19:33.495Z,THAMRIN,Asia/Jakarta,Maybe
419,2fdb31bcd80b0e0044bc6be91529deaa,Online,2023-12-03T09:50:27.591Z,TEBET,Asia/Jakarta,Lost
420,71621c4db461798f1d746f234de25162,Online,2024-08-19T22:34:45.601Z,PIK,Asia/Jakarta,No Response
421,9aca3e733662d41c483085765740741e,Online,2024-03-13T20:47:16.525Z,SETIABUDI,Asia/Jakarta,Warm
422,93c822d1f3db6087a541a6d7624bb505,Online,2023-11-17T15:03:54.277Z,BINTARO,Asia/Jakarta,Follow Up
423,303528c5028f6575de2382c005913003,Online,2024-02-19T06:10:05.069Z,CIKARANG,Asia/Jakarta,No Response
424,224204a2de9b570c10bbd4925cda0791,Online,2023-10-27T02:18:18.147Z,BEKASI,Asia/Jakarta,Maybe
425,224204a2de9b570c10bbd4925cda0791,Online,2023-10-27T02:18:18.147Z,BEKASI,Asia/Jakarta,Deal
426,f126b8e19970f2e2133bbb44309d2564,Online,2024-04-21T02:24:51.491Z,THAMRIN,Asia/Jakarta,Warm
427,f126b8e19970f2e2133bbb44309d2564,Online,2024-04-21T02:24:51.491Z,THAMRIN,Asia/Jakarta,Lost
428,ad2ca3119d04819c48a04f99c05f0546,Online,2024-06-18T23:40:40.400Z,CIKARANG,Asia/Jakarta,Warm
429,ad2ca3119d04819c48a04f99c05f0546,Online,2024-06-18T23:40:40.400Z,CIKARANG,Asia/Jakarta,Warm
430,ec618885c3a1a0fca203ea7f547bcdaa,Online,2024-05-06T18:34:04.916Z,THAMRIN,Asia/Jakarta,Maybe
431,b4091b36606720eafebb34af3bcf09d8,Online,2024-07-04T13:38:14.237Z,BSD,Asia/Jakarta,Fresh
432,b4091b36606720eafebb34af3bcf09d8,Online,2024-07-04T13:38:14.237Z,BSD,Asia/Jakarta,Deal
433,b4091b36606720eafebb34af3bcf09d8,Online,2024-07-04T13:38:14.237Z,BSD,Asia/Jakarta,Fresh
434,fec2dc4cb89143c60366af24cbee9515,Online,2024-02-20T23:49:27.906Z,CIPUTAT,Asia/Jakarta,Appointment
435,44d7d9f1e8d640d2369e75bc7a2a04c2,Offline,2024-03-09T03:11:21.804Z,BEKASI,Asia/Jakarta,Follow Up
436,44d7d9f1e8d640d2369e75bc7a2a04c2,Offline,2024-03-09T03:11:21.804Z,BEKASI,Asia/Jakarta,Warm
437,44d7d9f1e8d640d2369e75bc7a2a04c2,Offline,2024-03-09T03:11:21.804Z,BEKASI,Asia/Jakarta,Lost
438,a043bae1603803a839c0cb52f511d9cb,Online,2024-08-24T04:24:57.387Z,BENHIL,Asia/Jakarta,Lost
439,b206bf2dee568b1ee99f0b5767d4722c,Offline,2024-08-29T17:56:40.521Z,BENHIL,Asia/Jakarta,Warm
440,512745aeb7c8191674d7b762c9143699,Offline,2024-05-02T07:41:00.812Z,BINTARO,Asia/Jakarta,Lost
441,512745aeb7c8191674d7b762c9143699,Offline,2024-05-02T07:41:00.812Z,BINTARO,Asia/Jakarta,Appointment
442,224204a2de9b570c10bbd4925cda0791,Online,2023-10-27T02:18:18.147Z,BEKASI,Asia/Jakarta,Fresh
443,224204a2de9b570c10bbd4925cda0791,Online,2023-10-27T02:18:18.147Z,BEKASI,Asia/Jakarta,Maybe
444,224204a2de9b570c10bbd4925cda0791,Online,2023-10-27T02:18:18.147Z,BEKASI,Asia/Jakarta,Maybe
445,0d1dd9878ce7ca57201e5b8237782546,Online,2024-04-20T04:42:00.053Z,DEPOK,Asia/Jakarta,Appointment
446,adadc16800276c9d1803de701ee90e5f,Online,2024-06-19T03:31:11.840Z,BSD,Asia/Jakarta,Fresh
447,2244c5fb797206d6d76da949b7265baf,Offline,2024-01-05T13:28:47.385Z,PIK,Asia/Jakarta,Warm
448,303528c5028f6575de2382c005913003,Online,2024-02-19T06:10:05.069Z,CIKARANG,Asia/Jakarta,Appointment
449,b5f631878f066f1541fa3bace0fbe0d2,Online,2024-03-20T09:54:27.159Z,SENAYAN,Asia/Jakarta,Appointment
450,4db4c0d1dbdb83cc4ae6ff58049cddeb,Online,2024-06-20T06:06:50.602Z,SETIABUDI,Asia/Jakarta,Appointment
451,bfc827cc1eb1405893274fcb78e3d286,Online,2024-03-30T22:00:47.445Z,ADITYAWARMAN,Asia/Jakarta,Warm
452,cc419939df4949460cdb23982bb39dae,Online,2024-08-28T15:15:03.276Z,KEMANG,Asia/Jakarta,Fresh
453,20f9c7e9b662bedec3cb78e127885c7d,Offline,2024-02-13T17:30:43.850Z,PASAR MINGGU,Asia/Jakarta,Warm
454,9bf539715bea8dd25d2ee54e3739fcf8,Online,2024-04-22T13:45:04.857Z,PONDOK INDAH,Asia/Jakarta,Warm
455,b702342ef2f014fabedb1ff9bbabb2af,Online,2024-06-04T10:38:08.712Z,SENAYAN,Asia/Jakarta,Warm
456,b702342ef2f014fabedb1ff9bbabb2af,Online,2024-06-04T10:38:08.712Z,SENAYAN,Asia/Jakarta,Fresh
457,b702342ef2f014fabedb1ff9bbabb2af,Online,2024-06-04T10:38:08.712Z,SENAYAN,Asia/Jakarta,Fresh
458,27731e8ff647e7353c559c24b07bb270,Online,2024-02-16T16:14:17.484Z,DEPOK,Asia/Jakarta,Lost
459,4db4c0d1dbdb83cc4ae6ff58049cddeb,Online,2024-06-20T06:06:50.602Z,SETIABUDI,Asia/Jakarta,Appointment
460,024d3c362f19c6a6576767a1919febff,Online,2023-09-22T07:52:46.753Z,KEMANG,Asia/Jakarta,Fresh
461,024d3c362f19c6a6576767a1919febff,Online,2023-09-22T07:52:46.753Z,KEMANG,Asia/Jakarta,Deal
462,3d53c156141d332936bf1c7509f2dc4c,Online,2024-06-28T11:57:16.362Z,SUDIRMAN,Asia/Jakarta,Warm
463,01b808a5759555c9ec68a8b8f2d5bba2,Offline,2023-11-16T05:58:04.095Z,PLUIT,Asia/Jakarta,Lost
464,49eb74c699f69cdadacbacd182c9a929,Online,2024-06-26T22:21:11.512Z,CILANDAK,Asia/Jakarta,Maybe
465,cc4cc8256f5a10bf7ce0d45b6d5e06e6,Online,2023-09-29T16:06:21.013Z,CILANDAK,Asia/Jakarta,Warm
466,cc4cc8256f5a10bf7ce0d45b6d5e06e6,Online,2023-09-29T16:06:21.013Z,CILANDAK,Asia/Jakarta,Warm
467,cc4cc8256f5a10bf7ce0d45b6d5e06e6,Online,2023-09-29T16:06:21.013Z,CILANDAK,Asia/Jakarta,Deal
468,ac339188f52bb17bcf0f76a6a590e81a,Online,2024-06-26T03:56:42.076Z,PLUIT,Asia/Jakarta,Fresh
469,12c8c578700ae6a1b42616c8f50429b8,Online,2024-03-01T10:33:59.054Z,BINTARO,Asia/Jakarta,Lost
470,c29d43d92058d87efa9886ead776a133,Online,2024-04-24T08:56:50.796Z,CIKARANG,Asia/Jakarta,Warm
471,c29d43d92058d87efa9886ead776a133,Online,2024-04-24T08:56:50.796Z,CIKARANG,Asia/Jakarta,No Response
472,c29d43d92058d87efa9886ead776a133,Online,2024-04-24T08:56:50.796Z,CIKARANG,Asia/Jakarta,Fresh
473,d59c0b7cd06b5bc7c5ec31f4a6060a76,Online,2024-06-16T00:52:59.616Z,CIKARANG,Asia/Jakarta,Appointment
474,3777b54c1daa2f3228f362a609396b3c,Offline,2023-09-25T07:08:11.591Z,KEMANG,Asia/Jakarta,Warm
475,3777b54c1daa2f3228f362a609396b3c,Offline,2023-09-25T07:08:11.591Z,KEMANG,Asia/Jakarta,Warm
476,875299d38685f9b17b2bffc71e17bf1a,Offline,2023-12-31T08:42:30.627Z,ADITYAWARMAN,Asia/Jakarta,Fresh
477,5addd4740a6eef8eeed007415b60638e,Online,2024-08-20T14:47:37.499Z,GAJAH MADA,Asia/Jakarta,Maybe
478,5addd4740a6eef8eeed007415b60638e,Online,2024-08-20T14:47:37.499Z,GAJAH MADA,Asia/Jakarta,Maybe
479,5addd4740a6eef8eeed007415b60638e,Online,2024-08-20T14:47:37.499Z,GAJAH MADA,Asia/Jakarta,Deal
480,5addd4740a6eef8eeed007415b60638e,Online,2024-08-20T14:47:37.499Z,GAJAH MADA,Asia/Jakarta,Fresh
481,43caf72a0a465cc0be2c71eb953a5c51,Offline,2024-08-03T19:55:40.204Z,CIPUTAT,Asia/Jakarta,Appointment
482,c2666708bfec800b3e418410f7886a2f,Online,2024-06-18T07:35:02.192Z,SUDIRMAN,Asia/Jakarta,Deal
483,cea506067f009fe81674cef8b2e33d4b,Offline,2024-07-31T17:22:43.230Z,GAJAH MADA,Asia/Jakarta,Fresh
484,b5f631878f066f1541fa3bace0fbe0d2,Online,2024-03-20T09:54:27.159Z,SENAYAN,Asia/Jakarta,Fresh
485,2389fc43483c48a00f730d66e10dc81a,Offline,2024-01-09T00:56:38.843Z,BOGOR,Asia/Jakarta,Maybe
486,3191c39a46b73c046fc4ec245509a08d,Offline,2024-02-11T21:53:41.352Z,THAMRIN,Asia/Jakarta,Lost
487,38c461a3f5fc86e707d4f0e79d65a980,Offline,2024-04-06T16:18:02.071Z,KELAPA GADING,Asia/Jakarta,Lost
488,482911bead25526dbec9f53d32f03b3e,Online,2024-07-12T03:57:51.221Z,SENAYAN,Asia/Jakarta,Follow Up
489,02d5cecd26b065930ba2224fc6eb76c9,Online,2023-10-11T06:08:48.080Z,SUDIRMAN,Asia/Jakarta,Deal
490,7b7b8a6e170d7e8cd0c62a235a16d5c8,Online,2023-10-11T17:44:50.703Z,PIK,Asia/Jakarta,Lost
491,7b7b8a6e170d7e8cd0c62a235a16d5c8,Online,2023-10-11T17:44:50.703Z,PIK,Asia/Jakarta,Fresh
492,6c69551efc586d77d7e248572e6af6a9,Online,2024-04-28T18:04:33.515Z,BENHIL,Asia/Jakarta,Warm
493,adadc16800276c9d1803de701ee90e5f,Online,2024-06-19T03:31:11.840Z,BSD,Asia/Jakarta,Fresh
494,c162429b621241498c1bfe9dd1d7d69f,Online,2024-05-26T05:22:05.539Z,KEMANG,Asia/Jakarta,Warm
495,a9c9b1e1c41c76a7826c8f2aecb5f881,Online,2024-04-19T17:13:35.403Z,SETIABUDI,Asia/Jakarta,Fresh
496,a9c9b1e1c41c76a7826c8f2aecb5f881,Online,2024-04-19T17:13:35.403Z,SETIABUDI,Asia/Jakarta,Maybe
497,a9c9b1e1c41c76a7826c8f2aecb5f881,Online,2024-04-19T17:13:35.403Z,SETIABUDI,Asia/Jakarta,Lost
498,a9c9b1e1c41c76a7826c8f2aecb5f881,Online,2024-04-19T17:13:35.403Z,SETIABUDI,Asia/Jakarta,Follow Up
499,8e3b36a45c17ff134eee52db9fa0d4af,Online,2023-10-15T19:52:23.911Z,KEMANG,Asia/Jakarta,Maybe
500,e97fa7955927176b3016bf7f88d641dc,Offline,2024-04-10T00:04:04.377Z,PASAR MINGGU,Asia/Jakarta,Deal
501,b2435ad84e0ad052f27b81fb2058605e,Offline,2023-09-16T11:50:49.920Z,MENTENG,Asia/Jakarta,Deal
502,b2435ad84e0ad052f27b81fb2058605e,Offline,2023-09-16T11:50:49.920Z,MENTENG,Asia/Jakarta,Fresh
503,fe2f88a4efcfacbe5170a109355938cc,Online,2023-10-03T11:06:39.551Z,TANGERANG,Asia/Jakarta,Lost
504,fe2f88a4efcfacbe5170a109355938cc,Online,2023-10-03T11:06:39.551Z,TANGERANG,Asia/Jakarta,Warm
505,fe2f88a4efcfacbe5170a109355938cc,Online,2023-10-03T11:06:39.551Z,TANGERANG,Asia/Jakarta,Follow Up
506,fe2f88a4efcfacbe5170a109355938cc,Online,2023-10-03T11:06:39.551Z,TANGERANG,Asia/Jakarta,Follow Up
507,6f98b9fda73ac4098320302fc5698b11,Online,2024-07-19T05:58:06.572Z,PASAR MINGGU,Asia/Jakarta,Deal
508,209a752b4c370888e46cf0feb64e5524,Online,2023-11-26T20:24:50.906Z,SUDIRMAN,Asia/Jakarta,Fresh
509,9503c106f9fc0b905fe68bc18aeff59e,Offline,2024-01-18T11:44:45.354Z,BEKASI,Asia/Jakarta,Follow Up
510,9503c106f9fc0b905fe68bc18aeff59e,Offline,2024-01-18T11:44:45.354Z,BEKASI,Asia/Jakarta,Fresh
511,9a277560f6cd4674d26e03c1805307aa,Online,2024-03-12T00:50:44.828Z,KEMANG,Asia/Jakarta,Warm
512,35b59b592fdcf820090759c52cd02b21,Online,2024-01-20T17:01:11.983Z,BENHIL,Asia/Jakarta,Fresh
513,2b488b91baf7bef4958f5298a729bf00,Online,2023-10-16T19:08:50.755Z,TANGERANG,Asia/Jakarta,Fresh
514,2b488b91baf7bef4958f5298a729bf00,Online,2023-10-16T19:08:50.755Z,TANGERANG,Asia/Jakarta,Fresh
515,7f6181573c3dfe3eaa9c516827e32726,Offline,2024-06-03T06:33:34.952Z,TEBET,Asia/Jakarta,Lost
516,bd4049e57a8e284c5bab054a39a66561,Offline,2024-03-04T10:11:41.331Z,PASAR MINGGU,Asia/Jakarta,Appointment
517,868ed952960d3df56ccb0eb95c9dc372,Online,2024-08-29T04:24:19.367Z,SETIABUDI,Asia/Jakarta,Fresh
518,868ed952960d3df56ccb0eb95c9dc372,Online,2024-08-29T04:24:19.367Z,SETIABUDI,Asia/Jakarta,Appointment
519,868ed952960d3df56ccb0eb95c9dc372,Online,2024-08-29T04:24:19.367Z,SETIABUDI,Asia/Jakarta,Follow Up
520,868ed952960d3df56ccb0eb95c9dc372,Online,2024-08-29T04:24:19.367Z,SETIABUDI,Asia/Jakarta,Deal
521,81dbdeef9e1c0ea4f3712e5e3e67e73f,Offline,2024-05-21T07:43:22.104Z,BENHIL,Asia/Jakarta,Appointment
522,81dbdeef9e1c0ea4f3712e5e3e67e73f,Offline,2024-05-21T07:43:22.104Z,BENHIL,Asia/Jakarta,Maybe
523,81dbdeef9e1c0ea4f3712e5e3e67e73f,Offline,2024-05-21T07:43:22.104Z,BENHIL,Asia/Jakarta,Warm
524,81dbdeef9e1c0ea4f3712e5e3e67e73f,Offline,2024-05-21T07:43:22.104Z,BENHIL,Asia/Jakarta,Warm
525,4fc4e80bed04ba26d42bf46228bec1d1,Online,2024-04-06T09:48:25.955Z,PONDOK INDAH,Asia/Jakarta,Deal
526,21f0e0c612fe352eb1c7b2bda36ae9bd,Online,2023-12-02T09:29:52.060Z,BINTARO,Asia/Jakarta,Warm
527,21f0e0c612fe352eb1c7b2bda36ae9bd,Online,2023-12-02T09:29:52.060Z,BINTARO,Asia/Jakarta,Fresh
528,4fc4e80bed04ba26d42bf46228bec1d1,Online,2024-04-06T09:48:25.955Z,PONDOK INDAH,Asia/Jakarta,Warm
529,4fc4e80bed04ba26d42bf46228bec1d1,Online,2024-04-06T09:48:25.955Z,PONDOK INDAH,Asia/Jakarta,Lost
530,78b1a52d76c3c5815c5a2c63c667dc50,Online,2023-09-04T20:43:43.734Z,DEPOK,Asia/Jakarta,Fresh
531,960d23c5eb40f1b7cba7c13b49786b5b,Online,2023-12-07T15:15:07.236Z,KEMANG,Asia/Jakarta,Warm
532,960d23c5eb40f1b7cba7c13b49786b5b,Online,2023-12-07T15:15:07.236Z,KEMANG,Asia/Jakarta,Fresh
533,d92817080d4d65d248389498e9efa063,Offline,2023-09-24T01:34:23.142Z,THAMRIN,Asia/Jakarta,No Response
534,d92817080d4d65d248389498e9efa063,Offline,2023-09-24T01:34:23.142Z,THAMRIN,Asia/Jakarta,Warm
535,d92817080d4d65d248389498e9efa063,Offline,2023-09-24T01:34:23.142Z,THAMRIN,Asia/Jakarta,Deal
536,d92817080d4d65d248389498e9efa063,Offline,2023-09-24T01:34:23.142Z,THAMRIN,Asia/Jakarta,Fresh
537,13be5f04815d02e4421150340961c7eb,Offline,2023-10-20T05:38:59.716Z,PIK,Asia/Jakarta,Follow Up
538,13be5f04815d02e4421150340961c7eb,Offline,2023-10-20T05:38:59.716Z,PIK,Asia/Jakarta,Fresh
539,9c1299f11ccdee4a97269a66eb07455c,Online,2024-07-24T07:53:57.503Z,TANGERANG,Asia/Jakarta,Deal
540,9c1299f11ccdee4a97269a66eb07455c,Online,2024-07-24T07:53:57.503Z,TANGERANG,Asia/Jakarta,Fresh
541,4efd6dfd132537ad5f5b2eaa38fc3091,Online,2024-08-23T23:29:16.722Z,ALAM SUTERA,Asia/Jakarta,Warm
542,4efd6dfd132537ad5f5b2eaa38fc3091,Online,2024-08-23T23:29:16.722Z,ALAM SUTERA,Asia/Jakarta,Warm
543,6aa1f3bded7458d3e58156f71ed8481b,Offline,2023-09-14T22:18:39.240Z,BSD,Asia/Jakarta,Fresh
544,f44ffcbb778eb498e65c20f1eab3d484,Online,2024-06-14T17:36:15.600Z,KUNINGAN,Asia/Jakarta,Warm
545,f44ffcbb778eb498e65c20f1eab3d484,Online,2024-06-14T17:36:15.600Z,KUNINGAN,Asia/Jakarta,Lost
546,ea10fc1092a0e3888ef1222f8acdd5fa,Online,2023-10-28T04:59:01.528Z,CIKINI,Asia/Jakarta,Follow Up
547,ef25297cbfe6496052d9c8a3deeb9324,Online,2024-03-26T03:51:13.616Z,TANGERANG,Asia/Jakarta,Deal
548,028e1cb39bf3212bfcffab8442bb253f,Offline,2023-12-01T22:32:28.809Z,TEBET,Asia/Jakarta,Deal
549,27c4b7cd512e27fc37a3b5ac1264bc86,Online,2024-03-03T07:29:43.268Z,SENAYAN,Asia/Jakarta,Fresh
550,867245f9e2c0176963851a9843f03fcc,Online,2023-10-17T14:20:06.007Z,TEBET,Asia/Jakarta,Warm
551,e69da9e5f12613736fd45a8e41ebe67c,Online,2024-04-09T18:52:08.607Z,SUDIRMAN,Asia/Jakarta,Appointment
552,e69da9e5f12613736fd45a8e41ebe67c,Online,2024-04-09T18:52:08.607Z,SUDIRMAN,Asia/Jakarta,Lost
553,f0484e9f062dccf3ca63d1f4e1bf27ac,Online,2023-10-16T13:14:26.533Z,KELAPA GADING,Asia/Jakarta,Lost
554,f0484e9f062dccf3ca63d1f4e1bf27ac,Online,2023-10-16T13:14:26.533Z,KELAPA GADING,Asia/Jakarta,Follow Up
555,1bdbfe38cefafb4a53f5e2e90028b761,Offline,2024-05-10T22:14:36.079Z,SETIABUDI,Asia/Jakarta,Warm
556,469ba65475412a11f41ca549a96f977c,Online,2024-07-09T00:29:34.000Z,DEPOK,Asia/Jakarta,Warm
557,469ba65475412a11f41ca549a96f977c,Online,2024-07-09T00:29:34.000Z,DEPOK,Asia/Jakarta,Lost
558,1c4bd9b96ccf263b9e5f26b427873665,Offline,2024-01-31T18:28:51.242Z,ADITYAWARMAN,Asia/Jakarta,Warm
559,21f0e0c612fe352eb1c7b2bda36ae9bd,Online,2023-12-02T09:29:52.060Z,BINTARO,Asia/Jakarta,Fresh
560,b7a010a92266f7b4943e416fb606df91,Online,2024-03-04T09:50:31.320Z,GADING SERPONG,Asia/Jakarta,No Response
561,cc419939df4949460cdb23982bb39dae,Online,2024-08-28T15:15:03.276Z,KEMANG,Asia/Jakarta,No Response
562,cc419939df4949460cdb23982bb39dae,Online,2024-08-28T15:15:03.276Z,KEMANG,Asia/Jakarta,Warm
563,cc419939df4949460cdb23982bb39dae,Online,2024-08-28T15:15:03.276Z,KEMANG,Asia/Jakarta,Warm
564,5addd4740a6eef8eeed007415b60638e,Online,2024-08-20T14:47:37.499Z,GAJAH MADA,Asia/Jakarta,Fresh
565,5addd4740a6eef8eeed007415b60638e,Online,2024-08-20T14:47:37.499Z,GAJAH MADA,Asia/Jakarta,Fresh
566,5addd4740a6eef8eeed007415b60638e,Online,2024-08-20T14:47:37.499Z,GAJAH MADA,Asia/Jakarta,Follow Up
567,81e425f4e6ec4daa07a2ad08ced37796,Online,2023-11-13T03:05:08.199Z,SERPONG,Asia/Jakarta,Lost
568,81e425f4e6ec4daa07a2ad08ced37796,Online,2023-11-13T03:05:08.199Z,SERPONG,Asia/Jakarta,Warm
569,cf75e3c3e940e8836bd4340a65cf7627,Online,2024-08-29T20:34:07.280Z,SERPONG,Asia/Jakarta,Maybe
570,02e413313ad5757abeadbc12c2cedb66,Online,2024-03-08T15:22:22.685Z,CIKARANG,Asia/Jakarta,Warm
571,76dbff4a304e140895ed70965a4bab40,Online,2024-06-02T12:16:57.664Z,SENAYAN,Asia/Jakarta,No Response
572,76dbff4a304e140895ed70965a4bab40,Online,2024-06-02T12:16:57.664Z,SENAYAN,Asia/Jakarta,Maybe
573,76dbff4a304e140895ed70965a4bab40,Online,2024-06-02T12:16:57.664Z,SENAYAN,Asia/Jakarta,Fresh
574,1e9b37ea22b8b695f27cd22a969748fa,Online,2024-08-09T14:49:33.549Z,BEKASI,Asia/Jakarta,Fresh
575,2b488b91baf7bef4958f5298a729bf00,Online,2023-10-16T19:08:50.755Z,TANGERANG,Asia/Jakarta,Warm
576,2a9d2a0f1052b6cedb0235a852e55cba,Online,2024-04-24T22:19:33.495Z,THAMRIN,Asia/Jakarta,Appointment
577,29a7f541c268322b00c1a90e2edc3771,Online,2024-05-03T23:41:01.642Z,SETIABUDI,Asia/Jakarta,Warm
578,29a7f541c268322b00c1a90e2edc3771,Online,2024-05-03T23:41:01.642Z,SETIABUDI,Asia/Jakarta,Maybe
579,024d3c362f19c6a6576767a1919febff,Online,2023-09-22T07:52:46.753Z,KEMANG,Asia/Jakarta,Fresh
580,024d3c362f19c6a6576767a1919febff,Online,2023-09-22T07:52:46.753Z,KEMANG,Asia/Jakarta,Lost
581,040dea52780e58f0e7ab127d36939cc3,Online,2024-07-10T01:36:38.642Z,BSD,Asia/Jakarta,Warm
582,040dea52780e58f0e7ab127d36939cc3,Online,2024-07-10T01:36:38.642Z,BSD,Asia/Jakarta,Appointment
583,040dea52780e58f0e7ab127d36939cc3,Online,2024-07-10T01:36:38.642Z,BSD,Asia/Jakarta,Deal
584,cf9ea8954cbab8359d51bd10e7758986,Online,2024-03-12T17:24:26.651Z,BINTARO,Asia/Jakarta,Warm
585,cf9ea8954cbab8359d51bd10e7758986,Online,2024-03-12T17:24:26.651Z,BINTARO,Asia/Jakarta,Warm
586,cf9ea8954cbab8359d51bd10e7758986,Online,2024-03-12T17:24:26.651Z,BINTARO,Asia/Jakarta,Appointment
587,cf9ea8954cbab8359d51bd10e7758986,Online,2024-03-12T17:24:26.651Z,BINTARO,Asia/Jakarta,Fresh
588,b333b203f4d880c60b97f90a1b1ddafd,Online,2023-11-17T13:15:56.697Z,TANGERANG,Asia/Jakarta,Lost
589,b333b203f4d880c60b97f90a1b1ddafd,Online,2023-11-17T13:15:56.697Z,TANGERANG,Asia/Jakarta,Fresh
590,8eb743ac8a41445823bb168636e9bdc6,Online,2024-01-15T14:37:46.305Z,BEKASI,Asia/Jakarta,Fresh
591,7321d1cde05c262dcc276a374b784c7d,Online,2024-04-09T12:41:38.451Z,SERPONG,Asia/Jakarta,Maybe
592,7321d1cde05c262dcc276a374b784c7d,Online,2024-04-09T12:41:38.451Z,SERPONG,Asia/Jakarta,Maybe
593,28d0f8586f04f8ca79b8f5831d334df9,Online,2024-01-18T10:43:47.284Z,SENAYAN,Asia/Jakarta,Warm
594,b6f7c5ced964ce19840b08863c616948,Online,2024-04-25T15:08:28.282Z,ALAM SUTERA,Asia/Jakarta,Lost
595,b6f7c5ced964ce19840b08863c616948,Online,2024-04-25T15:08:28.282Z,ALAM SUTERA,Asia/Jakarta,Warm
596,4e0990009530eda5119a44a6b889fd97,Online,2023-11-06T07:00:26.574Z,PASAR MINGGU,Asia/Jakarta,Fresh
597,4e0990009530eda5119a44a6b889fd97,Online,2023-11-06T07:00:26.574Z,PASAR MINGGU,Asia/Jakarta,Appointment
598,4e0990009530eda5119a44a6b889fd97,Online,2023-11-06T07:00:26.574Z,PASAR MINGGU,Asia/Jakarta,Follow Up
599,4e0990009530eda5119a44a6b889fd97,Online,2023-11-06T07:00:26.574Z,PASAR MINGGU,Asia/Jakarta,Warm
600,7e52e7028d3e8822a97d2cae1d7f92b8,Online,2023-12-10T16:09:41.132Z,BSD,Asia/Jakarta,Maybe
601,1c4bd9b96ccf263b9e5f26b427873665,Offline,2024-01-31T18:28:51.242Z,ADITYAWARMAN,Asia/Jakarta,Appointment
602,1c4bd9b96ccf263b9e5f26b427873665,Offline,2024-01-31T18:28:51.242Z,ADITYAWARMAN,Asia/Jakarta,Fresh
603,f63441593f9256b49366cce2a910d5d4,Online,2024-05-22T01:52:53.466Z,SENAYAN,Asia/Jakarta,Fresh
604,a033a490e6c7fbce9415a6ec22cbfa10,Offline,2024-02-22T08:09:32.391Z,CIKINI,Asia/Jakarta,Warm
605,a033a490e6c7fbce9415a6ec22cbfa10,Offline,2024-02-22T08:09:32.391Z,CIKINI,Asia/Jakarta,Fresh
606,fd389e1bcc1b77e10f31a72af06011cc,Online,2024-01-06T03:58:18.398Z,KEMANG,Asia/Jakarta,Maybe
607,e0c45289c21d93e27440cea2759a64d3,Online,2024-03-06T15:49:32.109Z,KUNINGAN,Asia/Jakarta,Lost
608,0e4ad32052099511f24ab98fb50c5edc,Offline,2023-09-26T05:09:10.299Z,TEBET,Asia/Jakarta,Appointment
609,0e4ad32052099511f24ab98fb50c5edc,Offline,2023-09-26T05:09:10.299Z,TEBET,Asia/Jakarta,Warm
610,0e4ad32052099511f24ab98fb50c5edc,Offline,2023-09-26T05:09:10.299Z,TEBET,Asia/Jakarta,Fresh
611,0e4ad32052099511f24ab98fb50c5edc,Offline,2023-09-26T05:09:10.299Z,TEBET,Asia/Jakarta,Lost
612,e69da9e5f12613736fd45a8e41ebe67c,Online,2024-04-09T18:52:08.607Z,SUDIRMAN,Asia/Jakarta,Warm
613,6de25df5a84ea9ab3d0d42616717ae71,Offline,2024-08-22T07:21:00.982Z,PASAR MINGGU,Asia/Jakarta,Lost
614,6de25df5a84ea9ab3d0d42616717ae71,Offline,2024-08-22T07:21:00.982Z,PASAR MINGGU,Asia/Jakarta,Lost
615,a033a490e6c7fbce9415a6ec22cbfa10,Offline,2024-02-22T08:09:32.391Z,CIKINI,Asia/Jakarta,Lost
616,9c1299f11ccdee4a97269a66eb07455c,Online,2024-07-24T07:53:57.503Z,TANGERANG,Asia/Jakarta,Warm
617,8cbb968b4fffd87430edf8a311df11e5,Online,2024-04-03T15:44:00.661Z,MENTENG,Asia/Jakarta,Appointment
618,8cbb968b4fffd87430edf8a311df11e5,Online,2024-04-03T15:44:00.661Z,MENTENG,Asia/Jakarta,Deal
619,8cbb968b4fffd87430edf8a311df11e5,Online,2024-04-03T15:44:00.661Z,MENTENG,Asia/Jakarta,Fresh
620,8cbb968b4fffd87430edf8a311df11e5,Online,2024-04-03T15:44:00.661Z,MENTENG,Asia/Jakarta,Appointment
621,bdc35261506e87867fccd300165dd8e8,Online,2023-11-11T00:36:42.723Z,BENHIL,Asia/Jakarta,Appointment
622,bdc35261506e87867fccd300165dd8e8,Online,2023-11-11T00:36:42.723Z,BENHIL,Asia/Jakarta,Appointment
623,bdc35261506e87867fccd300165dd8e8,Online,2023-11-11T00:36:42.723Z,BENHIL,Asia/Jakarta,Warm
624,6c8f66ce9a2d2b64c7a123947d80e397,Online,2023-10-01T20:06:26.615Z,PLUIT,Asia/Jakarta,Maybe
625,008214bb32754cf7c5df0c173ddd1c3c,Online,2024-06-13T11:06:26.034Z,THAMRIN,Asia/Jakarta,Fresh
626,008214bb32754cf7c5df0c173ddd1c3c,Online,2024-06-13T11:06:26.034Z,THAMRIN,Asia/Jakarta,Warm
627,1f20fa9fa6037bfa6bcacda4a5117a80,Online,2024-04-10T09:18:13.491Z,PIK,Asia/Jakarta,Warm
628,689287fbefa27c26620bde92eff9efe1,Online,2023-12-26T13:10:37.693Z,CIPUTAT,Asia/Jakarta,Deal
629,689287fbefa27c26620bde92eff9efe1,Online,2023-12-26T13:10:37.693Z,CIPUTAT,Asia/Jakarta,Fresh
630,6858be97f2b68bcce7cbd1f92e7285ed,Online,2024-03-18T14:01:20.141Z,SUDIRMAN,Asia/Jakarta,Appointment
631,79c9debe77e71a0d8bb3fd8b96b7aa2d,Offline,2024-04-26T00:46:21.055Z,GAJAH MADA,Asia/Jakarta,Warm
632,7c8f7a45a0e84a3ed31a5241c00c7951,Online,2023-10-06T11:55:27.702Z,PLUIT,Asia/Jakarta,Maybe
633,7c8f7a45a0e84a3ed31a5241c00c7951,Online,2023-10-06T11:55:27.702Z,PLUIT,Asia/Jakarta,Follow Up
634,9bf3742cbe7fce18390bec82bf9a3d30,Online,2024-07-18T06:47:05.214Z,THAMRIN,Asia/Jakarta,Warm
635,9bf3742cbe7fce18390bec82bf9a3d30,Online,2024-07-18T06:47:05.214Z,THAMRIN,Asia/Jakarta,Maybe
636,9bf3742cbe7fce18390bec82bf9a3d30,Online,2024-07-18T06:47:05.214Z,THAMRIN,Asia/Jakarta,Appointment
637,f9b06e60ab5cdc65fb874ee1a581cc11,Online,2023-10-30T19:26:28.585Z,DEPOK,Asia/Jakarta,Deal
638,56ac7eee935974a03e4480f766fc4d86,Online,2024-06-11T13:43:33.813Z,BEKASI,Asia/Jakarta,Lost
639,56ac7eee935974a03e4480f766fc4d86,Online,2024-06-11T13:43:33.813Z,BEKASI,Asia/Jakarta,Fresh
640,56ac7eee935974a03e4480f766fc4d86,Online,2024-06-11T13:43:33.813Z,BEKASI,Asia/Jakarta,Follow Up
641,f528b39190334e8f138b597f256331f1,Online,2023-10-23T18:47:42.507Z,BEKASI,Asia/Jakarta,Fresh
642,f528b39190334e8f138b597f256331f1,Online,2023-10-23T18:47:42.507Z,BEKASI,Asia/Jakarta,Warm
643,9fe88953bb582a60dcfc344eadd911d2,Online,2024-06-09T17:03:29.584Z,CILANDAK,Asia/Jakarta,Appointment
644,b4466426fae9480469a7737ec218a5dc,Online,2023-11-27T05:48:09.825Z,THAMRIN,Asia/Jakarta,Appointment
645,b4466426fae9480469a7737ec218a5dc,Online,2023-11-27T05:48:09.825Z,THAMRIN,Asia/Jakarta,Warm
646,56ac7eee935974a03e4480f766fc4d86,Online,2024-06-11T13:43:33.813Z,BEKASI,Asia/Jakarta,Warm
647,ae3a53622a58796b34ed54bd549c0f06,Online,2023-10-25T08:14:41.998Z,SERPONG,Asia/Jakarta,Maybe
648,980d7efea44af0489be318a186a84d45,Offline,2023-10-31T22:24:59.887Z,SUDIRMAN,Asia/Jakarta,Deal
649,980d7efea44af0489be318a186a84d45,Offline,2023-10-31T22:24:59.887Z,SUDIRMAN,Asia/Jakarta,Follow Up
650,a043bae1603803a839c0cb52f511d9cb,Online,2024-08-24T04:24:57.387Z,BENHIL,Asia/Jakarta,Maybe
651,bbd2fc250a0d69074169b2414ba67c1b,Online,2023-11-13T06:31:20.875Z,PANCORAN,Asia/Jakarta,Maybe
652,bbd2fc250a0d69074169b2414ba67c1b,Online,2023-11-13T06:31:20.875Z,PANCORAN,Asia/Jakarta,Fresh
653,bbd2fc250a0d69074169b2414ba67c1b,Online,2023-11-13T06:31:20.875Z,PANCORAN,Asia/Jakarta,Warm
654,4470e123a506f1a6e810ae770e3fca58,Online,2024-03-02T16:56:49.588Z,DEPOK,Asia/Jakarta,Warm
655,4e6935d4aa28946dd3fee521a585f7e5,Online,2024-04-11T11:31:25.175Z,CIPUTAT,Asia/Jakarta,Appointment
656,040dea52780e58f0e7ab127d36939cc3,Online,2024-07-10T01:36:38.642Z,BSD,Asia/Jakarta,Fresh
657,fec2dc4cb89143c60366af24cbee9515,Online,2024-02-20T23:49:27.906Z,CIPUTAT,Asia/Jakarta,Warm
658,fec2dc4cb89143c60366af24cbee9515,Online,2024-02-20T23:49:27.906Z,CIPUTAT,Asia/Jakarta,Deal
659,fec2dc4cb89143c60366af24cbee9515,Online,2024-02-20T23:49:27.906Z,CIPUTAT,Asia/Jakarta,Fresh
660,3520b8b7c818f0cd87f076a7e11914a8,Online,2024-04-20T00:05:44.543Z,KELAPA GADING,Asia/Jakarta,Follow Up
661,3520b8b7c818f0cd87f076a7e11914a8,Online,2024-04-20T00:05:44.543Z,KELAPA GADING,Asia/Jakarta,Follow Up
662,3520b8b7c818f0cd87f076a7e11914a8,Online,2024-04-20T00:05:44.543Z,KELAPA GADING,Asia/Jakarta,Warm
663,29021ddb6a310dbfa2737b3992d022fe,Online,2024-02-07T23:33:41.902Z,SUDIRMAN,Asia/Jakarta,Follow Up
664,487c8be7a8c9d64e2d201fd1e6407c3c,Offline,2024-02-22T17:44:55.885Z,PANCORAN,Asia/Jakarta,Maybe
665,fec2dc4cb89143c60366af24cbee9515,Online,2024-02-20T23:49:27.906Z,CIPUTAT,Asia/Jakarta,Follow Up
666,fec2dc4cb89143c60366af24cbee9515,Online,2024-02-20T23:49:27.906Z,CIPUTAT,Asia/Jakarta,Fresh
667,82f0a6892e521369dc13a91aeea497ba,Online,2024-01-13T00:59:46.651Z,SERPONG,Asia/Jakarta,Warm
668,82f0a6892e521369dc13a91aeea497ba,Online,2024-01-13T00:59:46.651Z,SERPONG,Asia/Jakarta,Fresh
669,82f0a6892e521369dc13a91aeea497ba,Online,2024-01-13T00:59:46.651Z,SERPONG,Asia/Jakarta,Maybe
670,d01e72ed50729d60a2324e0934680423,Offline,2024-03-23T04:56:32.255Z,GADING SERPONG,Asia/Jakarta,Lost
671,d01e72ed50729d60a2324e0934680423,Offline,2024-03-23T04:56:32.255Z,GADING SERPONG,Asia/Jakarta,Warm
672,901c38a2795131a440fd5268f14f3341,Online,2023-10-13T01:16:01.949Z,SENAYAN,Asia/Jakarta,Lost
673,c6ae7fa5ceb9f9b55c5478b32b6e5cf6,Offline,2024-02-28T08:27:09.463Z,SENAYAN,Asia/Jakarta,Fresh
674,c6ae7fa5ceb9f9b55c5478b32b6e5cf6,Offline,2024-02-28T08:27:09.463Z,SENAYAN,Asia/Jakarta,Appointment
675,6b6523b2196ced25100c298f90bfac2a,Online,2023-11-15T06:36:59.548Z,BOGOR,Asia/Jakarta,Deal
676,afee5bd0f9dafbc384f5c1dd6e6f41d3,Online,2024-08-11T17:42:03.164Z,PASAR MINGGU,Asia/Jakarta,Warm
677,8343dc31dd865b57be94579ec4ceaf53,Online,2024-03-02T09:06:44.877Z,PIK,Asia/Jakarta,Warm
678,2a9d2a0f1052b6cedb0235a852e55cba,Online,2024-04-24T22:19:33.495Z,THAMRIN,Asia/Jakarta,Appointment
679,2a9d2a0f1052b6cedb0235a852e55cba,Online,2024-04-24T22:19:33.495Z,THAMRIN,Asia/Jakarta,Deal
680,de453c4cbdcc4036bde81d9f35f62326,Online,2024-07-10T07:53:41.474Z,PLUIT,Asia/Jakarta,Fresh
681,875299d38685f9b17b2bffc71e17bf1a,Offline,2023-12-31T08:42:30.627Z,ADITYAWARMAN,Asia/Jakarta,Fresh
682,c3d565b655a70ff1931b83b631e803e3,Online,2024-08-28T06:12:56.686Z,CIKARANG,Asia/Jakarta,Appointment
683,9121d0a483c261ce3c76a71ee0ab7852,Offline,2023-10-01T20:04:09.377Z,CIKARANG,Asia/Jakarta,Maybe
684,4c6e8d449f728588753b93c0bbc6adf7,Online,2024-03-14T01:41:34.988Z,PANCORAN,Asia/Jakarta,Appointment
685,78a59ef28a509b51f98bb39c22a711f9,Offline,2024-01-29T11:18:22.824Z,BINTARO,Asia/Jakarta,Fresh
686,09fce7565efdfa605517bbe29d4bd59a,Online,2024-02-08T10:37:08.676Z,THAMRIN,Asia/Jakarta,Warm
687,09fce7565efdfa605517bbe29d4bd59a,Online,2024-02-08T10:37:08.676Z,THAMRIN,Asia/Jakarta,Fresh
688,09fce7565efdfa605517bbe29d4bd59a,Online,2024-02-08T10:37:08.676Z,THAMRIN,Asia/Jakarta,Fresh
689,6bcbfb6c3d9541001ce6c28ccd1785cd,Online,2024-06-26T04:54:47.078Z,CILANDAK,Asia/Jakarta,Fresh
690,0e8f84c35cd515ebe6f77e8cb19d851a,Online,2024-04-22T00:50:26.734Z,BINTARO,Asia/Jakarta,Follow Up
691,8156c660e29ffcef6ebdb55de926ae99,Online,2024-01-13T01:58:08.908Z,DEPOK,Asia/Jakarta,Fresh
692,e6dbb0534e4dc63e6025dd95ff3f3adc,Online,2023-10-21T01:09:35.961Z,GADING SERPONG,Asia/Jakarta,Follow Up
693,e6dbb0534e4dc63e6025dd95ff3f3adc,Online,2023-10-21T01:09:35.961Z,GADING SERPONG,Asia/Jakarta,Appointment
694,49f3232cd42f68f6bf761cf07b4fb83a,Online,2024-01-19T12:14:11.665Z,KUNINGAN,Asia/Jakarta,Deal
695,c5ec9bf4876ad33329855905baf4e58c,Offline,2024-03-24T23:43:52.196Z,BOGOR,Asia/Jakarta,Fresh
696,0dd803181139da164095fe5f40542913,Online,2024-06-04T23:26:27.799Z,CIKARANG,Asia/Jakarta,Appointment
697,0dd803181139da164095fe5f40542913,Online,2024-06-04T23:26:27.799Z,CIKARANG,Asia/Jakarta,Warm
698,0dd803181139da164095fe5f40542913,Online,2024-06-04T23:26:27.799Z,CIKARANG,Asia/Jakarta,Lost
699,0dd803181139da164095fe5f40542913,Online,2024-06-04T23:26:27.799Z,CIKARANG,Asia/Jakarta,Appointment
700,9d9bd198bb88f2ea2abec9312e831086,Offline,2023-12-26T11:29:31.414Z,TEBET,Asia/Jakarta,Follow Up
701,548ff3eb218a962fb35d8a4fba8062b1,Offline,2023-12-19T16:56:48.708Z,BINTARO,Asia/Jakarta,Warm
702,040dea52780e58f0e7ab127d36939cc3,Online,2024-07-10T01:36:38.642Z,BSD,Asia/Jakarta,Deal
703,e209c3e6293f90790135cf0791c07218,Online,2023-09-17T00:32:16.761Z,CIKINI,Asia/Jakarta,Lost
704,e209c3e6293f90790135cf0791c07218,Online,2023-09-17T00:32:16.761Z,CIKINI,Asia/Jakarta,Warm
705,e209c3e6293f90790135cf0791c07218,Online,2023-09-17T00:32:16.761Z,CIKINI,Asia/Jakarta,Warm
706,f25abd9fcd6def88948fbac75d5e8d35,Online,2024-06-18T21:05:53.108Z,KUNINGAN,Asia/Jakarta,Warm
707,9e13a299aaf5c113b8b357ab2f74e1db,Online,2024-01-12T05:36:47.466Z,DEPOK,Asia/Jakarta,Appointment
708,b529c20aca13c4676994e467b184a02c,Offline,2024-05-25T11:19:12.519Z,SENAYAN,Asia/Jakarta,Appointment
709,b529c20aca13c4676994e467b184a02c,Offline,2024-05-25T11:19:12.519Z,SENAYAN,Asia/Jakarta,Warm
710,b529c20aca13c4676994e467b184a02c,Offline,2024-05-25T11:19:12.519Z,SENAYAN,Asia/Jakarta,Follow Up
711,b529c20aca13c4676994e467b184a02c,Offline,2024-05-25T11:19:12.519Z,SENAYAN,Asia/Jakarta,Maybe
712,2fdb31bcd80b0e0044bc6be91529deaa,Online,2023-12-03T09:50:27.591Z,TEBET,Asia/Jakarta,Lost
713,77c29c7152dacc7362c6bfc6725703d7,Online,2024-07-09T19:53:15.269Z,BEKASI,Asia/Jakarta,Fresh
714,77c29c7152dacc7362c6bfc6725703d7,Online,2024-07-09T19:53:15.269Z,BEKASI,Asia/Jakarta,Follow Up
715,7e7e34bf642b6406edf2a36e77f75a28,Online,2024-06-03T17:49:08.195Z,PANCORAN,Asia/Jakarta,Follow Up
716,7e7e34bf642b6406edf2a36e77f75a28,Online,2024-06-03T17:49:08.195Z,PANCORAN,Asia/Jakarta,Appointment
717,5a4fe0166449d8ecb5882f5f7d0b0a0d,Online,2024-08-21T22:16:04.221Z,THAMRIN,Asia/Jakarta,Fresh
718,5a4fe0166449d8ecb5882f5f7d0b0a0d,Online,2024-08-21T22:16:04.221Z,THAMRIN,Asia/Jakarta,No Response
719,5a4fe0166449d8ecb5882f5f7d0b0a0d,Online,2024-08-21T22:16:04.221Z,THAMRIN,Asia/Jakarta,Lost
720,c162429b621241498c1bfe9dd1d7d69f,Online,2024-05-26T05:22:05.539Z,KEMANG,Asia/Jakarta,Fresh
721,545a19ba0a75b6b511a0d8cc356b2845,Online,2024-03-07T13:15:49.007Z,ADITYAWARMAN,Asia/Jakarta,Maybe
722,2af289fecbb6a5e7310890b01058478b,Offline,2024-04-11T18:40:54.484Z,KUNINGAN,Asia/Jakarta,Follow Up
723,2af289fecbb6a5e7310890b01058478b,Offline,2024-04-11T18:40:54.484Z,KUNINGAN,Asia/Jakarta,Warm
724,2af289fecbb6a5e7310890b01058478b,Offline,2024-04-11T18:40:54.484Z,KUNINGAN,Asia/Jakarta,Fresh
725,9bf3742cbe7fce18390bec82bf9a3d30,Online,2024-07-18T06:47:05.214Z,THAMRIN,Asia/Jakarta,Appointment
726,9bf3742cbe7fce18390bec82bf9a3d30,Online,2024-07-18T06:47:05.214Z,THAMRIN,Asia/Jakarta,Fresh
727,dd42dfe3d02fb60f5ba1dd05119d22bb,Online,2023-12-26T07:36:50.481Z,BINTARO,Asia/Jakarta,Lost
728,7b7b8a6e170d7e8cd0c62a235a16d5c8,Online,2023-10-11T17:44:50.703Z,PIK,Asia/Jakarta,Appointment
729,7b7b8a6e170d7e8cd0c62a235a16d5c8,Online,2023-10-11T17:44:50.703Z,PIK,Asia/Jakarta,Lost
730,7b7b8a6e170d7e8cd0c62a235a16d5c8,Online,2023-10-11T17:44:50.703Z,PIK,Asia/Jakarta,Fresh
731,7b7b8a6e170d7e8cd0c62a235a16d5c8,Online,2023-10-11T17:44:50.703Z,PIK,Asia/Jakarta,Fresh
732,72ba8159bb2d1d17b5d4dab5aee2fb50,Online,2024-02-09T16:55:51.857Z,ALAM SUTERA,Asia/Jakarta,Fresh
733,e0441827d5814368c9a89ab04ce522a1,Offline,2023-09-12T21:44:41.093Z,CIKARANG,Asia/Jakarta,Maybe
734,e0441827d5814368c9a89ab04ce522a1,Offline,2023-09-12T21:44:41.093Z,CIKARANG,Asia/Jakarta,Warm
735,247fc0572eb4fdba230524280555824e,Online,2024-03-12T22:54:10.786Z,SENAYAN,Asia/Jakarta,Fresh
736,247fc0572eb4fdba230524280555824e,Online,2024-03-12T22:54:10.786Z,SENAYAN,Asia/Jakarta,Warm
737,9347432dc39aa3ce56812bea7d975982,Online,2024-02-14T00:41:53.640Z,CIPUTAT,Asia/Jakarta,No Response
738,9a277560f6cd4674d26e03c1805307aa,Online,2024-03-12T00:50:44.828Z,KEMANG,Asia/Jakarta,Maybe
739,9a277560f6cd4674d26e03c1805307aa,Online,2024-03-12T00:50:44.828Z,KEMANG,Asia/Jakarta,Appointment
740,868ed952960d3df56ccb0eb95c9dc372,Online,2024-08-29T04:24:19.367Z,SETIABUDI,Asia/Jakarta,Deal
741,39605c3ab4148c1569fd3de770227de7,Offline,2024-08-26T07:37:45.760Z,ADITYAWARMAN,Asia/Jakarta,Maybe
742,39605c3ab4148c1569fd3de770227de7,Offline,2024-08-26T07:37:45.760Z,ADITYAWARMAN,Asia/Jakarta,Fresh
743,39605c3ab4148c1569fd3de770227de7,Offline,2024-08-26T07:37:45.760Z,ADITYAWARMAN,Asia/Jakarta,Lost
744,67d242641435a1714e08a10f054c9512,Online,2024-03-12T11:34:23.186Z,SETIABUDI,Asia/Jakarta,Follow Up
745,67d242641435a1714e08a10f054c9512,Online,2024-03-12T11:34:23.186Z,SETIABUDI,Asia/Jakarta,Fresh
746,77c29c7152dacc7362c6bfc6725703d7,Online,2024-07-09T19:53:15.269Z,BEKASI,Asia/Jakarta,Fresh
747,77c29c7152dacc7362c6bfc6725703d7,Online,2024-07-09T19:53:15.269Z,BEKASI,Asia/Jakarta,Fresh
748,77c29c7152dacc7362c6bfc6725703d7,Online,2024-07-09T19:53:15.269Z,BEKASI,Asia/Jakarta,Maybe
749,61b165b7ca8fcb002d427e06f83a5b07,Offline,2024-04-21T15:52:41.541Z,KELAPA GADING,Asia/Jakarta,Fresh
750,bc73698f8346a916535ac25dc97e3a2b,Online,2024-06-14T05:24:01.055Z,KUNINGAN,Asia/Jakarta,Appointment
751,bc73698f8346a916535ac25dc97e3a2b,Online,2024-06-14T05:24:01.055Z,KUNINGAN,Asia/Jakarta,Warm
752,81d35bfd34d7791f07ae7b15f44e096c,Online,2024-02-01T21:16:50.220Z,ALAM SUTERA,Asia/Jakarta,Fresh
753,77c29c7152dacc7362c6bfc6725703d7,Online,2024-07-09T19:53:15.269Z,BEKASI,Asia/Jakarta,Fresh
754,09fce7565efdfa605517bbe29d4bd59a,Online,2024-02-08T10:37:08.676Z,THAMRIN,Asia/Jakarta,Fresh
755,09fce7565efdfa605517bbe29d4bd59a,Online,2024-02-08T10:37:08.676Z,THAMRIN,Asia/Jakarta,Warm
756,09fce7565efdfa605517bbe29d4bd59a,Online,2024-02-08T10:37:08.676Z,THAMRIN,Asia/Jakarta,Fresh
757,1f20fa9fa6037bfa6bcacda4a5117a80,Online,2024-04-10T09:18:13.491Z,PIK,Asia/Jakarta,Deal
758,1f20fa9fa6037bfa6bcacda4a5117a80,Online,2024-04-10T09:18:13.491Z,PIK,Asia/Jakarta,Appointment
759,1f20fa9fa6037bfa6bcacda4a5117a80,Online,2024-04-10T09:18:13.491Z,PIK,Asia/Jakarta,Lost
760,b5f631878f066f1541fa3bace0fbe0d2,Online,2024-03-20T09:54:27.159Z,SENAYAN,Asia/Jakarta,Lost
761,037897ab1c35df48b022bb193e67cb16,Offline,2024-07-22T05:45:03.688Z,PANCORAN,Asia/Jakarta,Fresh
762,7e7e34bf642b6406edf2a36e77f75a28,Online,2024-06-03T17:49:08.195Z,PANCORAN,Asia/Jakarta,Fresh
763,7e7e34bf642b6406edf2a36e77f75a28,Online,2024-06-03T17:49:08.195Z,PANCORAN,Asia/Jakarta,Lost
764,d1d98127fb590d54d4d04f2462561814,Online,2023-09-09T19:52:47.026Z,KELAPA GADING,Asia/Jakarta,Lost
765,ad155f90841988c35e021b2431ba7c6f,Offline,2023-12-07T03:02:13.177Z,THAMRIN,Asia/Jakarta,Warm
766,aed93e533f35a49a39ccb3ab83781b43,Online,2024-05-04T00:07:41.850Z,PONDOK INDAH,Asia/Jakarta,Lost
767,aed93e533f35a49a39ccb3ab83781b43,Online,2024-05-04T00:07:41.850Z,PONDOK INDAH,Asia/Jakarta,Warm
768,aed93e533f35a49a39ccb3ab83781b43,Online,2024-05-04T00:07:41.850Z,PONDOK INDAH,Asia/Jakarta,Appointment
769,63d8a3b88f490409a860f1e06f068e08,Online,2024-07-20T17:22:40.258Z,MENTENG,Asia/Jakarta,Fresh
770,3e59da24bfdabccd94ba23916f4300e5,Online,2024-07-18T13:02:27.880Z,CILANDAK,Asia/Jakarta,Appointment
771,3e59da24bfdabccd94ba23916f4300e5,Online,2024-07-18T13:02:27.880Z,CILANDAK,Asia/Jakarta,Warm
772,0309d6896d9aefbbfc45ee55f2df382f,Offline,2024-03-16T01:48:45.725Z,TEBET,Asia/Jakarta,Fresh
773,0309d6896d9aefbbfc45ee55f2df382f,Offline,2024-03-16T01:48:45.725Z,TEBET,Asia/Jakarta,Deal
774,0309d6896d9aefbbfc45ee55f2df382f,Offline,2024-03-16T01:48:45.725Z,TEBET,Asia/Jakarta,No Response
775,0309d6896d9aefbbfc45ee55f2df382f,Offline,2024-03-16T01:48:45.725Z,TEBET,Asia/Jakarta,Lost
776,fe1a68afe1c447b09d3770f9b26affc0,Online,2024-07-28T04:07:28.649Z,MENTENG,Asia/Jakarta,Fresh
777,c2666708bfec800b3e418410f7886a2f,Online,2024-06-18T07:35:02.192Z,SUDIRMAN,Asia/Jakarta,Appointment
778,2ddc569ee35ef35395ee804aa6fb4090,Online,2024-03-01T20:15:38.622Z,GADING SERPONG,Asia/Jakarta,Warm
779,a033a490e6c7fbce9415a6ec22cbfa10,Offline,2024-02-22T08:09:32.391Z,CIKINI,Asia/Jakarta,Appointment
780,a033a490e6c7fbce9415a6ec22cbfa10,Offline,2024-02-22T08:09:32.391Z,CIKINI,Asia/Jakarta,Follow Up
781,fd389e1bcc1b77e10f31a72af06011cc,Online,2024-01-06T03:58:18.398Z,KEMANG,Asia/Jakarta,Fresh
782,813bb3ed22941a90cf8a1a439f5a3413,Online,2024-01-06T12:24:26.631Z,ALAM SUTERA,Asia/Jakarta,Fresh
783,fbca9a3832ab39e38467abe3c4f944cc,Online,2024-06-08T13:46:02.119Z,SUDIRMAN,Asia/Jakarta,Fresh
784,0e4ad32052099511f24ab98fb50c5edc,Offline,2023-09-26T05:09:10.299Z,TEBET,Asia/Jakarta,Appointment
785,0e4ad32052099511f24ab98fb50c5edc,Offline,2023-09-26T05:09:10.299Z,TEBET,Asia/Jakarta,Lost
786,0e4ad32052099511f24ab98fb50c5edc,Offline,2023-09-26T05:09:10.299Z,TEBET,Asia/Jakarta,Warm
787,49f3232cd42f68f6bf761cf07b4fb83a,Online,2024-01-19T12:14:11.665Z,KUNINGAN,Asia/Jakarta,Deal
788,49f3232cd42f68f6bf761cf07b4fb83a,Online,2024-01-19T12:14:11.665Z,KUNINGAN,Asia/Jakarta,Deal
789,2389fc43483c48a00f730d66e10dc81a,Offline,2024-01-09T00:56:38.843Z,BOGOR,Asia/Jakarta,Fresh
790,e8a80d4056afe960cc6c82a1895ae38c,Online,2024-07-19T13:53:07.702Z,CILANDAK,Asia/Jakarta,Fresh
791,d55ee942c86c286f05dc71850a615d24,Online,2024-04-26T02:21:26.351Z,MENTENG,Asia/Jakarta,Lost
792,fbca9a3832ab39e38467abe3c4f944cc,Online,2024-06-08T13:46:02.119Z,SUDIRMAN,Asia/Jakarta,Fresh
793,8b3f5b07312ce3550d5a02179e34d44f,Online,2023-10-11T15:36:03.995Z,BENHIL,Asia/Jakarta,Warm
794,8b3f5b07312ce3550d5a02179e34d44f,Online,2023-10-11T15:36:03.995Z,BENHIL,Asia/Jakarta,Fresh
795,8b3f5b07312ce3550d5a02179e34d44f,Online,2023-10-11T15:36:03.995Z,BENHIL,Asia/Jakarta,Appointment
796,8b3f5b07312ce3550d5a02179e34d44f,Online,2023-10-11T15:36:03.995Z,BENHIL,Asia/Jakarta,Warm
797,d134c9c3132420c9de77464879eb903a,Offline,2024-04-16T00:22:56.973Z,GAJAH MADA,Asia/Jakarta,Fresh
798,d134c9c3132420c9de77464879eb903a,Offline,2024-04-16T00:22:56.973Z,GAJAH MADA,Asia/Jakarta,Appointment
799,f0484e9f062dccf3ca63d1f4e1bf27ac,Online,2023-10-16T13:14:26.533Z,KELAPA GADING,Asia/Jakarta,Warm
800,f0484e9f062dccf3ca63d1f4e1bf27ac,Online,2023-10-16T13:14:26.533Z,KELAPA GADING,Asia/Jakarta,Maybe
801,f0484e9f062dccf3ca63d1f4e1bf27ac,Online,2023-10-16T13:14:26.533Z,KELAPA GADING,Asia/Jakarta,Fresh
802,f0484e9f062dccf3ca63d1f4e1bf27ac,Online,2023-10-16T13:14:26.533Z,KELAPA GADING,Asia/Jakarta,Warm
803,0251dea32f3ec0ef1f0dd3073c91f898,Online,2023-11-21T09:58:03.123Z,TEBET,Asia/Jakarta,Lost
804,0251dea32f3ec0ef1f0dd3073c91f898,Online,2023-11-21T09:58:03.123Z,TEBET,Asia/Jakarta,Maybe
805,7c8f7a45a0e84a3ed31a5241c00c7951,Online,2023-10-06T11:55:27.702Z,PLUIT,Asia/Jakarta,Deal
806,7c8f7a45a0e84a3ed31a5241c00c7951,Online,2023-10-06T11:55:27.702Z,PLUIT,Asia/Jakarta,Warm
807,7c8f7a45a0e84a3ed31a5241c00c7951,Online,2023-10-06T11:55:27.702Z,PLUIT,Asia/Jakarta,Fresh
808,037897ab1c35df48b022bb193e67cb16,Offline,2024-07-22T05:45:03.688Z,PANCORAN,Asia/Jakarta,Follow Up
809,037897ab1c35df48b022bb193e67cb16,Offline,2024-07-22T05:45:03.688Z,PANCORAN,Asia/Jakarta,Fresh
810,037897ab1c35df48b022bb193e67cb16,Offline,2024-07-22T05:45:03.688Z,PANCORAN,Asia/Jakarta,Lost
811,037897ab1c35df48b022bb193e67cb16,Offline,2024-07-22T05:45:03.688Z,PANCORAN,Asia/Jakarta,Lost
812,512745aeb7c8191674d7b762c9143699,Offline,2024-05-02T07:41:00.812Z,BINTARO,Asia/Jakarta,Maybe
813,512745aeb7c8191674d7b762c9143699,Offline,2024-05-02T07:41:00.812Z,BINTARO,Asia/Jakarta,Fresh
814,512745aeb7c8191674d7b762c9143699,Offline,2024-05-02T07:41:00.812Z,BINTARO,Asia/Jakarta,Maybe
815,6ea377f785d4d100dc3333a8dfa722c3,Online,2023-12-28T15:05:26.729Z,BSD,Asia/Jakarta,Appointment
816,6ea377f785d4d100dc3333a8dfa722c3,Online,2023-12-28T15:05:26.729Z,BSD,Asia/Jakarta,Fresh
817,9dfe46920336e160ce44eec3eba0e701,Online,2024-08-03T19:02:49.907Z,PANCORAN,Asia/Jakarta,Fresh
818,9dfe46920336e160ce44eec3eba0e701,Online,2024-08-03T19:02:49.907Z,PANCORAN,Asia/Jakarta,Warm
819,26752d5f56c8131720fd6fedeb32f7e7,Online,2024-01-31T17:16:58.517Z,SERPONG,Asia/Jakarta,Fresh
820,26752d5f56c8131720fd6fedeb32f7e7,Online,2024-01-31T17:16:58.517Z,SERPONG,Asia/Jakarta,Fresh
821,26752d5f56c8131720fd6fedeb32f7e7,Online,2024-01-31T17:16:58.517Z,SERPONG,Asia/Jakarta,Deal
822,a9c9b1e1c41c76a7826c8f2aecb5f881,Online,2024-04-19T17:13:35.403Z,SETIABUDI,Asia/Jakarta,Fresh
823,2c6025fa60ca2921625064f837b6f2f0,Offline,2023-09-26T23:36:35.975Z,PONDOK INDAH,Asia/Jakarta,Warm
824,2c6025fa60ca2921625064f837b6f2f0,Offline,2023-09-26T23:36:35.975Z,PONDOK INDAH,Asia/Jakarta,Warm
825,3f64282326cf6da47e9b38522a01b063,Offline,2023-11-08T00:51:46.528Z,PIK,Asia/Jakarta,Fresh
826,3f64282326cf6da47e9b38522a01b063,Offline,2023-11-08T00:51:46.528Z,PIK,Asia/Jakarta,Warm
827,cf692997eee204962690617e92e6fefa,Online,2024-08-21T06:40:35.754Z,PLUIT,Asia/Jakarta,Warm
828,a4d1e5c2567b2b5b60c91a95ffbb5272,Offline,2023-10-15T02:53:34.811Z,ALAM SUTERA,Asia/Jakarta,Fresh
829,38c461a3f5fc86e707d4f0e79d65a980,Offline,2024-04-06T16:18:02.071Z,KELAPA GADING,Asia/Jakarta,Fresh
830,38c461a3f5fc86e707d4f0e79d65a980,Offline,2024-04-06T16:18:02.071Z,KELAPA GADING,Asia/Jakarta,Lost
831,f25abd9fcd6def88948fbac75d5e8d35,Online,2024-06-18T21:05:53.108Z,KUNINGAN,Asia/Jakarta,Lost
832,cc86239d075eb811278d1edee6656135,Online,2024-06-04T13:31:35.665Z,PONDOK INDAH,Asia/Jakarta,Lost
833,cc86239d075eb811278d1edee6656135,Online,2024-06-04T13:31:35.665Z,PONDOK INDAH,Asia/Jakarta,Appointment
834,8f488ca302dab7868e66aaa5a9ce06de,Online,2024-06-07T16:10:27.673Z,SENAYAN,Asia/Jakarta,Fresh
835,a9c9b1e1c41c76a7826c8f2aecb5f881,Online,2024-04-19T17:13:35.403Z,SETIABUDI,Asia/Jakarta,Warm
836,77e06d92923b8f3ea35aab159f7f9158,Online,2024-01-21T20:44:41.264Z,PLUIT,Asia/Jakarta,Appointment
837,46d385193b80acca39278adbc96982eb,Online,2024-01-01T03:22:18.492Z,PANCORAN,Asia/Jakarta,Warm
838,46d385193b80acca39278adbc96982eb,Online,2024-01-01T03:22:18.492Z,PANCORAN,Asia/Jakarta,Lost
839,b9db0a77d06cb6e32a54607e5a5f4c5b,Online,2024-06-25T11:58:30.812Z,SUDIRMAN,Asia/Jakarta,Follow Up
840,b9db0a77d06cb6e32a54607e5a5f4c5b,Online,2024-06-25T11:58:30.812Z,SUDIRMAN,Asia/Jakarta,Fresh
841,b9db0a77d06cb6e32a54607e5a5f4c5b,Online,2024-06-25T11:58:30.812Z,SUDIRMAN,Asia/Jakarta,Fresh
842,29da651a79a632928e22e86faebdf397,Online,2023-11-25T04:37:08.850Z,BINTARO,Asia/Jakarta,Fresh
843,29da651a79a632928e22e86faebdf397,Online,2023-11-25T04:37:08.850Z,BINTARO,Asia/Jakarta,Appointment
844,29da651a79a632928e22e86faebdf397,Online,2023-11-25T04:37:08.850Z,BINTARO,Asia/Jakarta,Deal
845,002f748c74774f63e6f4503533964627,Online,2024-08-08T19:39:27.650Z,PANCORAN,Asia/Jakarta,Lost
846,cc80fd79e5a6af18f17ca2063bea51ab,Online,2023-11-14T23:45:16.025Z,CIKARANG,Asia/Jakarta,Maybe
847,fa05b440adf9bbf4a93753ad67b62777,Offline,2023-11-08T09:28:09.193Z,PANCORAN,Asia/Jakarta,Lost
848,ca57eeddc833a615188bdf0934bba3b7,Online,2024-04-24T13:34:29.272Z,SETIABUDI,Asia/Jakarta,Appointment
849,f3b59a1df1b50a8ff8057ad33a1a89e1,Online,2024-03-07T01:31:43.168Z,ADITYAWARMAN,Asia/Jakarta,Fresh
850,f3b59a1df1b50a8ff8057ad33a1a89e1,Online,2024-03-07T01:31:43.168Z,ADITYAWARMAN,Asia/Jakarta,Fresh
851,3a332f79bde6c9db6f98ab017ee38f06,Offline,2023-09-20T03:28:00.194Z,KELAPA GADING,Asia/Jakarta,Appointment
852,3a332f79bde6c9db6f98ab017ee38f06,Offline,2023-09-20T03:28:00.194Z,KELAPA GADING,Asia/Jakarta,Maybe
853,fbca9a3832ab39e38467abe3c4f944cc,Online,2024-06-08T13:46:02.119Z,SUDIRMAN,Asia/Jakarta,Warm
854,fbca9a3832ab39e38467abe3c4f944cc,Online,2024-06-08T13:46:02.119Z,SUDIRMAN,Asia/Jakarta,Maybe
855,3a90dc6ddba7a8cf9b1c6538fe890738,Online,2023-09-26T03:59:53.328Z,TEBET,Asia/Jakarta,Fresh
856,3a90dc6ddba7a8cf9b1c6538fe890738,Online,2023-09-26T03:59:53.328Z,TEBET,Asia/Jakarta,Lost
857,3a90dc6ddba7a8cf9b1c6538fe890738,Online,2023-09-26T03:59:53.328Z,TEBET,Asia/Jakarta,Fresh
858,4085967fc4f7a72f9a44c0049046a045,Online,2024-07-30T14:33:30.514Z,ALAM SUTERA,Asia/Jakarta,Fresh
859,7059517b37ca24f3af1d3449c9fb9949,Online,2024-02-13T20:54:55.214Z,MENTENG,Asia/Jakarta,Deal
860,29a7f541c268322b00c1a90e2edc3771,Online,2024-05-03T23:41:01.642Z,SETIABUDI,Asia/Jakarta,Maybe
861,29a7f541c268322b00c1a90e2edc3771,Online,2024-05-03T23:41:01.642Z,SETIABUDI,Asia/Jakarta,Maybe
862,123d64594d821896064c51101d53b1b3,Online,2024-06-02T01:12:38.411Z,ADITYAWARMAN,Asia/Jakarta,Lost
863,123d64594d821896064c51101d53b1b3,Online,2024-06-02T01:12:38.411Z,ADITYAWARMAN,Asia/Jakarta,Deal
864,02e413313ad5757abeadbc12c2cedb66,Online,2024-03-08T15:22:22.685Z,CIKARANG,Asia/Jakarta,Lost
865,02e413313ad5757abeadbc12c2cedb66,Online,2024-03-08T15:22:22.685Z,CIKARANG,Asia/Jakarta,Fresh
866,dfa853f545a09256f0f873e29d13f922,Offline,2024-06-12T05:40:11.410Z,SETIABUDI,Asia/Jakarta,Warm
867,56ac7eee935974a03e4480f766fc4d86,Online,2024-06-11T13:43:33.813Z,BEKASI,Asia/Jakarta,Appointment
868,f3507ea78d6ebc5693818c4fa1f6c5fc,Online,2024-03-16T17:21:56.411Z,CIKINI,Asia/Jakarta,Appointment
869,4823ba929b2edeb4d0fa9ae06aad5d61,Online,2024-03-11T11:05:28.370Z,CIKINI,Asia/Jakarta,Appointment
870,99808e06d2476d13526646a9eb9b8489,Online,2024-08-02T14:31:48.092Z,PONDOK INDAH,Asia/Jakarta,Warm
871,99808e06d2476d13526646a9eb9b8489,Online,2024-08-02T14:31:48.092Z,PONDOK INDAH,Asia/Jakarta,Fresh
872,cc1ec91cb14ac7f2e452e5d57117d459,Online,2024-02-05T13:16:02.837Z,BSD,Asia/Jakarta,Warm
873,cc419939df4949460cdb23982bb39dae,Online,2024-08-28T15:15:03.276Z,KEMANG,Asia/Jakarta,Fresh
874,54108d5b5c85a36e2b19ea3be185bf3b,Online,2023-11-14T10:50:10.428Z,SETIABUDI,Asia/Jakarta,Appointment
875,54108d5b5c85a36e2b19ea3be185bf3b,Online,2023-11-14T10:50:10.428Z,SETIABUDI,Asia/Jakarta,Warm
876,54108d5b5c85a36e2b19ea3be185bf3b,Online,2023-11-14T10:50:10.428Z,SETIABUDI,Asia/Jakarta,Fresh
877,52fae6f1eb60f4aed613448d3c57c6bc,Online,2024-05-18T18:16:15.046Z,PLUIT,Asia/Jakarta,Fresh
878,d3602dce787b6ea09b7e424512d370cc,Offline,2024-06-26T23:52:26.385Z,ADITYAWARMAN,Asia/Jakarta,Maybe
879,43caf72a0a465cc0be2c71eb953a5c51,Offline,2024-08-03T19:55:40.204Z,CIPUTAT,Asia/Jakarta,Fresh
880,b58181402376eec83c2735b635c0055d,Offline,2024-02-15T01:46:17.092Z,MENTENG,Asia/Jakarta,Fresh
881,b58181402376eec83c2735b635c0055d,Offline,2024-02-15T01:46:17.092Z,MENTENG,Asia/Jakarta,Lost
882,54b1767bad36f6decf50aa68a16bfbe2,Online,2023-11-17T07:37:10.346Z,THAMRIN,Asia/Jakarta,Maybe
883,c63405bb2f4188c20c93cbf105a50a14,Offline,2024-02-23T23:38:15.347Z,KUNINGAN,Asia/Jakarta,Fresh
884,c63405bb2f4188c20c93cbf105a50a14,Offline,2024-02-23T23:38:15.347Z,KUNINGAN,Asia/Jakarta,Deal
885,487c8be7a8c9d64e2d201fd1e6407c3c,Offline,2024-02-22T17:44:55.885Z,PANCORAN,Asia/Jakarta,Deal
886,f957d9a372d759ecd34c719c20b8d86a,Online,2024-07-14T04:14:10.138Z,ADITYAWARMAN,Asia/Jakarta,Lost
887,294ea5ca677574f8be3a14cda131914e,Offline,2023-09-05T03:40:53.985Z,BINTARO,Asia/Jakarta,Appointment
888,13af71c7e4a6562074d92b1ac6c3068f,Online,2024-08-29T15:31:16.486Z,PANCORAN,Asia/Jakarta,Deal
889,13af71c7e4a6562074d92b1ac6c3068f,Online,2024-08-29T15:31:16.486Z,PANCORAN,Asia/Jakarta,No Response
890,aed93e533f35a49a39ccb3ab83781b43,Online,2024-05-04T00:07:41.850Z,PONDOK INDAH,Asia/Jakarta,Warm
891,aed93e533f35a49a39ccb3ab83781b43,Online,2024-05-04T00:07:41.850Z,PONDOK INDAH,Asia/Jakarta,Maybe
892,a1d8b174382bd04559b9711b29fcc351,Offline,2023-12-05T19:42:36.315Z,BOGOR,Asia/Jakarta,Warm
893,a1d8b174382bd04559b9711b29fcc351,Offline,2023-12-05T19:42:36.315Z,BOGOR,Asia/Jakarta,Fresh
894,277be96ac0a68b20da723a5f02757125,Online,2023-12-18T05:34:36.255Z,KEMANG,Asia/Jakarta,Fresh
895,6661593b178f239fc0ccf330c642241d,Online,2024-02-11T00:05:28.537Z,THAMRIN,Asia/Jakarta,Fresh
896,6661593b178f239fc0ccf330c642241d,Online,2024-02-11T00:05:28.537Z,THAMRIN,Asia/Jakarta,Fresh
897,e18a5d068092d709f0a3b5402d4df8e9,Offline,2024-08-09T21:15:38.806Z,PIK,Asia/Jakarta,Warm
898,e18a5d068092d709f0a3b5402d4df8e9,Offline,2024-08-09T21:15:38.806Z,PIK,Asia/Jakarta,Warm
899,e18a5d068092d709f0a3b5402d4df8e9,Offline,2024-08-09T21:15:38.806Z,PIK,Asia/Jakarta,Fresh
900,cf75e3c3e940e8836bd4340a65cf7627,Online,2024-08-29T20:34:07.280Z,SERPONG,Asia/Jakarta,Fresh
901,cf75e3c3e940e8836bd4340a65cf7627,Online,2024-08-29T20:34:07.280Z,SERPONG,Asia/Jakarta,Appointment
902,cf75e3c3e940e8836bd4340a65cf7627,Online,2024-08-29T20:34:07.280Z,SERPONG,Asia/Jakarta,Maybe
903,434a98e0a551db26e76b93f10dcf32c6,Online,2024-06-29T13:34:34.154Z,PASAR MINGGU,Asia/Jakarta,Fresh
904,13be5f04815d02e4421150340961c7eb,Offline,2023-10-20T05:38:59.716Z,PIK,Asia/Jakarta,Warm
905,304e8a26e9d281503ffac2299d2bf0c3,Online,2023-11-30T21:12:43.043Z,ALAM SUTERA,Asia/Jakarta,Maybe
906,304e8a26e9d281503ffac2299d2bf0c3,Online,2023-11-30T21:12:43.043Z,ALAM SUTERA,Asia/Jakarta,Fresh
907,304e8a26e9d281503ffac2299d2bf0c3,Online,2023-11-30T21:12:43.043Z,ALAM SUTERA,Asia/Jakarta,Fresh
908,2ddc569ee35ef35395ee804aa6fb4090,Online,2024-03-01T20:15:38.622Z,GADING SERPONG,Asia/Jakarta,Follow Up
909,766c0b12c003f836e1d0275b123e5d82,Online,2024-03-07T12:07:35.641Z,TANGERANG,Asia/Jakarta,Fresh
910,766c0b12c003f836e1d0275b123e5d82,Online,2024-03-07T12:07:35.641Z,TANGERANG,Asia/Jakarta,Warm
911,ad4b4486df11c379a1cb8d68e699cf91,Offline,2024-01-19T01:58:31.594Z,ALAM SUTERA,Asia/Jakarta,Fresh
912,456e4de862b7f8ea73027271e77f871b,Online,2024-01-14T18:32:53.095Z,THAMRIN,Asia/Jakarta,Maybe
913,b684a27faf23a4aab9a82d5c6f348a65,Online,2024-08-19T02:46:52.341Z,BEKASI,Asia/Jakarta,Deal
914,95d3f760288851848c476735caed746c,Online,2024-05-30T07:26:05.235Z,DEPOK,Asia/Jakarta,Appointment
915,95d3f760288851848c476735caed746c,Online,2024-05-30T07:26:05.235Z,DEPOK,Asia/Jakarta,Maybe
916,2b488b91baf7bef4958f5298a729bf00,Online,2023-10-16T19:08:50.755Z,TANGERANG,Asia/Jakarta,Fresh
917,2b488b91baf7bef4958f5298a729bf00,Online,2023-10-16T19:08:50.755Z,TANGERANG,Asia/Jakarta,Warm
918,2b488b91baf7bef4958f5298a729bf00,Online,2023-10-16T19:08:50.755Z,TANGERANG,Asia/Jakarta,Fresh
919,5bde9d5145e23c34d88dc89b484ec0e6,Online,2023-12-14T11:42:39.758Z,ADITYAWARMAN,Asia/Jakarta,Warm
920,5bde9d5145e23c34d88dc89b484ec0e6,Online,2023-12-14T11:42:39.758Z,ADITYAWARMAN,Asia/Jakarta,Deal
921,71621c4db461798f1d746f234de25162,Online,2024-08-19T22:34:45.601Z,PIK,Asia/Jakarta,Fresh
922,325af393d77081c9179ef47cc42d03a5,Offline,2024-03-06T09:43:15.575Z,SENAYAN,Asia/Jakarta,Warm
923,8156c660e29ffcef6ebdb55de926ae99,Online,2024-01-13T01:58:08.908Z,DEPOK,Asia/Jakarta,Lost
924,b793b448342c6fef4e850deb6751f29b,Online,2023-09-14T05:02:10.553Z,PASAR MINGGU,Asia/Jakarta,Lost
925,b793b448342c6fef4e850deb6751f29b,Online,2023-09-14T05:02:10.553Z,PASAR MINGGU,Asia/Jakarta,Fresh
926,0e4ad32052099511f24ab98fb50c5edc,Offline,2023-09-26T05:09:10.299Z,TEBET,Asia/Jakarta,Appointment
927,0dd803181139da164095fe5f40542913,Online,2024-06-04T23:26:27.799Z,CIKARANG,Asia/Jakarta,Follow Up
928,0dd803181139da164095fe5f40542913,Online,2024-06-04T23:26:27.799Z,CIKARANG,Asia/Jakarta,Warm
929,a52ab849e307587b6f4d123ce3eeb866,Online,2023-12-26T03:40:11.083Z,KUNINGAN,Asia/Jakarta,Fresh
930,a52ab849e307587b6f4d123ce3eeb866,Online,2023-12-26T03:40:11.083Z,KUNINGAN,Asia/Jakarta,Warm
931,a52ab849e307587b6f4d123ce3eeb866,Online,2023-12-26T03:40:11.083Z,KUNINGAN,Asia/Jakarta,Deal
932,a043bae1603803a839c0cb52f511d9cb,Online,2024-08-24T04:24:57.387Z,BENHIL,Asia/Jakarta,Appointment
933,c6fd75482dcec0ad0e27f6fee4de151a,Online,2023-09-21T02:41:32.405Z,GADING SERPONG,Asia/Jakarta,Warm
934,c6fd75482dcec0ad0e27f6fee4de151a,Online,2023-09-21T02:41:32.405Z,GADING SERPONG,Asia/Jakarta,Fresh
935,c6fd75482dcec0ad0e27f6fee4de151a,Online,2023-09-21T02:41:32.405Z,GADING SERPONG,Asia/Jakarta,Warm
936,fb9a6d1e671bf6f0fbe4ce2d2af490e3,Online,2024-02-12T10:09:25.567Z,KUNINGAN,Asia/Jakarta,Warm
937,fb9a6d1e671bf6f0fbe4ce2d2af490e3,Online,2024-02-12T10:09:25.567Z,KUNINGAN,Asia/Jakarta,Warm
938,09fce7565efdfa605517bbe29d4bd59a,Online,2024-02-08T10:37:08.676Z,THAMRIN,Asia/Jakarta,Warm
939,4e0990009530eda5119a44a6b889fd97,Online,2023-11-06T07:00:26.574Z,PASAR MINGGU,Asia/Jakarta,Fresh
940,4e0990009530eda5119a44a6b889fd97,Online,2023-11-06T07:00:26.574Z,PASAR MINGGU,Asia/Jakarta,Follow Up
941,6b6523b2196ced25100c298f90bfac2a,Online,2023-11-15T06:36:59.548Z,BOGOR,Asia/Jakarta,Lost
942,cba43037777e760fee4076a69587ed75,Online,2024-08-24T01:31:32.518Z,SUDIRMAN,Asia/Jakarta,Maybe
943,92361e97fc5ab60797b52d9d3c4d7db2,Offline,2023-11-10T00:10:01.061Z,BSD,Asia/Jakarta,Maybe
944,076d253ad1364e218202fb2c4d1b00e6,Online,2024-01-17T07:44:25.250Z,GAJAH MADA,Asia/Jakarta,Fresh
945,076d253ad1364e218202fb2c4d1b00e6,Online,2024-01-17T07:44:25.250Z,GAJAH MADA,Asia/Jakarta,Maybe
946,076d253ad1364e218202fb2c4d1b00e6,Online,2024-01-17T07:44:25.250Z,GAJAH MADA,Asia/Jakarta,Deal
947,92acb94f1fb7d7b6f5d3bcb0d276fadf,Online,2024-01-10T00:53:25.432Z,ALAM SUTERA,Asia/Jakarta,Fresh
948,a033a490e6c7fbce9415a6ec22cbfa10,Offline,2024-02-22T08:09:32.391Z,CIKINI,Asia/Jakarta,Appointment
949,0af5adfba37bc5ff7ab169bdecb071df,Offline,2024-02-29T06:55:11.172Z,CILANDAK,Asia/Jakarta,Fresh
950,1ee8b5f112d196f345cbb5413c922768,Offline,2023-11-20T15:18:35.462Z,KELAPA GADING,Asia/Jakarta,Maybe
951,1ee8b5f112d196f345cbb5413c922768,Offline,2023-11-20T15:18:35.462Z,KELAPA GADING,Asia/Jakarta,Fresh
952,4571240983552b43195727a106299db9,Online,2024-07-14T11:06:41.202Z,BSD,Asia/Jakarta,Deal
953,4571240983552b43195727a106299db9,Online,2024-07-14T11:06:41.202Z,BSD,Asia/Jakarta,Follow Up
954,b6f7c5ced964ce19840b08863c616948,Online,2024-04-25T15:08:28.282Z,ALAM SUTERA,Asia/Jakarta,Fresh
955,b6f7c5ced964ce19840b08863c616948,Online,2024-04-25T15:08:28.282Z,ALAM SUTERA,Asia/Jakarta,Follow Up
956,13639ee40a6dd73d672edc0c3a6e5086,Online,2023-11-19T19:06:55.381Z,SENAYAN,Asia/Jakarta,Fresh
957,2244c5fb797206d6d76da949b7265baf,Offline,2024-01-05T13:28:47.385Z,PIK,Asia/Jakarta,Fresh
958,29a7f541c268322b00c1a90e2edc3771,Online,2024-05-03T23:41:01.642Z,SETIABUDI,Asia/Jakarta,Appointment
959,29a7f541c268322b00c1a90e2edc3771,Online,2024-05-03T23:41:01.642Z,SETIABUDI,Asia/Jakarta,Maybe
960,f806b7c5954090c4c75932338cbcf9f6,Offline,2024-07-25T06:01:47.177Z,SUDIRMAN,Asia/Jakarta,Fresh
961,ee70d40a321f9b25ec72276437254266,Online,2024-07-11T22:13:06.266Z,PANCORAN,Asia/Jakarta,Warm
962,a83b0366bbb0532583150c4ee805bed9,Online,2024-04-07T06:02:10.785Z,PLUIT,Asia/Jakarta,Fresh
963,b6f7c5ced964ce19840b08863c616948,Online,2024-04-25T15:08:28.282Z,ALAM SUTERA,Asia/Jakarta,Maybe
964,d1d98127fb590d54d4d04f2462561814,Online,2023-09-09T19:52:47.026Z,KELAPA GADING,Asia/Jakarta,Lost
965,d1d98127fb590d54d4d04f2462561814,Online,2023-09-09T19:52:47.026Z,KELAPA GADING,Asia/Jakarta,Maybe
966,554e30fec0fe65237090bf6d0324ae54,Offline,2024-07-18T11:21:12.899Z,ALAM SUTERA,Asia/Jakarta,Deal
967,ac339188f52bb17bcf0f76a6a590e81a,Online,2024-06-26T03:56:42.076Z,PLUIT,Asia/Jakarta,Lost
968,ac339188f52bb17bcf0f76a6a590e81a,Online,2024-06-26T03:56:42.076Z,PLUIT,Asia/Jakarta,Warm
969,6aa1f3bded7458d3e58156f71ed8481b,Offline,2023-09-14T22:18:39.240Z,BSD,Asia/Jakarta,Warm
970,6aa1f3bded7458d3e58156f71ed8481b,Offline,2023-09-14T22:18:39.240Z,BSD,Asia/Jakarta,Appointment
971,dfa853f545a09256f0f873e29d13f922,Offline,2024-06-12T05:40:11.410Z,SETIABUDI,Asia/Jakarta,Lost
972,a9c9b1e1c41c76a7826c8f2aecb5f881,Online,2024-04-19T17:13:35.403Z,SETIABUDI,Asia/Jakarta,Fresh
973,2606bcecf39b2353884f023f642b012b,Online,2024-08-30T14:15:14.760Z,SENAYAN,Asia/Jakarta,Lost
974,2606bcecf39b2353884f023f642b012b,Online,2024-08-30T14:15:14.760Z,SENAYAN,Asia/Jakarta,No Response
975,2606bcecf39b2353884f023f642b012b,Online,2024-08-30T14:15:14.760Z,SENAYAN,Asia/Jakarta,Warm
976,fe63b2b925a0e480faa0b66872ba4aa4,Online,2023-10-24T06:27:24.428Z,BOGOR,Asia/Jakarta,Maybe
977,fe63b2b925a0e480faa0b66872ba4aa4,Online,2023-10-24T06:27:24.428Z,BOGOR,Asia/Jakarta,Fresh
978,331ce692edfce0b5ecdc4c1dd3d74c30,Online,2024-01-06T11:37:23.285Z,TANGERANG,Asia/Jakarta,Maybe
979,f2a06a1a901c44313226fc2b4d642484,Offline,2024-04-24T16:07:50.453Z,BINTARO,Asia/Jakarta,Lost
980,f2a06a1a901c44313226fc2b4d642484,Offline,2024-04-24T16:07:50.453Z,BINTARO,Asia/Jakarta,Lost
981,f2a06a1a901c44313226fc2b4d642484,Offline,2024-04-24T16:07:50.453Z,BINTARO,Asia/Jakarta,Warm
982,54108d5b5c85a36e2b19ea3be185bf3b,Online,2023-11-14T10:50:10.428Z,SETIABUDI,Asia/Jakarta,Warm
983,c2666708bfec800b3e418410f7886a2f,Online,2024-06-18T07:35:02.192Z,SUDIRMAN,Asia/Jakarta,Warm
984,6c788a62dd71e43a80d30332d85ca0c7,Online,2024-05-28T17:40:24.424Z,SETIABUDI,Asia/Jakarta,Warm
985,6c788a62dd71e43a80d30332d85ca0c7,Online,2024-05-28T17:40:24.424Z,SETIABUDI,Asia/Jakarta,Fresh
986,6c788a62dd71e43a80d30332d85ca0c7,Online,2024-05-28T17:40:24.424Z,SETIABUDI,Asia/Jakarta,Lost
987,36d89c09afe214016d1880a4d2f7e86c,Online,2023-09-25T22:04:11.409Z,PIK,Asia/Jakarta,Maybe
988,c8665ed62d36ca5dc6f461949a3839ca,Offline,2024-07-22T16:43:04.554Z,BSD,Asia/Jakarta,Maybe
989,6bcbfb6c3d9541001ce6c28ccd1785cd,Online,2024-06-26T04:54:47.078Z,CILANDAK,Asia/Jakarta,Fresh
990,38b56aec9d423a42897bcc926ec582b8,Online,2024-03-11T03:47:45.485Z,PIK,Asia/Jakarta,Appointment
991,cf692997eee204962690617e92e6fefa,Online,2024-08-21T06:40:35.754Z,PLUIT,Asia/Jakarta,Lost
992,cf692997eee204962690617e92e6fefa,Online,2024-08-21T06:40:35.754Z,PLUIT,Asia/Jakarta,Fresh
993,512745aeb7c8191674d7b762c9143699,Offline,2024-05-02T07:41:00.812Z,BINTARO,Asia/Jakarta,Fresh
994,512745aeb7c8191674d7b762c9143699,Offline,2024-05-02T07:41:00.812Z,BINTARO,Asia/Jakarta,Fresh
995,512745aeb7c8191674d7b762c9143699,Offline,2024-05-02T07:41:00.812Z,BINTARO,Asia/Jakarta,Deal
996,512745aeb7c8191674d7b762c9143699,Offline,2024-05-02T07:41:00.812Z,BINTARO,Asia/Jakarta,Appointment
997,8eb743ac8a41445823bb168636e9bdc6,Online,2024-01-15T14:37:46.305Z,BEKASI,Asia/Jakarta,Warm
998,9121d0a483c261ce3c76a71ee0ab7852,Offline,2023-10-01T20:04:09.377Z,CIKARANG,Asia/Jakarta,Lost
999,24b12bb43f6c107630a97e04011993a0,Online,2024-06-16T19:04:10.964Z,PIK,Asia/Jakarta,Fresh
1000,78b1a52d76c3c5815c5a2c63c667dc50,Online,2023-09-04T20:43:43.734Z,DEPOK,Asia/Jakarta,Fresh