transaction_id,transaction_status,transaction_at,transaction_location,timezone_transaction,transaction_type
52a1850806116d13af96f0d4214d29a5,PAID,2024-07-11T18:55:06.696Z,CIKINI,Asia/Jakarta,NEW
7e532c1475791825e6f18cd557c114b1,PENDING,2024-06-22T01:40:22.291Z,SEMINYAK,Asia/Makassar,UPGRADE
5f59734b6e7264268bfa6312a0d24289,PENDING,2024-08-27T20:22:53.670Z,KUNINGAN,Asia/Jakarta,NEW
ecdc661a01325002150d924551df7711,PAID,2024-07-19T12:35:11.023Z,KUNINGAN,Asia/Jakarta,REJOIN
5bec4a1d8e5388a9cc336c37bfc7395c,REFUNDED,2024-03-26T14:51:28.104Z,SEMINYAK,Asia/Makassar,NEW
39ed7ac1aecc72c5cf66fb222ec2dfa5,PAID,2024-02-09T21:54:17.539Z,CIKINI,Asia/Jakarta,REJOIN
f3d038c58d0bead8de228dc9c22910a8,PAID,2024-04-06T12:08:05.195Z,SERPONG,Asia/Jakarta,NEW
88ce7988b787fbef48fd217131ace2ba,PAID,2024-02-06T13:18:45.407Z,MAMPANG,Asia/Jakarta,NEW
a3bf6651557b684f1e3e14e2cddaf688,PAID,2024-03-12T04:53:24.435Z,SERPONG,Asia/Jakarta,NEW
01493410f6e90bff42ea837a4cf008f8,PAID,2024-06-16T20:11:13.672Z,SENAYAN,Asia/Jakarta,REJOIN
68bf5dba65021b421dda4347274ff83f,PAID,2024-02-02T13:55:00.486Z,THAMRIN,Asia/Jakarta,NEW
3c1d2964a1fd2ec9cb7492db86b8ec9d,PAID,2024-03-30T07:12:10.087Z,ARTERI PONDOK INDAH,Asia/Jakarta,RENEWAL
51d8aaa70cb88a1b414b3bf767ac9a12,PENDING,2024-02-21T19:45:37.012Z,SUDIRMAN,Asia/Jakarta,NEW
f137b47cf8417418ff6ee11b459a4157,PAID,2024-06-24T01:23:25.415Z,SERPONG,Asia/Jakarta,UPGRADE
55d0cd1ebe456f956401d4e34835feca,PENDING,2024-06-08T13:44:06.461Z,CIKINI,Asia/Jakarta,NEW
d7e82644ba637a1a18c875c6832855c3,PAID,2024-07-22T13:36:04.215Z,ARTERI PONDOK INDAH,Asia/Jakarta,NEW
04f28ad34367fdd00be7906eddf3128a,EXPIRED,2024-02-03T00:17:20.564Z,SEMINYAK,Asia/Makassar,RENEWAL
5bec4a1d8e5388a9cc336c37bfc7395c,PAID,2024-02-19T16:44:14.641Z,SENAYAN,Asia/Jakarta,REJOIN
b1189639047fae733fb407a64ae3056a,PENDING,2024-03-20T16:46:33.507Z,KEMANG,Asia/Makassar,NEW
d33c4f7236af263f2006eebfe52eb0a6,PAID,2024-01-31T09:16:06.286Z,KELAPA GADING,Asia/Jakarta,NEW
e8c6c4c1b3875b7a3a667c031955f0bb,PENDING,2024-01-26T08:56:21.024Z,SUDIRMAN,Asia/Jakarta,NEW
b7cced270e4b23d7c98626a782611936,PAID,2024-06-28T00:07:15.635Z,BSD,Asia/Jakarta,NEW
8ccc444447234e31438a1700e375e309,PAID,2024-03-10T00:50:02.459Z,SETIABUDI,Asia/Jakarta,NEW
a0ab5050f0bedd65910776ca28a64fa6,PAID,2024-06-10T17:33:08.018Z,BENHIL,Asia/Jakarta,NEW
53b30e6d6e7208ae1958248e17cf32ff,PAID,2024-02-03T12:19:20.925Z,SERPONG,Asia/Jakarta,NEW
ead993790f252fd3edaa567dca436582,PAID,2024-08-28T05:32:21.798Z,ARTERI PONDOK INDAH,Asia/Jakarta,NEW
c6155c8a02e5b1ceac019b12e4ccab3d,PAID,2024-04-16T19:07:00.926Z,PLUIT,Asia/Jakarta,RENEWAL
8e3485022eae2c18a5d89e1fa6c4f95c,PAID,2024-04-25T02:29:36.839Z,BINTARO,Asia/Jakarta,UPGRADE
fdeebb34a650790094886425d20cb712,PAID,2024-01-05T11:09:03.057Z,ALAM SUTERA,Asia/Jakarta,NEW
5a7eb3e08630c08f2398ad2440ecb0db,PENDING,2024-02-10T21:17:47.267Z,BINTARO,Asia/Jakarta,NEW
5bbdb486c84af3e043bfb5e53eabaf7d,PAID,2024-08-09T11:57:30.905Z,BSD,Asia/Jakarta,REJOIN
91e201e5200babb195dde1def1310dca,PAID,2024-02-08T00:08:17.810Z,UBUD,Asia/Makassar,NEW
56044b55f8d9066c5b83d1d203cf077c,PAID,2024-07-19T01:27:19.266Z,GREENVILLE,Asia/Jakarta,UPGRADE
df32fc7f8151eeb6a54682faf29b9098,FAILED,2024-06-19T09:53:38.705Z,BINTARO,Asia/Jakarta,NEW
27e334bd22358253fb1f16fcb63a1360,PAID,2024-04-25T00:54:28.474Z,PONDOK INDAH,Asia/Jakarta,NEW
b03db9adaaea932164be36b2d70d8ade,PAID,2024-02-11T07:32:01.039Z,KUNINGAN,Asia/Jakarta,NEW
bf35d7370c55b7f28eb9a4601eaa9146,CANCELLED,2024-06-28T11:14:18.217Z,TEBET,Asia/Jakarta,UPGRADE
1c3abd2adc6fcac7c3bafa7cc5a5791e,EXPIRED,2024-08-07T06:21:13.927Z,MAMPANG,Asia/Jakarta,NEW
859a31499d27c3689bf1e8a4731da116,PAID,2024-02-26T02:05:59.717Z,MAMPANG,Asia/Jakarta,NEW
8d0d79ad56f1aa09ae5f87e0ba5d578c,PAID,2024-01-21T11:23:19.846Z,KEMANG,Asia/Jakarta,NEW
75fd53713b2f1f6869610d7c08862abe,PENDING,2024-03-08T12:54:21.103Z,SUNSET ROAD,Asia/Makassar,NEW
61e0d24bd20099e78dc6b61a9fa2c817,PAID,2024-02-17T06:03:16.989Z,MAMPANG,Asia/Jakarta,NEW
17497be5bb2c487aee000ea9649fd95f,PENDING,2024-02-15T07:46:23.371Z,SEMINYAK,Asia/Makassar,NEW
c7c74c549ac9db02d9f366c37b542ecc,FAILED,2024-08-10T02:34:15.15Z,THAMRIN,Asia/Jakarta,RENEWAL
cae518c3ce39a734cc71cc39ee879332,PAID,2024-07-19T20:48:54.877Z,BSD,Asia/Jakarta,NEW
f51ac295800fd794c6fcdf4032108d7f,PENDING,2024-02-04T22:27:40.263Z,SUNSET ROAD,Asia/Makassar,RENEWAL
1e82d53b2ff080e48bc71503b97a7565,PAID,2024-01-05T21:34:17.479Z,PONDOK INDAH,Asia/Jakarta,NEW
0e3ede271eda75d7a230b82d4624d527,PAID,2024-07-18T09:46:19.058Z,KUNINGAN,Asia/Jakarta,NEW
e8d1cf6433662df2a7887cf450642d83,PAID,2024-08-24T08:09:03.748Z,GREENVILLE,Asia/Jakarta,NEW
39bc931b6b0c5dd70e7d42d525908781,FAILED,2024-05-28T02:48:15.590Z,BSD,Asia/Jakarta,RENEWAL
df78880f3214d01b30998b1db0178416,PAID,2024-08-10T11:16:08.473Z,MAMPANG,Asia/Jakarta,NEW
df66d86fc5356fcedd08fe36a5816802,REFUNDED,2024-01-16T15:18:49.035Z,PONDOK INDAH,Asia/Jakarta,NEW
e9ac0110301520fee19e78ee94bb47b3,PENDING,2024-07-31T20:00:26.310Z,PONDOK INDAH,Asia/Jakarta,NEW
43386905d3874f4c21d7067b13fb255a,PAID,2024-02-06T21:56:47.756Z,PLUIT,Asia/Jakarta,RENEWAL
f4aab616816f2d491db45589a0bf648c,PAID,2024-05-08T04:34:40.331Z,MENTENG,Asia/Jakarta,NEW
35fef04e48496db670a701368ae2366c,PAID,2024-03-07T07:14:50.371Z,SETIABUDI,Asia/Jakarta,REJOIN
d81ebdfe6248832a95fa06c4b04d9a37,EXPIRED,2024-07-18T17:57:29.147Z,CIKINI,Asia/Jakarta,RENEWAL
12c1128d9c00c5b5241e95760e9f7930,PAID,2024-06-25T21:02:22.31Z,SETIABUDI,Asia/Jakarta,RENEWAL
ef1aa966b0d1260e655d5af6e8675640,PENDING,2024-04-14T17:29:05.557Z,DENPASAR,Asia/Makassar,NEW
7dc25b6f3f8372b4e95393d1884c6a94,PENDING,2024-03-30T22:20:22.328Z,PONDOK INDAH,Asia/Jakarta,REJOIN
1ecc3b14d65d7aade25cbe0b7f6e1449,PAID,2024-03-03T22:04:17.441Z,SENAYAN,Asia/Jakarta,NEW
604a2d9b46a50dc40d9031c3eb1b6bd4,REFUNDED,2024-05-12T03:49:17.708Z,SUNSET ROAD,Asia/Makassar,NEW
da8a3adc73fd822c34f251a2a77b0b2a,EXPIRED,2024-08-06T18:02:35.246Z,BSD,Asia/Jakarta,NEW
8c2a97cd1453043b71575210fc1bf917,FAILED,2024-05-19T12:52:36.941Z,MENTENG,Asia/Jakarta,NEW
9bba1b0625f8ea1b496a532ed401cef6,PAID,2024-03-02T03:50:34.306Z,BENHIL,Asia/Jakarta,NEW
232a6fd73509d8210be10f2b60ca9788,EXPIRED,2024-06-04T21:00:41.984Z,MENTENG,Asia/Jakarta,RENEWAL
cb5a965a2d8ad3bb298f53743f3b3da3,PAID,2024-03-28T23:38:23.554Z,ALAM SUTERA,Asia/Jakarta,NEW
891617d8bc1fb1d62f9c2c0350934b6e,PAID,2024-05-17T17:41:06.172Z,PLUIT,Asia/Jakarta,NEW
cb0438857d55590e35b0f7c7142edad9,PENDING,2024-06-21T11:12:35.014Z,SUDIRMAN,Asia/Jakarta,REJOIN
770d19a9dfb73f8584293db57e55733e,PAID,2024-04-15T21:26:22.393Z,PLUIT,Asia/Jakarta,NEW
498ff08cdcaa54cdfa4cb8a586055f75,CANCELLED,2024-03-20T18:06:49.007Z,SENAYAN,Asia/Jakarta,NEW
66ce92b49af13e9457fbbed52e8ca300,PAID,2024-02-08T16:03:31.201Z,BINTARO,Asia/Jakarta,RENEWAL
201d9b04a0505d079c2dc19cf6fd05a5,PENDING,2024-02-06T07:00:18.019Z,MENTENG,Asia/Jakarta,NEW
c1d6898a95b4bcc4cf748f207ac5f3c1,PAID,2024-03-20T14:09:59.568Z,ARTERI PONDOK INDAH,Asia/Jakarta,NEW
9beddc85b7d3ee63c0a0cea536e6ad00,PAID,2024-06-14T06:58:13.658Z,BSD,Asia/Jakarta,NEW
7fc7ecf2410d359f30cdb0c762eac2e2,PENDING,2024-03-06T12:47:23.475Z,THAMRIN,Asia/Jakarta,NEW
5ebef03cb083610f5e17262a2b8157e5,CANCELLED,2024-01-29T02:42:27.279Z,KEMANG,Asia/Jakarta,NEW
4f30cf4507456fb46862cecea38fbbfd,EXPIRED,2024-01-20T05:28:00.415Z,ALAM SUTERA,Asia/Jakarta,REJOIN
a85f0bd89f3ab6b689a5a8394e7b8732,PAID,2024-05-22T01:25:36.244Z,UBUD,Asia/Makassar,NEW
a2fdae55d66b65a84a4471ab28027a98,PAID,2024-08-09T13:54:40.265Z,DENPASAR,Asia/Makassar,NEW
b453d1ad36c95075b46ac569e3fb5a51,PAID,2024-01-10T22:30:35.110Z,UBUD,Asia/Makassar,NEW
7d67e778dab60a8cc131d11c90ab70b6,PAID,2024-02-26T12:23:11.328Z,SETIABUDI,Asia/Jakarta,NEW
0f4454d88604dcd430857795c3e80586,PAID,2024-06-19T12:46:41.298Z,SETIABUDI,Asia/Jakarta,NEW
f96b332d12ed70bb23bbc82cb873103d,PENDING,2024-01-23T00:09:11.946Z,BSD,Asia/Jakarta,NEW
d439582e5d2cf606a3817b6a1d1eff84,FAILED,2024-02-06T02:44:36.205Z,KELAPA GADING,Asia/Jakarta,RENEWAL
98124ed3e09f5fa0573b2c41818c9708,PENDING,2024-05-17T00:59:44.078Z,ADITYAWARMAN,Asia/Jakarta,NEW
22f5dd721e17817288536323d8e0f7c9,PAID,2024-04-12T14:16:54.031Z,BSD,Asia/Jakarta,NEW
191a33c8dd1513c241c925ec0c282cc3,PENDING,2024-01-02T02:32:20.810Z,SENAYAN,Asia/Jakarta,NEW
85191d056af9c7c74b407ca26af8b9aa,FAILED,2024-03-31T03:12:22.245Z,SUNSET ROAD,Asia/Makassar,NEW
37eab6ccafd61ad59dc0701c697535d9,CANCELLED,2024-06-20T16:01:49.417Z,THAMRIN,Asia/Jakarta,NEW
1a0d24f53e9e67f8f3d2802f7c4518d8,FAILED,2024-06-10T13:39:30.077Z,PONDOK INDAH,Asia/Jakarta,NEW
444bafc0a7b0ee1648297f70e43e8f29,PAID,2024-01-11T00:30:47.430Z,SUDIRMAN,Asia/Jakarta,REJOIN
1fa7f5e5d708e3c048ae9fc5b4e79e6a,PAID,2024-04-13T15:12:34.115Z,KELAPA GADING,Asia/Jakarta,UPGRADE
7dac52c78ac45e84a4c0d95f4318ca6c,PAID,2024-02-15T18:15:52.793Z,ADITYAWARMAN,Asia/Jakarta,NEW
cd675db2b6e43ae109363bcad23d3140,PAID,2024-05-29T06:13:23.627Z,GADING SERPONG,Asia/Jakarta,NEW
c989e459e1081f37c78f9908774ef838,CANCELLED,2024-01-12T20:11:34.228Z,KEMANG,Asia/Jakarta,NEW
861ab96893dfcf5f1727ab753643b873,FAILED,2024-04-25T01:03:59.765Z,BSD,Asia/Jakarta,NEW
b9056dab88a9551bb60bc5d5e7155efd,PAID,2024-04-07T20:15:20.672Z,TEBET,Asia/Jakarta,NEW
bff6b6cd203960dc70e8159e7a33e619,PAID,2024-06-19T17:38:34.779Z,MAMPANG,Asia/Jakarta,NEW
076ab3ab72e913f36cdab01fc003e3ae,PAID,2024-06-30T17:17:09.018Z,GADING SERPONG,Asia/Jakarta,NEW
ce128958f6e10a189c8ba97a8328d3bb,PAID,2024-07-31T02:10:10.532Z,ALAM SUTERA,Asia/Jakarta,UPGRADE
bdd154c29fc011b98769aebcedb0ad6e,PAID,2024-02-22T02:16:22.258Z,GREENVILLE,Asia/Jakarta,NEW
0622fa79cc5c08585d0c35120d651173,PAID,2024-06-07T06:12:31.953Z,BENHIL,Asia/Jakarta,RENEWAL
f134e04bf27abbc340b34fa9a9b41105,PENDING,2024-07-17T04:06:11.704Z,MAMPANG,Asia/Jakarta,NEW
7e46b2fed7536c13559d11ca4407d041,PAID,2024-02-20T12:20:18.958Z,SETIABUDI,Asia/Jakarta,NEW
b2c45813c46c33365a7d0ad30717b117,PAID,2024-03-15T02:17:18.069Z,GREENVILLE,Asia/Jakarta,NEW
3508739fe6060885177fc2ca14c1b748,PAID,2024-07-01T15:32:51.703Z,GADING SERPONG,Asia/Jakarta,NEW
379a2cfbd5e239e130723b9f6a0f378f,PAID,2024-03-15T17:19:34.853Z,SERPONG,Asia/Jakarta,RENEWAL
c4fc026b9c3d2c97864846ef25c261dc,PENDING,2024-04-14T10:39:03.990Z,SUDIRMAN,Asia/Jakarta,RENEWAL
0e1044fd68dca813a9cef31e92b4358a,PAID,2024-03-23T11:05:57.688Z,SUNSET ROAD,Asia/Makassar,REJOIN
75cfe75ff1f862b5b675fae18e9a7758,PAID,2024-07-06T01:48:30.709Z,KELAPA GADING,Asia/Jakarta,NEW
25fcdaabf3c44d9de9308b4102b034bf,PAID,2024-03-18T00:39:45.152Z,ARTERI PONDOK INDAH,Asia/Jakarta,NEW
54bd5e4410f2d5829fccd64041712c77,FAILED,2024-06-18T02:53:22.141Z,SENAYAN,Asia/Jakarta,NEW
3d7c88503083b732ffe2075babc684c5,PAID,2024-04-05T05:10:11.472Z,THAMRIN,Asia/Jakarta,NEW
cbda741a961c87df6b8cb50c1e2df81a,PAID,2024-05-12T08:28:45.447Z,BENHIL,Asia/Jakarta,REJOIN
bbb0ea8b5d9636cb5e781ffb632cc63c,REFUNDED,2024-07-18T05:55:22.346Z,SEMINYAK,Asia/Makassar,NEW
8dbf95bdaa0035c400f35ef4964f0acc,PAID,2024-01-21T06:41:49.910Z,SETIABUDI,Asia/Jakarta,RENEWAL
d4a6d285d5dde2fbaa0d875ccd353150,PAID,2024-07-12T08:28:59.758Z,DENPASAR,Asia/Makassar,NEW
a476ae955db5e9fe170f338eada97902,PAID,2024-05-18T11:52:43.103Z,SUNSET ROAD,Asia/Makassar,NEW
c3ef66be345b288a2ff8c2e8cd5e308e,PAID,2024-08-05T11:15:00.218Z,BSD,Asia/Jakarta,RENEWAL
c6944687105bb34829e39bbbb4de0f71,PAID,2024-05-04T06:00:12.471Z,SUNSET ROAD,Asia/Makassar,NEW
86bf3d564a729146dc974878835611b5,PAID,2024-08-10T08:45:28.561Z,BSD,Asia/Jakarta,NEW
b5ae6648abf25dc9a5f8621ec05775e5,PAID,2024-02-15T03:32:18.34Z,CIKINI,Asia/Jakarta,RENEWAL
9d0c1ca0e47f613b24361fe128fc2d07,PAID,2024-03-10T16:53:13.611Z,SEMINYAK,Asia/Makassar,RENEWAL
1205b27135f31d56770ae2ecaa79ec8e,EXPIRED,2024-05-10T20:53:24.676Z,ARTERI PONDOK INDAH,Asia/Jakarta,NEW
de8226b0cc80c6a9b6ffe9564eccdfb5,FAILED,2024-08-10T18:26:15.878Z,UBUD,Asia/Makassar,NEW
df7d061648b0926e96ec1750d414c388,PAID,2024-04-17T19:42:01.467Z,TEBET,Asia/Jakarta,REJOIN
abf0dc49dbf5dd48701ce39e14d9faca,PAID,2024-03-27T15:41:14.485Z,TEBET,Asia/Jakarta,RENEWAL
402f4f169f367506a7834815eee7e917,PAID,2024-05-27T11:06:24.982Z,SETIABUDI,Asia/Jakarta,NEW
74592c57f75cfb7e3fa2334bb96318ac,PENDING,2024-03-16T00:23:37.694Z,SENAYAN,Asia/Jakarta,RENEWAL
4f14eb85b829fe3319bfa6f09b6de86d,CANCELLED,2024-08-30T01:28:40.544Z,ARTERI PONDOK INDAH,Asia/Jakarta,UPGRADE
b85e42229c2898680063c3d31765c3ad,PAID,2024-03-11T06:14:53.202Z,BINTARO,Asia/Jakarta,NEW
51a648e3245eb6201da2a0851bb82a6a,PAID,2024-06-03T17:05:47.103Z,SUNSET ROAD,Asia/Makassar,REJOIN
af54a36b6218fe1873a7c4ed7272ab9f,FAILED,2024-05-05T01:37:45.245Z,BENHIL,Asia/Jakarta,NEW
b5b5b4f701bda2db16a005df5ecd9faf,PAID,2024-05-11T00:41:40.129Z,SETIABUDI,Asia/Jakarta,NEW
934886a284cbc83e8646bd7b37545cb3,PAID,2024-04-09T08:19:04.65Z,SENAYAN,Asia/Jakarta,REJOIN
85669ed4c57bb213e0256f422ab50a30,PAID,2024-05-25T11:57:58.521Z,GREENVILLE,Asia/Jakarta,NEW
769406605c5a930a943de399505a9813,EXPIRED,2024-03-29T15:22:52.118Z,THAMRIN,Asia/Jakarta,NEW
a653a8847b70a79297f2ffcbfe4db1e2,PAID,2024-05-15T02:09:57.528Z,ARTERI PONDOK INDAH,Asia/Jakarta,NEW
1814836d984c9bd5fa2a120e30f38542,FAILED,2024-01-23T14:54:50.029Z,BSD,Asia/Jakarta,NEW
5608c8122c8bcad48bb1443fcfdab52d,REFUNDED,2024-02-11T08:36:20.082Z,SERPONG,Asia/Jakarta,RENEWAL
efb4d2d80e7db8d3e5051191244eedf7,PAID,2024-01-23T21:06:00.749Z,DENPASAR,Asia/Makassar,NEW
fa79e686cdf34f824017c7579ccb627e,FAILED,2024-03-12T16:14:56.483Z,PONDOK INDAH,Asia/Jakarta,NEW
fa39e45149d5cd4c289eb2a1f67db6d2,PAID,2024-06-17T13:13:56.397Z,GREENVILLE,Asia/Jakarta,NEW
bd293a71fd7ea16dfa9f251cf244cc09,PAID,2024-02-03T12:17:01.269Z,BENHIL,Asia/Jakarta,NEW
475cb13051bcf30c6e641f876cd726e6,PAID,2024-04-05T04:35:50.570Z,ALAM SUTERA,Asia/Jakarta,UPGRADE
ae604723dd6ae26046b8310104cb21af,PENDING,2024-03-10T18:46:28.63Z,THAMRIN,Asia/Jakarta,NEW
6184f663f5ad6c4107d37c4286fe3860,FAILED,2024-06-19T19:36:54.727Z,BINTARO,Asia/Jakarta,RENEWAL
c68dc5c108ad8914f795f9f8a401693d,PAID,2024-01-09T07:21:23.288Z,SUDIRMAN,Asia/Jakarta,NEW
8a818555d443e899367fdc282c04b5be,PENDING,2024-02-10T13:54:45.188Z,PONDOK INDAH,Asia/Jakarta,NEW
a03f665bba6983ffcf7d3bbfde4c745c,PENDING,2024-03-01T10:57:28.913Z,GREENVILLE,Asia/Jakarta,NEW
512b3d5d4460660d60f3401b9834f5fe,PAID,2024-08-15T19:49:19.829Z,ADITYAWARMAN,Asia/Jakarta,NEW
26e7521fca5634a08804bf4468779eb2,PENDING,2024-02-19T13:50:08.214Z,ADITYAWARMAN,Asia/Jakarta,RENEWAL
5ff7ca2f217076f6dc93476a859f3501,EXPIRED,2024-07-10T11:29:47.989Z,BENHIL,Asia/Jakarta,NEW
65fa6f7811a7680b7cd4969a07e571a9,PAID,2024-08-08T02:20:02.409Z,BENHIL,Asia/Jakarta,RENEWAL
f078bf97a8bf05e0c0ac363b8959fcf3,REFUNDED,2024-06-23T02:30:31.179Z,TEBET,Asia/Jakarta,NEW
458c01d0dab516e80ed7c7d1e24e0e4e,PENDING,2024-05-07T07:07:23.853Z,GREENVILLE,Asia/Jakarta,RENEWAL
b62a7c92952b0d3405beac871623e0e6,PENDING,2024-06-07T21:57:39.64Z,MAMPANG,Asia/Jakarta,RENEWAL
53cbc8b2644b354da76ef79d4418c26f,FAILED,2024-05-13T04:36:32.385Z,SERPONG,Asia/Jakarta,UPGRADE
b162625d4dc9992480bc487ed60fbba1,PAID,2024-06-10T01:07:25.380Z,GADING SERPONG,Asia/Jakarta,NEW
fa511897f6562f9864577f93025ce3c7,PAID,2024-03-08T02:41:31.683Z,CIKINI,Asia/Jakarta,REJOIN
28b5256115d6b5f472cfec2bcc14543c,PAID,2024-01-06T00:09:24.009Z,CIKINI,Asia/Jakarta,RENEWAL
cb43b4b5c9df6f0e086c53c8c70c3704,PAID,2024-08-30T09:29:32.684Z,ALAM SUTERA,Asia/Jakarta,REJOIN
72ef604e326459f4c6a7ecae5afb33cc,PAID,2024-04-29T23:42:04.288Z,SUDIRMAN,Asia/Jakarta,RENEWAL
43151249748cb5ec8752e91ee0b38d57,PENDING,2024-07-20T01:17:36.487Z,ALAM SUTERA,Asia/Jakarta,NEW
041282c19d23c7e56f5fe38f1dcb91f1,PENDING,2024-01-31T08:40:31.42Z,DENPASAR,Asia/Makassar,NEW
4ac745dd323593b1a8d0287fa4e69847,PAID,2024-08-14T10:10:31.276Z,KEMANG,Asia/Jakarta,NEW
f060f1fdb0b7728c2e6437a9e88f3055,PAID,2024-07-04T11:07:10.495Z,ADITYAWARMAN,Asia/Jakarta,NEW
e36ca2a770835eb71b58f92a0409605a,PAID,2024-05-31T21:36:56.15Z,SUNSET ROAD,Asia/Makassar,NEW
f10b679530df4750ed34bc763cdd19fb,REFUNDED,2024-03-24T18:47:40.070Z,BINTARO,Asia/Jakarta,NEW
9cec2b068bf973e19db8fb1d04e28d75,PAID,2024-07-19T02:39:36.273Z,KEMANG,Asia/Jakarta,NEW
4c247e232356c676ce6e4f8a642e5b78,PENDING,2024-07-30T00:29:44.271Z,KEMANG,Asia/Jakarta,UPGRADE
6143d853445ccbea10248d963fc50f4d,FAILED,2024-08-02T18:33:25.304Z,ADITYAWARMAN,Asia/Jakarta,REJOIN
fd9b5493c169a54adf849e80582f6925,PAID,2024-08-21T21:13:33.061Z,SUNSET ROAD,Asia/Makassar,NEW
4db1ac62a522626886c15edec8c9141e,PAID,2024-03-10T22:42:02.722Z,KUNINGAN,Asia/Jakarta,NEW
f40b415ae7a04b150b8a589721daba60,EXPIRED,2024-08-04T10:27:28.551Z,TEBET,Asia/Jakarta,NEW
12aacbe003c28c28eb674fca4b7c5ea7,PENDING,2024-01-03T19:13:41.728Z,SETIABUDI,Asia/Jakarta,NEW
7d25bd5fa01195471ed87495ffbd1152,PENDING,2024-04-02T15:41:30.226Z,MENTENG,Asia/Jakarta,NEW
6406ec6bc9a27d61f5a80bed359959e6,EXPIRED,2024-05-07T20:52:38.835Z,UBUD,Asia/Makassar,NEW
f9d18bfe15f8f40f4859efe4d06f4593,PAID,2024-05-11T09:09:15.073Z,BSD,Asia/Jakarta,NEW
1fbcd732bce5d7c499d1f8d0cd56d43a,PAID,2024-08-18T01:50:01.882Z,BSD,Asia/Jakarta,NEW
bf0d504317ea331916fec72678a18713,PAID,2024-06-09T02:29:19.483Z,DENPASAR,Asia/Makassar,NEW
2d7e419e259d37dd878c23d51127fe76,PAID,2024-07-23T06:30:05.962Z,SETIABUDI,Asia/Jakarta,NEW
d6f5984c035e8049c1c6867feebb20da,PAID,2024-07-25T15:06:44.479Z,GADING SERPONG,Asia/Jakarta,REJOIN
51fed061bccc101dd83d150f6cc9fcef,PAID,2024-05-12T15:17:49.400Z,SUNSET ROAD,Asia/Makassar,NEW
62f7b8c56bbe4db96911410bb93bd939,PAID,2024-05-11T20:10:38.647Z,PONDOK INDAH,Asia/Jakarta,NEW
7f7d334ea9c8ab8b1fbad2285d7dad24,PAID,2024-08-18T21:46:13.504Z,KUNINGAN,Asia/Jakarta,RENEWAL
17ad72f7f02839c8a39d4e1719fef436,PAID,2024-02-08T22:05:18.434Z,ADITYAWARMAN,Asia/Jakarta,NEW
24aa8dc3823215ea139801991c3985f6,CANCELLED,2024-03-04T00:21:58.788Z,MENTENG,Asia/Jakarta,REJOIN
ce04326e67b1c644f6bbdb078a2d471e,PAID,2024-07-24T21:00:46.346Z,BINTARO,Asia/Jakarta,NEW
08f455b7c023566f79fa9d50f891b5a4,PAID,2024-03-27T11:14:21.496Z,TEBET,Asia/Jakarta,RENEWAL
f13c16cbc1e5d7e742702d9d27714eb8,PAID,2024-01-20T13:14:44.256Z,PLUIT,Asia/Jakarta,NEW
3289772b84dfef1674be28fe7178c24f,PAID,2024-02-02T06:07:05.433Z,ARTERI PONDOK INDAH,Asia/Jakarta,NEW
b135acf81bd287bd15165398055acdf3,PAID,2024-08-25T02:04:46.137Z,SERPONG,Asia/Jakarta,NEW
00f44d1ce89099c813a114c85f939d56,PAID,2024-01-21T08:29:25.596Z,SETIABUDI,Asia/Jakarta,NEW
02d487de1120d6d3524a54990e494463,PAID,2024-03-25T07:34:56.528Z,SUNSET ROAD,Asia/Makassar,NEW
a9e8e7847e7053987ec10b9a807d901e,PAID,2024-02-04T00:15:44.275Z,CIKINI,Asia/Jakarta,RENEWAL
52db018f9e1925270aaec1d8e71b2f8e,PAID,2024-03-27T05:27:56.471Z,SERPONG,Asia/Jakarta,NEW
482456c70ea112f5ff6c3917a41dd72f,PAID,2024-07-16T14:47:54.929Z,GADING SERPONG,Asia/Jakarta,NEW
73712fa4ddd3058c946870120adc009b,PAID,2024-05-19T12:33:52.297Z,KUNINGAN,Asia/Jakarta,NEW
fc54e0dd1fa6698de50caa11e57f3a08,PAID,2024-05-23T14:52:25.845Z,SEMINYAK,Asia/Makassar,RENEWAL
537dfc8d17b37807b92f513e8d8abf38,PAID,2024-02-23T09:42:45.877Z,SUNSET ROAD,Asia/Makassar,NEW
a246c66684f3285b0a5e46584a6b478b,PAID,2024-07-06T02:08:26.15Z,GADING SERPONG,Asia/Jakarta,NEW
ec3dcd7bbc117dc8bd7e1161e4ff0d1e,REFUNDED,2024-03-05T14:09:32.858Z,SENAYAN,Asia/Jakarta,RENEWAL
3544529a73469cda01d2c02eca683032,PENDING,2024-02-13T18:28:45.526Z,TEBET,Asia/Jakarta,NEW
68680e9542ed69830b29002a9fa80f7d,REFUNDED,2024-02-17T09:22:24.415Z,BENHIL,Asia/Jakarta,NEW
707671697058983701280799e46d93f3,EXPIRED,2024-08-17T02:40:50.23Z,PLUIT,Asia/Jakarta,NEW
cec05b1622bc7a17598cb95732739f36,PAID,2024-07-06T14:04:03.445Z,SERPONG,Asia/Jakarta,NEW
a70f48f3132d804824e73918a184b9e9,PAID,2024-02-28T12:26:58.064Z,GREENVILLE,Asia/Jakarta,REJOIN
fc8e081c41b27c0bbae8c21b034b3582,PAID,2024-01-29T02:51:15.175Z,BINTARO,Asia/Jakarta,UPGRADE
3a231b5015e5545fef9f43dd2d41088c,EXPIRED,2024-07-08T13:52:25.211Z,TEBET,Asia/Jakarta,REJOIN
9b0f4cfbdbf7c8872724160c40836fef,PENDING,2024-06-04T10:25:12.632Z,KUNINGAN,Asia/Jakarta,NEW
34ddbb89a07f3714d0ccd4e57f8a1041,REFUNDED,2024-03-15T11:28:06.771Z,DENPASAR,Asia/Makassar,NEW
81dc9b525b92370072e2bc58f96f4f46,EXPIRED,2024-02-16T14:40:56.186Z,KUNINGAN,Asia/Jakarta,REJOIN
9fd45b5c1e9f52ca74ea803b0d8547d3,EXPIRED,2024-03-01T00:55:10.842Z,ARTERI PONDOK INDAH,Asia/Jakarta,NEW
111ce0cda4d10f3ec01a2aa373dab90e,PAID,2024-08-02T05:40:18.545Z,UBUD,Asia/Makassar,NEW
c76ad28bb0ef70006b643f734885c4d8,PAID,2024-08-21T04:08:37.425Z,ADITYAWARMAN,Asia/Jakarta,NEW
c6685e205ea7ba3504d3bce360e031da,PAID,2024-03-29T13:18:39.765Z,SEMINYAK,Asia/Makassar,NEW
231db3d0f121a194d04eb082bf6bcb12,PAID,2024-07-28T02:38:25.735Z,UBUD,Asia/Makassar,NEW
47572c9e26fb7ff373c0dc3a38131e7e,PENDING,2024-02-13T22:04:16.031Z,BSD,Asia/Jakarta,NEW
eac9c2f9931bba47cae1c0a816ad18c1,PAID,2024-02-26T11:25:25.181Z,UBUD,Asia/Makassar,NEW
be8f6a0602c148801a6175f0218fc185,PAID,2024-06-18T13:53:13.306Z,SUDIRMAN,Asia/Jakarta,NEW
916f68ccb6b390325b0e1ff9df7d0cac,PAID,2024-06-11T07:51:39.183Z,MAMPANG,Asia/Jakarta,NEW
325ceff939ce787bded70e3d6f4b2d86,PAID,2024-03-17T16:51:20.973Z,TEBET,Asia/Jakarta,NEW
ce9b82702f6260933ae0b9760585f5dc,PAID,2024-02-15T15:57:46.428Z,DENPASAR,Asia/Makassar,UPGRADE
df7d061648b0926e96ec1750d414c388,REFUNDED,2024-06-06T15:24:42.569Z,ADITYAWARMAN,Asia/Jakarta,RENEWAL
c82e037f24c5e034d1aefc07313b9241,PAID,2024-06-23T01:14:35.211Z,UBUD,Asia/Makassar,NEW
47fd30ef0e1920043e7fe5458b0b8305,FAILED,2024-02-18T10:17:53.009Z,MAMPANG,Asia/Jakarta,NEW
4e9bd6765ce4b30ac5fb5cd2e6468840,EXPIRED,2024-06-23T00:35:58.017Z,GADING SERPONG,Asia/Jakarta,NEW
342f7779c6853cc2c62146fbb03a5b0d,PENDING,2024-01-06T20:44:35.378Z,SETIABUDI,Asia/Jakarta,NEW
6cc6975312f4ad43e51bf232e5524a6b,REFUNDED,2024-01-09T03:16:25.235Z,CIKINI,Asia/Jakarta,NEW
729bf1735469710926568d98fa067237,CANCELLED,2024-02-21T08:27:32.483Z,BSD,Asia/Jakarta,NEW
e22ebc190bc50bf955cf53f674bf7d66,PAID,2024-02-24T22:44:13.941Z,DENPASAR,Asia/Makassar,NEW
f254c2074bc0c5c29bc2659ae793ad0b,PAID,2024-06-17T07:29:21.914Z,SEMINYAK,Asia/Makassar,NEW
8e1e9fbbc61deb378577fafe2c699b4a,EXPIRED,2024-02-10T18:28:01.286Z,KELAPA GADING,Asia/Jakarta,NEW
013ca767f3c4e23a21c88f2cecc188ba,PENDING,2024-01-19T15:55:50.554Z,ARTERI PONDOK INDAH,Asia/Jakarta,NEW
9ff3a391b6ca68695362d2fcd7331c45,PAID,2024-05-02T22:37:06.362Z,ALAM SUTERA,Asia/Jakarta,NEW
4671d554216bede0ef758efece9855de,FAILED,2024-07-04T10:50:10.225Z,SUNSET ROAD,Asia/Makassar,NEW
c173aa3345edc6737f163d470b8cbb44,CANCELLED,2024-04-06T22:06:53.505Z,PLUIT,Asia/Jakarta,UPGRADE
fe19ffc7f193d1de1a70ad33d11913b9,PAID,2024-03-26T05:51:44.774Z,SUNSET ROAD,Asia/Makassar,NEW
28770841026272be51f1ac7e2beed68d,PAID,2024-07-18T12:44:47.143Z,PONDOK INDAH,Asia/Jakarta,NEW
3a318b4c2e89a4a205c1541f817ed62c,PAID,2024-05-28T01:34:20.425Z,PONDOK INDAH,Asia/Jakarta,NEW
d0ee8590f40af2e48bc5d1e96970cd7e,FAILED,2024-01-18T00:37:59.944Z,THAMRIN,Asia/Jakarta,NEW
1a56ddb78fe91e01a3ca2efafc7dfb15,PAID,2024-02-24T18:13:27.562Z,BSD,Asia/Jakarta,NEW
b3e1aa3a8927d935e078601d74701dc3,PAID,2024-07-22T11:05:28.518Z,KUNINGAN,Asia/Jakarta,NEW
bc9b76c9c4284016551ec42feb591efd,FAILED,2024-06-10T11:27:29.884Z,MENTENG,Asia/Jakarta,REJOIN
b9bf3bc4e5f9fec579c6e382240996c8,PAID,2024-03-03T02:13:39.567Z,ALAM SUTERA,Asia/Jakarta,UPGRADE
96addff6fc458d1ea9666b7be10f3d63,PAID,2024-02-28T11:36:41.011Z,ARTERI PONDOK INDAH,Asia/Jakarta,UPGRADE
ec7292a7bc4b22e0d701b243cf3c3bc5,PAID,2024-05-31T05:45:12.475Z,SUNSET ROAD,Asia/Makassar,REJOIN
9e25be7c1a5b424bbe61c4b7703b7ec8,PAID,2024-01-16T10:38:40.891Z,CIKINI,Asia/Makassar,NEW
e8bd77dc06f00be511d816b14334cb1d,PAID,2024-05-06T11:22:56.268Z,MAMPANG,Asia/Jakarta,NEW
a6539d7288baa67fc82631d33621aa06,PAID,2024-02-17T07:41:14.860Z,SENAYAN,Asia/Jakarta,UPGRADE
506a94535a627f694a60277a4eb7c7b0,PENDING,2024-06-16T14:18:50.095Z,TEBET,Asia/Jakarta,NEW
63da4f72ca07e81115c9e170267d7d62,EXPIRED,2024-04-22T11:43:52.740Z,BSD,Asia/Jakarta,NEW
05fd8213dc11db5b34c731bbc131a246,PENDING,2024-07-16T02:29:57.249Z,BENHIL,Asia/Jakarta,RENEWAL
baa87e62fcef62776c4f34d3b4673dfe,PENDING,2024-07-31T11:17:47.828Z,GREENVILLE,Asia/Jakarta,NEW
a4616c528ea163c67e47f48a5a6d8b9b,PAID,2024-01-06T14:04:25.469Z,PONDOK INDAH,Asia/Jakarta,NEW
7b12b0d8fd656c7bfb8b796ef9819e3c,EXPIRED,2024-07-24T13:42:10.793Z,SUDIRMAN,Asia/Jakarta,NEW
394d2862d514cb2634c30828733d1d8a,EXPIRED,2024-03-30T08:10:54.535Z,BSD,Asia/Jakarta,NEW
3723b096b4730d54e5826edde302a85b,PAID,2024-03-07T01:09:45.188Z,SENAYAN,Asia/Jakarta,NEW
8e095700d616a0d53d722b86b52a340a,PAID,2024-04-30T21:52:36.273Z,ALAM SUTERA,Asia/Jakarta,RENEWAL
8834a2cd62941b843be5937949801628,PAID,2024-06-08T03:55:06.118Z,SETIABUDI,Asia/Jakarta,NEW
9644c91e69f5b996c869a2558fe663c6,PAID,2024-07-27T16:31:42.805Z,GREENVILLE,Asia/Jakarta,NEW
6e4b94e443bb51958a00dd136d4f1e09,EXPIRED,2024-08-18T13:37:43.925Z,BINTARO,Asia/Jakarta,NEW
9ff7c5f545942d165897409e8a4c4b51,PAID,2024-03-24T16:45:52.933Z,BSD,Asia/Jakarta,NEW
0080807983dfdef586c2378f506e189d,PAID,2024-08-07T09:48:24.425Z,KUNINGAN,Asia/Jakarta,NEW
baa6b531824456f8868d88523140691c,PAID,2024-04-28T12:41:15.695Z,BINTARO,Asia/Jakarta,UPGRADE
c26e5a7ca6d45b37c35892235c682bd9,FAILED,2024-04-21T15:30:25.025Z,DENPASAR,Asia/Makassar,NEW
ba65a7e89a77a9f47fd8426664791ab3,PAID,2024-07-14T03:11:43.421Z,SENAYAN,Asia/Jakarta,NEW
f2c959b58b95536034216836de502623,PENDING,2024-07-17T07:10:33.681Z,GADING SERPONG,Asia/Jakarta,RENEWAL
3b9525a4bf01bc14d36f6e8888c14d8e,FAILED,2024-04-24T03:14:55.525Z,GREENVILLE,Asia/Jakarta,NEW
ba782355a33dcec37dc37903ba79851b,PAID,2024-07-03T14:59:52.708Z,UBUD,Asia/Makassar,NEW
e3ce9bdeb536ba56cc8144787fd2b814,PAID,2024-03-30T08:55:11.965Z,TEBET,Asia/Jakarta,REJOIN
aee5028e015d622e8c7311161deafadc,PAID,2024-03-23T00:52:16.475Z,MENTENG,Asia/Jakarta,NEW
4167f66fb76327a17295ac66139c2fe5,PAID,2024-06-28T05:58:45.496Z,CIKINI,Asia/Jakarta,NEW
70691a8f79cf3bf85731506608a456e5,PAID,2024-03-09T04:20:25.402Z,KUNINGAN,Asia/Jakarta,REJOIN
1d87fc3b6753443d68ca2fed5da06b8f,PAID,2024-05-10T12:24:37.929Z,DENPASAR,Asia/Makassar,NEW
21faf7609f6b3f249a748adb6f8a423d,PENDING,2024-07-19T03:07:49.331Z,SETIABUDI,Asia/Jakarta,NEW
190e38374acdf78548f0b594b74701e1,PAID,2024-03-21T06:07:44.348Z,PONDOK INDAH,Asia/Jakarta,NEW
9918bcba2680c1942f9b99d16396e34e,FAILED,2024-02-27T17:26:28.479Z,SEMINYAK,Asia/Makassar,NEW
c1ed02ed4c93b62db36a548f147ff0a2,PAID,2024-03-12T12:10:18.988Z,KEMANG,Asia/Jakarta,NEW
eaf1cefebf48fe74737d1b7ad8c3a1c7,PAID,2024-06-17T22:05:58.989Z,PONDOK INDAH,Asia/Jakarta,RENEWAL
b4cf957b75378a274593066b971e465a,PENDING,2024-06-23T12:10:57.251Z,KEMANG,Asia/Jakarta,REJOIN
da1b2727ab507e89caffbc24b9dc52a1,FAILED,2024-02-18T21:35:32.632Z,SERPONG,Asia/Jakarta,REJOIN
004ff0c1e18e0f3541a77d159669817e,EXPIRED,2024-03-27T03:40:40.878Z,SETIABUDI,Asia/Jakarta,NEW
bd0e9b3d3c785e26822a510edcc54550,PAID,2024-03-17T04:46:14.714Z,BSD,Asia/Jakarta,REJOIN
294c1a4f5a0faeb0b63ea51a0302b4f4,PAID,2024-05-21T04:39:22.143Z,DENPASAR,Asia/Makassar,NEW
9943b08efbb5766b671e0f85fe0b67ea,PAID,2024-06-24T10:00:23.057Z,MAMPANG,Asia/Jakarta,REJOIN
f35c5f5a4b46bd223cabc370594c37a3,FAILED,2024-02-24T15:08:54.667Z,ALAM SUTERA,Asia/Jakarta,REJOIN
c1f49df59889f64da4e074da795ca003,PENDING,2024-05-07T21:42:29.039Z,UBUD,Asia/Makassar,NEW
be038478416c28c95ecf477d988e5223,PAID,2024-05-28T06:51:37.465Z,ADITYAWARMAN,Asia/Jakarta,NEW
a182fc0d98d40e393b1f210d305ebf72,PAID,2024-04-07T21:26:26.887Z,ARTERI PONDOK INDAH,Asia/Jakarta,RENEWAL
59610d22543eb45494d72eeee8f0da81,PAID,2024-04-11T10:58:35.17Z,ADITYAWARMAN,Asia/Jakarta,NEW
6c194346a6d2d6c64eab8bfbf54ede66,PAID,2024-06-09T14:31:40.427Z,KEMANG,Asia/Jakarta,NEW
fd517a7ee79fa5c47a4c92a087cdce47,PAID,2024-01-20T18:00:18.579Z,UBUD,Asia/Makassar,NEW
02e8f8fb602ca42ae3f832be3323363a,PAID,2024-05-15T04:06:02.052Z,SENAYAN,Asia/Jakarta,NEW
3443cbc89852866f217ca945425b4394,EXPIRED,2024-03-28T18:45:23.174Z,SENAYAN,Asia/Jakarta,NEW
9e76fdeb300e8ef3f424ff57dce538e9,PAID,2024-08-09T15:47:38.366Z,SEMINYAK,Asia/Makassar,RENEWAL
7bb78cef5a8d374cb0129c51996453d6,REFUNDED,2024-01-04T01:23:35.883Z,BSD,Asia/Jakarta,NEW
c420fe79fdf0cfaadf6f1544e3bb0e9c,PENDING,2024-06-30T20:32:37.762Z,SUDIRMAN,Asia/Jakarta,RENEWAL
daecf4a315f44efc5d10153d7d75507f,PAID,2024-02-29T19:56:48.178Z,PLUIT,Asia/Jakarta,NEW
1bbf0bc21fc12a262178d051825faa93,CANCELLED,2024-02-07T19:24:09.352Z,ALAM SUTERA,Asia/Jakarta,REJOIN
5981d50a9341df53efe38dbd81c13573,PAID,2024-05-28T16:10:29.831Z,DENPASAR,Asia/Makassar,NEW
b85e42229c2898680063c3d31765c3ad,FAILED,2024-06-20T06:19:05.001Z,SEMINYAK,Asia/Makassar,REJOIN
3f9687466ee473f27077027740551938,FAILED,2024-06-04T18:21:15.706Z,BSD,Asia/Jakarta,NEW
f974ccc3ad8e0a1979eec471db6da8b9,CANCELLED,2024-04-05T15:59:03.330Z,KEMANG,Asia/Jakarta,RENEWAL
9a9ee5e5a2a4fa6f1ba071f1a82e9942,PAID,2024-05-31T15:49:24.984Z,KUNINGAN,Asia/Jakarta,NEW
38a53256c35b30fe5473ceb6de2a2fc6,FAILED,2024-01-30T05:37:26.004Z,SEMINYAK,Asia/Makassar,NEW
94388e2776268358f750851795ba1089,PAID,2024-06-03T02:59:04.410Z,CIKINI,Asia/Jakarta,NEW
a70ccffb74b6519bc23a2eea48c5a9ec,REFUNDED,2024-04-30T14:32:42.747Z,ALAM SUTERA,Asia/Jakarta,NEW
3f3e5395f9141785a7da4d030f8df1e0,PAID,2024-05-23T17:33:20.509Z,BSD,Asia/Jakarta,UPGRADE
96f372c50a8102fe3d5ea006af7702bd,EXPIRED,2024-08-29T04:01:46.428Z,TEBET,Asia/Jakarta,NEW
e8a7503210cfbd3d6d34834bcfa5799e,PAID,2024-01-12T05:35:25.197Z,SETIABUDI,Asia/Jakarta,RENEWAL
0714ee1970486919939ee98b7b58b996,PAID,2024-05-27T02:59:49.286Z,KELAPA GADING,Asia/Jakarta,NEW
e3a8aa6058aeaa5c2e77b8f11933f845,PENDING,2024-03-06T18:31:34.752Z,SENAYAN,Asia/Jakarta,NEW
8045b24c7cb8d3f29bb25aa00db3cc5a,PAID,2024-05-01T05:05:03.648Z,SERPONG,Asia/Jakarta,RENEWAL
325f56c11d522bf6b73554c16b0f9a33,PAID,2024-03-18T16:06:33.078Z,GREENVILLE,Asia/Jakarta,REJOIN
3ada5cf85f1a3e25f58e81ff4cbee65c,PENDING,2024-05-26T12:30:14.305Z,GADING SERPONG,Asia/Jakarta,RENEWAL
1c6d8c9548e00dfc3bbd023b502f0ee4,PAID,2024-08-13T20:40:42.344Z,BSD,Asia/Jakarta,NEW
a0f3ba376261bf8682bb161b0d1d38bf,PENDING,2024-03-06T00:57:17.414Z,MENTENG,Asia/Jakarta,NEW
0b8e73d1b402d2e2e0a89e3f9c4fb73e,PAID,2024-02-15T13:35:44.739Z,CIKINI,Asia/Jakarta,NEW
3e8155b563e72c9288b56d2f5dedd6f8,PAID,2024-04-27T02:09:31.501Z,ARTERI PONDOK INDAH,Asia/Jakarta,NEW
5b908dadaf063c4aa0954aa3b10eeffb,PAID,2024-07-01T03:57:17.989Z,SETIABUDI,Asia/Jakarta,NEW
19a30d24f4b43699457099b0440a4f1a,PAID,2024-05-26T08:10:18.596Z,GADING SERPONG,Asia/Jakarta,NEW
837a1171fc690b139c57a3a71bc8db9f,PAID,2024-01-26T12:08:26.238Z,UBUD,Asia/Makassar,NEW
1836bc24fa2931a12af1b2000be02065,PAID,2024-05-20T23:17:45.147Z,KEMANG,Asia/Jakarta,NEW
cb8f20cacb6f6e4d5bb0972b77fba021,PAID,2024-01-24T18:32:55.826Z,THAMRIN,Asia/Jakarta,NEW
2839ee39616dfee0bd985d3e37a7e29f,PAID,2024-07-01T23:57:08.632Z,KELAPA GADING,Asia/Jakarta,NEW
c0a96a439b5e02b5667e37b42c2bee86,PAID,2024-01-14T02:59:57.476Z,KELAPA GADING,Asia/Jakarta,NEW
77f642ec8bda1ad76a33af1a8024b259,PAID,2024-08-05T04:20:23.297Z,UBUD,Asia/Makassar,NEW
963adaaf49da08d36f789d7eb6940704,PAID,2024-05-17T04:23:21.854Z,TEBET,Asia/Jakarta,NEW
c284a17d031da3e27b9102fe40a3eecc,PENDING,2024-08-03T14:10:52.013Z,UBUD,Asia/Makassar,REJOIN
f9fc0ccca76fe0e003845aa6d83c7f92,PENDING,2024-06-12T22:03:26.682Z,BENHIL,Asia/Jakarta,NEW
77e8d793beb51c8e3d2ead9363f6d55d,EXPIRED,2024-05-25T01:45:49.815Z,ALAM SUTERA,Asia/Jakarta,NEW
f1ce6f072ecf6a0a9b57212a7d45fac7,PAID,2024-08-07T15:06:54.704Z,BSD,Asia/Jakarta,RENEWAL
b9f7a044681b04905cb62cd168b3d9cf,PAID,2024-05-05T03:29:35.382Z,ALAM SUTERA,Asia/Jakarta,NEW
9eccf9931c9abad88baf027985b1de72,PAID,2024-02-09T17:07:10.663Z,SEMINYAK,Asia/Makassar,NEW
7644a99457f508b3a3bd72350155d977,PAID,2024-04-03T11:05:14.686Z,PLUIT,Asia/Jakarta,NEW
f5c493e89c87b79423f90298fe1cfbf6,PENDING,2024-04-13T09:15:16.84Z,GADING SERPONG,Asia/Jakarta,RENEWAL
fedcb6c77effa529d1dc6129975fd027,CANCELLED,2024-05-29T15:26:58.378Z,SUDIRMAN,Asia/Jakarta,UPGRADE
b5ac5712c4b6b41a4377eb679249f93f,PAID,2024-05-22T15:36:32.78Z,DENPASAR,Asia/Makassar,REJOIN
4cc0b06d5b57fa66e89c0125e2a174aa,PAID,2024-05-03T20:51:30.143Z,PLUIT,Asia/Jakarta,NEW
605d603355ab02dec2b1a3dd7bfea95a,PAID,2024-06-14T12:26:50.437Z,MAMPANG,Asia/Jakarta,NEW
4872fce4eef2211b075b0bf46b4df372,PAID,2024-06-23T15:52:53.844Z,CIKINI,Asia/Jakarta,REJOIN
cdf00e783e06c4a6122e0045e15369a5,PENDING,2024-01-28T23:22:12.099Z,MENTENG,Asia/Jakarta,NEW
e3b935384841b4f64be5b5f400894665,PENDING,2024-08-25T07:26:20.902Z,KEMANG,Asia/Jakarta,NEW
364693434c21e565b4107f64f7d1dc98,PAID,2024-01-05T10:58:47.473Z,SERPONG,Asia/Jakarta,NEW
f86e901556b2b2514fef64f59fb4883c,PAID,2024-03-28T18:30:44.326Z,ADITYAWARMAN,Asia/Jakarta,NEW
dfe9e4e0b3de2e114ed6b69de2b6c27b,PAID,2024-02-17T06:26:23.680Z,BENHIL,Asia/Jakarta,REJOIN
a316ed47285c68c38c7761b7fe252f49,PAID,2024-07-18T22:10:54.615Z,KEMANG,Asia/Jakarta,REJOIN
11c060cf05f44fe6ac505bf76690ef00,PAID,2024-07-30T13:28:18.559Z,KUNINGAN,Asia/Jakarta,NEW
ca7b706956112d5e936b48169ee2aa05,PAID,2024-03-13T06:31:09.604Z,GREENVILLE,Asia/Jakarta,NEW
57b8db686d4234ca36ef3f0f5f0bed92,PAID,2024-03-31T05:26:10.352Z,SENAYAN,Asia/Jakarta,NEW
6b325b03b0f4b401bf9a2b0ed8f880f9,PAID,2024-05-13T12:28:31.428Z,BSD,Asia/Jakarta,NEW
4558ed421ecbe6216c17138af5303001,FAILED,2024-01-23T13:40:35.088Z,CIKINI,Asia/Jakarta,NEW
b497cb57f6aa2198812f2aef198a42cb,PAID,2024-03-14T21:42:04.283Z,BSD,Asia/Jakarta,NEW
6f989a9439ed74907cf1379f127c06b6,PENDING,2024-07-28T00:07:03.201Z,GREENVILLE,Asia/Jakarta,NEW
65e1c784f450ed02407db8f4549717fe,PENDING,2024-02-05T22:37:25.206Z,PLUIT,Asia/Jakarta,NEW
603f3f84575edb3555a4018fefc0c581,PAID,2024-04-09T02:37:19.144Z,SENAYAN,Asia/Jakarta,NEW
66645d2aacdf19467a5ddccb1bce04a5,PAID,2024-06-26T14:35:06.103Z,TEBET,Asia/Jakarta,NEW
64459b6b9cbc051d2e52b257a8acf967,PAID,2024-03-24T05:01:51.838Z,KELAPA GADING,Asia/Jakarta,NEW
7c67480ecfa8648cb08d28962aa562f8,EXPIRED,2024-04-04T02:59:45.868Z,ADITYAWARMAN,Asia/Jakarta,NEW
162551c03e6f4886f6c85de09c86b273,PAID,2024-07-29T16:14:07.190Z,SENAYAN,Asia/Jakarta,REJOIN
caf46c4cd2b445ca6ac3d8ad37b06878,PENDING,2024-02-02T11:58:29.715Z,GADING SERPONG,Asia/Jakarta,NEW
7272f379a2d51695b4ded068629126f6,FAILED,2024-02-27T09:53:20.483Z,ALAM SUTERA,Asia/Jakarta,NEW
b0136545973ca8c09c55fc99a2359923,PAID,2024-02-05T01:29:31.751Z,KUNINGAN,Asia/Jakarta,NEW
d1115ec09235343599b409536f9b08bd,PENDING,2024-02-02T18:33:19.788Z,UBUD,Asia/Makassar,REJOIN
96d0a027ac65901f4f5bc7e434da70d6,PAID,2024-08-04T21:14:20.792Z,SUDIRMAN,Asia/Jakarta,NEW
bd83c64ccd7008092c0b3f78d4f40459,FAILED,2024-03-20T02:07:06.183Z,SUNSET ROAD,Asia/Makassar,REJOIN
d263e7d49b541a635519235fb3df5ca8,PENDING,2024-06-26T00:17:22.479Z,GADING SERPONG,Asia/Jakarta,RENEWAL
d0ee8590f40af2e48bc5d1e96970cd7e,CANCELLED,2024-03-18T10:35:11.144Z,ALAM SUTERA,Asia/Jakarta,NEW
11473bcd8ccb59d35091721e5fb97ac3,PAID,2024-01-12T04:29:47.807Z,CIKINI,Asia/Jakarta,RENEWAL
64698b46ba2a0bc6a52655f11c03ba10,PAID,2024-06-05T02:34:54.808Z,CIKINI,Asia/Jakarta,NEW
0d38908c3ab858a6bbc6224804283d15,PAID,2024-08-16T13:34:34.576Z,SEMINYAK,Asia/Makassar,NEW
0ce0603b5f1eaa48abb812365fe92867,PAID,2024-06-15T05:14:16.914Z,KEMANG,Asia/Jakarta,NEW
1ba5c06e02751dc968895d839c758b2e,PAID,2024-02-20T05:38:11.175Z,MENTENG,Asia/Jakarta,NEW
23d8654acd4544409a01fbb3f8277009,EXPIRED,2024-05-26T03:59:50.679Z,BSD,Asia/Jakarta,RENEWAL
6fdef1f54963f216dc762cc3ae53b960,REFUNDED,2024-03-03T05:52:32.356Z,KUNINGAN,Asia/Jakarta,NEW
dca02e3ef8fed672554e9bd9cebb58ec,REFUNDED,2024-03-12T12:51:30.189Z,SUDIRMAN,Asia/Jakarta,NEW
f512ec6a0e43777b2c56ebbc658d2b7f,CANCELLED,2024-04-06T21:01:11.374Z,BSD,Asia/Jakarta,NEW
3a9bcf8987545878af9f599773f1c754,PAID,2024-08-04T12:34:45.598Z,CIKINI,Asia/Jakarta,NEW
0a084b5025abdf80a59263af58ac54a4,CANCELLED,2024-05-05T19:03:44.356Z,SERPONG,Asia/Jakarta,NEW
4ebf2a522c2b89d7d7b6f63474c3790f,PAID,2024-04-29T03:56:53.621Z,SUDIRMAN,Asia/Jakarta,REJOIN
2d0ed8eca4111abf65dcf0f6c38cbb1e,PENDING,2024-01-11T12:03:56.227Z,BENHIL,Asia/Jakarta,REJOIN
0f6b347649b6d3feee957ce9df0a1875,PAID,2024-04-05T20:30:47.738Z,SUNSET ROAD,Asia/Makassar,NEW
deaca88f459e0ccc6b5782713e086f83,PAID,2024-03-09T02:18:31.98Z,MAMPANG,Asia/Jakarta,RENEWAL
4f725cc28e8e56e419a443f5e82d9921,PAID,2024-07-29T23:13:38.846Z,ALAM SUTERA,Asia/Jakarta,REJOIN
81ac6698fda50a3bad07554d7818a154,PAID,2024-01-14T08:47:06.164Z,CIKINI,Asia/Jakarta,NEW
75943ea77cb446061a55343e785f92a0,PAID,2024-03-09T21:40:48.792Z,ARTERI PONDOK INDAH,Asia/Jakarta,NEW
2f2f1d08fba2798325f8604e58388a56,PAID,2024-06-27T14:33:31.399Z,GADING SERPONG,Asia/Jakarta,NEW
93fd0161ce97c068627e5a7d9d47b5d6,FAILED,2024-07-31T04:41:44.793Z,TEBET,Asia/Jakarta,NEW
5b68abd8402e01b36e346b71bc01e5df,PAID,2024-08-07T09:30:36.397Z,ARTERI PONDOK INDAH,Asia/Jakarta,NEW
fee2ffae4617fb753647969677de9c42,PAID,2024-08-22T09:48:46.657Z,KUNINGAN,Asia/Jakarta,RENEWAL
b1c20fc9339861c52ac0a6b19c4cb344,PAID,2024-05-05T18:09:56.909Z,TEBET,Asia/Jakarta,NEW
188d0236da36c81507345d11266eb428,FAILED,2024-01-09T23:06:28.978Z,GREENVILLE,Asia/Jakarta,NEW
4b935a28e4cff710b2272e8e8578e101,PAID,2024-06-22T13:14:14.818Z,PONDOK INDAH,Asia/Jakarta,RENEWAL
76b3f587500ef92350545d8f41cbd5d1,PAID,2024-06-29T04:03:56.921Z,SEMINYAK,Asia/Makassar,RENEWAL
9d5862b0e02b647ea5f31bcc6a34fdf8,PAID,2024-06-22T23:36:33.763Z,BSD,Asia/Jakarta,UPGRADE
858cdecb4d86c49aca8881519b878099,EXPIRED,2024-07-17T00:54:22.52Z,DENPASAR,Asia/Makassar,NEW
3aadedabdd7ff339867369cb137c4b34,EXPIRED,2024-01-10T23:13:55.763Z,MAMPANG,Asia/Jakarta,NEW
1577e6e4b29bd0b2f4d2f83ecb63adbb,PAID,2024-01-05T23:50:32.684Z,BENHIL,Asia/Jakarta,NEW
691f6306e0cd0fc10a22474afcdc9a5b,FAILED,2024-02-11T05:45:07.474Z,BINTARO,Asia/Jakarta,NEW
10cc6ea807665d514d85ef6251db5adf,PENDING,2024-02-16T02:24:23.541Z,GREENVILLE,Asia/Jakarta,NEW
37a88fe6e5d476f78c843ad1e6fcfc29,FAILED,2024-05-02T17:06:28.618Z,PONDOK INDAH,Asia/Jakarta,UPGRADE
c690eac164dc2f3287f0eb52b0415fd8,PAID,2024-04-04T12:52:12.967Z,GADING SERPONG,Asia/Jakarta,NEW
acaefdc1ed08d9c1170221060fe03c4b,PAID,2024-08-05T02:11:52.124Z,ALAM SUTERA,Asia/Jakarta,RENEWAL
222cd78cbbb7f366d1ea92235af353d0,PAID,2024-08-24T03:04:21.124Z,UBUD,Asia/Makassar,NEW
542373523da8e79f2e9c2ae4cf9e1a07,PAID,2024-03-17T07:58:59.169Z,BENHIL,Asia/Jakarta,NEW
cb575704f5b979b9c437c707e2948c52,PAID,2024-07-02T03:08:41.223Z,BINTARO,Asia/Jakarta,NEW
b2e104e9496ffc8dd93ea0616d76f7da,EXPIRED,2024-07-17T10:25:46.265Z,BENHIL,Asia/Jakarta,NEW
04ca1772246f5e07204b94bbdb1cfea2,PENDING,2024-03-23T17:49:25.104Z,ALAM SUTERA,Asia/Jakarta,RENEWAL
e17d98f052f94de7f3bf3bdd4618d4e4,CANCELLED,2024-08-26T13:32:13.364Z,SERPONG,Asia/Jakarta,UPGRADE
b661d846d201e552c88fecde0560cac5,REFUNDED,2024-06-08T02:54:33.57Z,ARTERI PONDOK INDAH,Asia/Jakarta,NEW
fff7afbdd8d5d63dca74daad0cd20d48,PAID,2024-07-15T17:53:43.447Z,KUNINGAN,Asia/Jakarta,NEW
f9d13562ae4183a18fe83a831c64361c,PAID,2024-02-12T00:18:45.848Z,SETIABUDI,Asia/Jakarta,NEW
a6bd38159d3cad182ca3fe63c5d4d595,PENDING,2024-06-04T10:46:04.605Z,PLUIT,Asia/Jakarta,REJOIN
b37f21aa7e82301fed5ff55c0eeb14c1,CANCELLED,2024-05-10T09:41:20.399Z,GREENVILLE,Asia/Jakarta,UPGRADE
3fcf68814ae1586424041ea75a5dd385,PAID,2024-08-28T18:21:12.043Z,SUDIRMAN,Asia/Jakarta,NEW
b68acfad23e17384e1df6c9382412e8d,PAID,2024-05-23T03:50:43.998Z,BINTARO,Asia/Jakarta,NEW
8f2deeed7668f3bee33727b107c275f1,PAID,2024-05-19T19:34:18.319Z,BSD,Asia/Jakarta,REJOIN
bc8e6606cc67908d217966eff254e981,PAID,2024-07-16T01:58:58.011Z,DENPASAR,Asia/Makassar,NEW
01480e0e35ef1726710f10c693617ae5,PAID,2024-08-14T19:27:11.010Z,UBUD,Asia/Makassar,RENEWAL
dded4b5c891221de579b1f01b5a878d6,PAID,2024-04-25T01:01:52.452Z,UBUD,Asia/Makassar,REJOIN
87223e869671f9be103236d9b7ee2afd,PAID,2024-03-27T09:54:05.092Z,CIKINI,Asia/Jakarta,NEW
a8926beebf4bb5a8cb3876e8ea3679ad,FAILED,2024-07-27T07:23:52.358Z,PONDOK INDAH,Asia/Jakarta,NEW
d153333e3a3ee8fbe811df6ee5cca305,PENDING,2024-06-27T08:36:22.321Z,SUDIRMAN,Asia/Jakarta,NEW
94cfcaf4dfcc3907117e65c3ceab93c3,PAID,2024-01-08T19:31:00.569Z,KELAPA GADING,Asia/Jakarta,RENEWAL
636685ff180fb83d6c7116f688ea2cd8,PAID,2024-07-10T07:40:24.661Z,CIKINI,Asia/Jakarta,NEW
b2f03aa6a75561b29edd2c034af374b0,PAID,2024-04-18T02:16:13.807Z,SETIABUDI,Asia/Jakarta,RENEWAL
a52fa7150aa6678bc6810aeaaf9a02f8,PAID,2024-06-28T07:52:55.978Z,MENTENG,Asia/Jakarta,REJOIN
3d0ea75e6bb6b2de6a46be26a9d38a85,PAID,2024-02-06T16:38:12.022Z,UBUD,Asia/Makassar,RENEWAL
a75780544545a3f14ba44b6ce2a39eae,PAID,2024-07-22T10:48:03.045Z,KUNINGAN,Asia/Jakarta,NEW
9131b24d8758c522b7e3b64b53761f65,PENDING,2024-05-27T23:21:26.561Z,MAMPANG,Asia/Jakarta,NEW
52982e2edf1d2bc4375d42663779cfe2,PAID,2024-05-09T10:22:52.8Z,SUDIRMAN,Asia/Jakarta,NEW
d9f6e256bc2e373e2813c93f2a7bc40e,PENDING,2024-08-04T03:17:01.021Z,ARTERI PONDOK INDAH,Asia/Jakarta,NEW
ec7292a7bc4b22e0d701b243cf3c3bc5,PAID,2024-07-25T06:05:28.671Z,CIKINI,Asia/Jakarta,REJOIN
42df3439b4d775700f45f41d6a423c8a,PAID,2024-07-25T05:12:34.188Z,SEMINYAK,Asia/Makassar,NEW
8bacae2cac040814bb4a6cac375909fa,PAID,2024-06-26T19:56:28.647Z,SENAYAN,Asia/Jakarta,NEW
8143503bfa1da4727eeeec1d44023c5e,PAID,2024-04-06T03:42:58.635Z,BENHIL,Asia/Jakarta,NEW
b343d94540dc55e4be4c5f22b57d2393,PAID,2024-01-19T20:18:01.876Z,BINTARO,Asia/Jakarta,NEW
4c4efb652eebe517f9da6736fe9b5ae1,PAID,2024-06-06T04:14:56.022Z,BENHIL,Asia/Jakarta,NEW
fc2c3b0c5b17626f0f5cd99f7c75f2fb,PAID,2024-03-11T20:05:31.985Z,GREENVILLE,Asia/Jakarta,NEW
5da9f8853a47e13abadf6060b297c7e6,PAID,2024-04-03T08:01:09.46Z,GREENVILLE,Asia/Jakarta,NEW
e7eb900862d6d28f20d09e848560efea,PAID,2024-08-16T17:09:55.944Z,SERPONG,Asia/Jakarta,RENEWAL
bdf35eb194c1b624cff0ea60b8381fdb,PAID,2024-01-08T18:37:20.655Z,ADITYAWARMAN,Asia/Jakarta,UPGRADE
08d24a46b40f853cf831777b68d11a2d,PAID,2024-02-25T06:43:45.386Z,SUNSET ROAD,Asia/Makassar,NEW
a148ca0f6afd548829d2983d2c1e4baa,PAID,2024-08-22T10:02:47.729Z,UBUD,Asia/Makassar,NEW
5dd28aca0858d15f52c4abb79e1dcd33,PAID,2024-04-28T12:51:14.151Z,KUNINGAN,Asia/Jakarta,NEW
555dfcc6baf308b5f3adf6b282c80f7d,PAID,2024-07-12T11:26:59.072Z,ADITYAWARMAN,Asia/Jakarta,NEW
4b935a28e4cff710b2272e8e8578e101,PENDING,2024-06-21T23:34:16.339Z,KUNINGAN,Asia/Jakarta,NEW
e6fbe79fae51573dcabb29f4df2a795e,PAID,2024-08-09T20:13:24.025Z,BSD,Asia/Jakarta,NEW
148dff9c614a913af78eba8d50ca1f77,PENDING,2024-01-01T17:11:28.583Z,SUNSET ROAD,Asia/Makassar,NEW
d6d94d8358600aef621c798acc118f83,PAID,2024-05-11T17:37:47.409Z,TEBET,Asia/Jakarta,NEW
82729c02599bd0ddb92fd23e1c9098f5,PAID,2024-07-26T01:17:57.417Z,BSD,Asia/Jakarta,NEW
3484679559aba15abeb9949553ff481d,CANCELLED,2024-08-19T08:44:37.504Z,SUDIRMAN,Asia/Jakarta,NEW
7667d04b1c5e3cd59cf9eef379919e82,PAID,2024-04-20T15:30:07.525Z,THAMRIN,Asia/Jakarta,NEW
77a437286d28422889a1ff42c1a4f272,PENDING,2024-08-28T09:52:16.153Z,MAMPANG,Asia/Jakarta,NEW
acd2bf0cbbf0ef56679ff0bd776837a7,PAID,2024-06-08T12:28:24.189Z,SUNSET ROAD,Asia/Makassar,RENEWAL
ad2b462e46d699c7e3f0d8e21c64d939,PAID,2024-04-08T11:25:00.191Z,PLUIT,Asia/Jakarta,NEW
dd45722662afff4f307efc6f1cddbe41,PAID,2024-04-04T19:53:19.209Z,SUNSET ROAD,Asia/Makassar,NEW
5419426f5dbd6e49263c7cf2f60ed5be,PAID,2024-05-16T14:21:30.286Z,SETIABUDI,Asia/Jakarta,NEW
864cbe899e5d8cc49726f52a79287978,PAID,2024-02-16T06:55:53.318Z,KELAPA GADING,Asia/Jakarta,NEW
d0236f16835bacb520acb960714c9edb,FAILED,2024-08-01T16:10:00.24Z,KEMANG,Asia/Jakarta,NEW
ebec16db776557922a9785f484946057,PAID,2024-02-12T10:21:55.248Z,PLUIT,Asia/Jakarta,NEW
cf50aa5af1aa362aa62afd24e2f33a76,EXPIRED,2024-08-14T14:43:32.393Z,SENAYAN,Asia/Jakarta,RENEWAL
f17ca1ceb2e20bbc810ac5c67aba2bcc,FAILED,2024-08-26T12:23:31.995Z,GADING SERPONG,Asia/Jakarta,NEW
e1a1feac88000b29f507e1c23d08fb64,PAID,2024-05-14T19:57:00.027Z,ADITYAWARMAN,Asia/Jakarta,REJOIN
d5891156aff2b111eb89a17e0b182116,PAID,2024-05-21T19:38:40.532Z,SUDIRMAN,Asia/Jakarta,NEW
f2dc7b8f0cdaf09b18da6de33dc6ff96,PAID,2024-02-03T01:07:41.708Z,SUNSET ROAD,Asia/Makassar,REJOIN
b51eecaa480521b75caae271bc051d93,PAID,2024-01-09T23:47:27.98Z,BSD,Asia/Jakarta,UPGRADE
b5d4ee80cd2b1542af8f424d55d96d23,EXPIRED,2024-04-23T07:12:46.179Z,PLUIT,Asia/Jakarta,RENEWAL
e6cd4aa019f1476a802fded0e63afc81,PAID,2024-04-11T03:32:42.151Z,DENPASAR,Asia/Makassar,UPGRADE
72fd7505fc2a17f08f17cd898afa337a,REFUNDED,2024-01-08T19:28:10.778Z,DENPASAR,Asia/Makassar,NEW
dd5c1d948ebd38cada72648af51c1509,PAID,2024-08-12T07:24:48.288Z,DENPASAR,Asia/Makassar,RENEWAL
19c1e70f6df0474b576c86d7f21be05b,PENDING,2024-05-03T16:27:15.592Z,SEMINYAK,Asia/Makassar,NEW
ee1ce7e9eb2895fdbb72a7bd939b1e42,PAID,2024-01-21T02:41:13.413Z,KUNINGAN,Asia/Jakarta,REJOIN
f3c6dd07ef1102dc41c6cd8e3539d737,PAID,2024-06-27T02:45:32.004Z,GREENVILLE,Asia/Jakarta,UPGRADE
6acc224a0a7ffa7ab1549621dc0937cf,PAID,2024-04-29T17:07:43.086Z,SEMINYAK,Asia/Makassar,RENEWAL
fb871c51f17b86b3b6fd3e7522036aeb,EXPIRED,2024-01-17T23:27:56.692Z,SERPONG,Asia/Jakarta,NEW
f0f4ab7cd1dfd991843e43d8e2e6e955,PENDING,2024-08-18T21:30:48.263Z,ADITYAWARMAN,Asia/Jakarta,NEW
c83c0f1dabfb769745ec967fbf58cb2b,PAID,2024-05-01T19:24:29.173Z,ARTERI PONDOK INDAH,Asia/Jakarta,RENEWAL
2b2c45e0265d9f242435dea606181fab,PAID,2024-05-07T15:03:50.646Z,SETIABUDI,Asia/Jakarta,NEW
1f4f415dd9875f61965fa7e22f1b41fb,PAID,2024-04-09T01:47:55.302Z,KUNINGAN,Asia/Jakarta,NEW
940cad5f9701b59b7b0e47ceba6d4f2c,EXPIRED,2024-04-29T13:08:21.383Z,SETIABUDI,Asia/Jakarta,NEW
15e763140e8b34cc88470786bfaac8ef,PAID,2024-07-30T02:15:00.841Z,CIKINI,Asia/Jakarta,NEW
940cad5f9701b59b7b0e47ceba6d4f2c,PAID,2024-01-17T13:20:16.583Z,SUDIRMAN,Asia/Jakarta,NEW
002ff73f5d6b44c8c669c09f76272640,PAID,2024-05-14T12:33:00.96Z,PONDOK INDAH,Asia/Jakarta,NEW
44c729a4c0081243ca39b8634638d4c9,PENDING,2024-08-10T00:26:58.345Z,PLUIT,Asia/Jakarta,NEW
e5f1939383ee8283ed12a4120d2140cc,PENDING,2024-05-10T09:03:06.162Z,CIKINI,Asia/Jakarta,NEW
3fd41ff6c74585b7e8cedb5c15058e8a,EXPIRED,2024-02-17T11:26:00.886Z,SUDIRMAN,Asia/Jakarta,REJOIN
1901e650b8b1650687b772636a73c2de,PAID,2024-07-17T13:36:16.554Z,KEMANG,Asia/Jakarta,NEW
3b186575ba064adcee80bee617242dfd,PAID,2024-05-26T12:06:30.494Z,SETIABUDI,Asia/Jakarta,REJOIN
d56d909173c97ce6b2f1a612628fce72,FAILED,2024-03-24T04:53:21.317Z,BENHIL,Asia/Jakarta,NEW
d13e471b34062d79ec07e8764e42a114,PAID,2024-07-05T11:48:23.77Z,THAMRIN,Asia/Jakarta,NEW
ecfa6e17d8cc4f0c0103869e51effe81,PAID,2024-06-05T18:22:28.919Z,KEMANG,Asia/Jakarta,NEW
5c62971744ef7e6d845edee30a953bc2,PAID,2024-08-08T16:20:28.018Z,KUNINGAN,Asia/Jakarta,UPGRADE
34d241a544e793fb17307d23b33c8fc7,EXPIRED,2024-03-14T22:43:08.807Z,PONDOK INDAH,Asia/Jakarta,NEW
daa416a8e90d8ba2ab87623c62b7c950,REFUNDED,2024-04-03T03:14:12.505Z,KEMANG,Asia/Jakarta,NEW
dd5cb5bc88311cfcd71e89b3e9959f23,PAID,2024-03-24T03:25:28.543Z,BSD,Asia/Jakarta,REJOIN
5be86e70317952be992a1624ef5c4fd2,PAID,2024-08-05T13:52:36.108Z,SEMINYAK,Asia/Jakarta,NEW
7f1c85121882a34fc87866fca206bfdf,PAID,2024-02-06T23:34:51.083Z,MAMPANG,Asia/Jakarta,NEW
4c17d3d3cb5ed92c911cdec070c78934,REFUNDED,2024-07-15T07:01:51.543Z,PLUIT,Asia/Jakarta,RENEWAL
964350cf78b6a3c2d179ac4dc3513fc0,PAID,2024-08-26T21:08:15.03Z,CIKINI,Asia/Jakarta,NEW
920ed7d9d10a49b84f6780892b7f61e4,PAID,2024-07-15T14:20:13.897Z,DENPASAR,Asia/Makassar,NEW
888bd821156b7320f5de6320b5adcdb5,PAID,2024-05-21T20:18:16.809Z,KEMANG,Asia/Jakarta,NEW
a461350d85a7567457dcd7f0da0d590a,PAID,2024-02-28T11:49:11.935Z,ALAM SUTERA,Asia/Jakarta,NEW
fed58e6dac06137b23b44d7d5bbbf2e2,PAID,2024-06-25T11:22:05.795Z,SETIABUDI,Asia/Jakarta,NEW
cc875f61cab7065603da06737b9e6a17,FAILED,2024-08-21T06:45:45.101Z,DENPASAR,Asia/Makassar,NEW
2bc6c51815edb6281cc1586b0ca31227,PAID,2024-08-05T11:37:20.026Z,MAMPANG,Asia/Jakarta,NEW
015b75b2eea79ba1f3a2ebac804597e4,PAID,2024-01-23T17:07:49.295Z,ARTERI PONDOK INDAH,Asia/Jakarta,NEW
0914c93cdb0f8b21dcd698687359e8fa,PAID,2024-08-09T05:47:31.056Z,THAMRIN,Asia/Jakarta,NEW
27a0e89a696b8061e17b60364d3fa369,PAID,2024-07-16T05:42:52.565Z,GREENVILLE,Asia/Jakarta,UPGRADE
28435c82a2046732d18c5a4a1fffa79c,PAID,2024-04-23T07:18:58.542Z,BENHIL,Asia/Jakarta,NEW
90c37db1a6f3978a6c943a826e64905e,PAID,2024-01-31T10:21:05.041Z,BENHIL,Asia/Jakarta,NEW
0dcaac04adc4f8db9f1d00e6d2d75470,FAILED,2024-08-28T17:49:19.808Z,SUDIRMAN,Asia/Jakarta,NEW
cb8c3784ee805b8b8cdf7bd4f171eb05,FAILED,2024-04-28T12:14:07.402Z,BSD,Asia/Jakarta,REJOIN
2475461a1e3e9b76fdd73685e5baf82c,PAID,2024-05-14T16:01:09.036Z,GREENVILLE,Asia/Jakarta,REJOIN
06a5f113312f5ee7cba991a9ec794329,PAID,2024-08-28T05:46:26.129Z,THAMRIN,Asia/Jakarta,NEW
b93678bcb6be50817272b17b85a70bb2,PAID,2024-05-23T08:28:21.981Z,SUNSET ROAD,Asia/Makassar,NEW
d9f2199d37e112057cfb7d2a4ef5aaff,EXPIRED,2024-02-06T04:32:45.081Z,SETIABUDI,Asia/Jakarta,NEW
28e7759f95b8961c4153b0d91b694259,PAID,2024-05-27T19:35:44.167Z,ALAM SUTERA,Asia/Jakarta,REJOIN
224b662cbae0dc76fcf0b40dec891a4d,PAID,2024-04-30T20:45:42.04Z,SUNSET ROAD,Asia/Makassar,NEW
28069808e54ddc731a2a27aa49ec7013,PAID,2024-02-06T12:16:10.989Z,ARTERI PONDOK INDAH,Asia/Jakarta,NEW
6581bdbb1df7ab786c0928e856f74395,EXPIRED,2024-01-29T23:27:11.894Z,PONDOK INDAH,Asia/Jakarta,NEW
8466e8d8528a05a4f8c3d52737e63b59,PAID,2024-04-22T15:50:53.072Z,DENPASAR,Asia/Pontianak,NEW
ada0a9fd082615cfc8fd9a824fea77f3,EXPIRED,2024-06-06T03:43:59.418Z,DENPASAR,Asia/Makassar,NEW
21c92e235c9fbcbb8fb8975ada066f44,PAID,2024-08-04T17:05:09.222Z,SUNSET ROAD,Asia/Makassar,UPGRADE
d27b1338bc501514c746dfb1de72adfd,FAILED,2024-01-07T09:10:26.693Z,SENAYAN,Asia/Jakarta,NEW
f9872cfa72bec20c8ec5adbf9f8140fa,PAID,2024-06-04T14:46:46.018Z,SERPONG,Asia/Jakarta,RENEWAL
c87d20ecbc813b296ec518a0725be158,FAILED,2024-08-05T09:47:55.04Z,ALAM SUTERA,Asia/Jakarta,NEW
f9aaca22cf0441af91d8a38e40b1b3e3,PAID,2024-08-09T19:20:53.525Z,PONDOK INDAH,Asia/Jakarta,NEW
f7363b3b769f9352ae0418d2d689eff9,PAID,2024-04-30T10:13:46.466Z,SEMINYAK,Asia/Makassar,NEW
40e3f846184036e3d756859ce6928e31,PAID,2024-05-26T04:16:19.399Z,ARTERI PONDOK INDAH,Asia/Jakarta,RENEWAL
27809115179229eca5d66ea8b08fe174,EXPIRED,2024-06-13T23:02:07.054Z,BINTARO,Asia/Jakarta,NEW
a5a49f9d427493d898ab67f2ed6a4b45,PAID,2024-06-06T21:07:13.219Z,DENPASAR,Asia/Makassar,NEW
66eb9025b5560c4fe99b0f98b9d85246,REFUNDED,2024-06-30T13:11:45.515Z,KUNINGAN,Asia/Jakarta,NEW
31bcb515d3a5e094b86f7aa59ff69a14,FAILED,2024-08-10T13:59:12.026Z,SETIABUDI,Asia/Jakarta,REJOIN
560c8d17d38dc37561e8da1524cc0c00,PAID,2024-01-20T20:57:57.816Z,KEMANG,Asia/Jakarta,REJOIN
dc79619917369450bcf7659917e59f1f,REFUNDED,2024-06-22T10:39:58.064Z,KUNINGAN,Asia/Jakarta,NEW
1b716ebe4103e0a00fce42dc4b90f2a4,PAID,2024-06-14T02:11:28.613Z,SERPONG,Asia/Jakarta,NEW
dda8a4b2ecb797a186e1dff442cb3b3c,PAID,2024-03-28T02:44:40.529Z,BENHIL,Asia/Jakarta,RENEWAL
cb32005fa91b47f687c927353e027a7d,FAILED,2024-03-26T10:12:04.037Z,KUNINGAN,Asia/Jakarta,NEW
38b5def07b5b27f61828efbb6a86570b,PAID,2024-07-18T23:58:00.487Z,PLUIT,Asia/Jakarta,REJOIN
74abc4026d584fc6f434350414eb92c7,FAILED,2024-05-15T21:43:41.674Z,THAMRIN,Asia/Jakarta,REJOIN
23046ccae910b0542314863b5beb187b,EXPIRED,2024-02-03T11:38:59.387Z,SEMINYAK,Asia/Makassar,NEW
48493cedf356182d233b8499e1842fc3,PAID,2024-08-03T14:33:59.966Z,DENPASAR,Asia/Makassar,NEW
b074d16c5ff60ad53d30bc5e4b4f0d0c,PAID,2024-04-04T22:18:39.742Z,UBUD,Asia/Makassar,NEW
d1845d3e731535f828788c1c3fa4c994,CANCELLED,2024-08-05T17:41:27.208Z,THAMRIN,Asia/Jakarta,NEW
f3ff60b308e18d8ee13b27a15df7120a,EXPIRED,2024-04-18T03:11:53.441Z,SEMINYAK,Asia/Makassar,UPGRADE
33c8e55bc9fb75f8b087d49acb73390a,PENDING,2024-03-31T03:42:38.958Z,PONDOK INDAH,Asia/Jakarta,NEW
667a6cf0886e9aa43a90a178b55a99ad,FAILED,2024-08-19T07:07:58.607Z,BSD,Asia/Jakarta,RENEWAL
505e7c70e1c98f16602efeeecff71236,PAID,2024-05-24T10:03:20.635Z,CIKINI,Asia/Jakarta,RENEWAL
f442f83de495dfe4038c8d587d975f70,PENDING,2024-05-19T21:58:45.121Z,ALAM SUTERA,Asia/Jakarta,NEW
ca4b897e4c5fa71b28e456a883cca96c,PAID,2024-01-30T08:33:19.937Z,SENAYAN,Asia/Jakarta,NEW
d00193bb02fa37f9ca70a764b9203283,PAID,2024-01-29T00:10:17.887Z,SUNSET ROAD,Asia/Makassar,RENEWAL
bb5917c56e71a2dddf68e42a377ccdec,PENDING,2024-04-04T18:30:37.562Z,SUDIRMAN,Asia/Jakarta,REJOIN
74ea6b3c29a6ffa33c568515650ce2bb,PAID,2024-04-19T10:08:07.751Z,UBUD,Asia/Makassar,NEW
74d5dae90a0a3aed886fa0ac9044c37a,EXPIRED,2024-03-20T01:03:01.279Z,SENAYAN,Asia/Jakarta,NEW
f40fd2a1d639da1a5eed9c5af2c90cb3,FAILED,2024-03-01T09:18:31.581Z,ALAM SUTERA,Asia/Jakarta,NEW
e5d25cb2facfd956dff957b2a058ed83,PENDING,2024-06-19T02:24:52.976Z,SERPONG,Asia/Jakarta,NEW
970f577441eb6e0aceb2a66ba73e846a,PENDING,2024-07-24T02:17:58.962Z,SUDIRMAN,Asia/Jakarta,NEW
ffda054eaa9f83f4a8fcfca22552ae8c,PAID,2024-04-29T06:17:48.734Z,KELAPA GADING,Asia/Jakarta,RENEWAL
9ac3f30ffa3425f11ffa74c9f660c1e0,PAID,2024-03-02T05:11:23.512Z,TEBET,Asia/Jakarta,NEW
3091bab5dea4e74557d3712764d00105,REFUNDED,2024-01-25T06:25:42.511Z,SUDIRMAN,Asia/Jakarta,NEW
58176c4a06af034c29c85d426540d3f9,CANCELLED,2024-06-12T19:58:17.959Z,BSD,Asia/Jakarta,UPGRADE
9a11e07b34c61844d3c4fa2e33df0e78,PAID,2024-06-11T00:59:21.420Z,ARTERI PONDOK INDAH,Asia/Jakarta,NEW
aa6e7c3f9f75c09242832ebd4c7f5ba5,EXPIRED,2024-05-25T19:25:37.253Z,DENPASAR,Asia/Makassar,NEW
465eb585ad54a0537633a81e04392108,PAID,2024-05-14T13:56:10.567Z,BENHIL,Asia/Jakarta,NEW
c1b51ffdb38003e79b1af88ba4b442ff,REFUNDED,2024-05-12T07:47:55.991Z,ADITYAWARMAN,Asia/Jakarta,REJOIN
58c255a704f952009795eb236d2136d3,PAID,2024-03-24T03:19:31.42Z,GADING SERPONG,Asia/Jakarta,NEW
719af189b00888a1355fdcadc45cfbfb,PENDING,2024-06-02T22:07:07.422Z,ALAM SUTERA,Asia/Jakarta,NEW
f1028a48e7d7160e3402b067b0fec9cb,PAID,2024-07-23T05:44:34.365Z,SERPONG,Asia/Jakarta,NEW
965f946ad5899d5b06494533a07cc802,FAILED,2024-01-09T02:07:53.479Z,UBUD,Asia/Makassar,NEW
16e7c5413f6d1a83c95647da810386c3,PENDING,2024-06-25T18:37:45.082Z,CIKINI,Asia/Jakarta,NEW
ff7c11af6ae0df1f27004ad9cc93782d,EXPIRED,2024-05-07T12:41:41.814Z,KEMANG,Asia/Jakarta,REJOIN
f91005e74ac6ec77846cbc6738bfb039,EXPIRED,2024-02-17T11:15:41.843Z,BSD,Asia/Jakarta,RENEWAL
295fcfafba6aa6f0422e92868ecbcebc,PAID,2024-01-10T13:31:03.528Z,KUNINGAN,Asia/Jakarta,RENEWAL
be23fa27c09e705d74e8dbf57b782d79,PAID,2024-03-06T15:41:49.803Z,GREENVILLE,Asia/Jakarta,RENEWAL
6f5913e30cf54886ad068d1f51615056,PAID,2024-03-24T21:16:07.387Z,GADING SERPONG,Asia/Jakarta,NEW
c7c0d471dd19378f71790ec9465e3cd3,PENDING,2024-07-03T02:25:10.676Z,TEBET,Asia/Jakarta,RENEWAL
5f8a16d11548fcb778dc5157f208194b,PENDING,2024-05-04T12:26:42.387Z,MENTENG,Asia/Jakarta,NEW
63f0a4efa54f01ff9ddcb245b681709f,PAID,2024-04-17T23:29:53.429Z,BENHIL,Asia/Jakarta,NEW
f3deaead16be3974881b9a308f93a011,PAID,2024-08-11T15:03:08.407Z,GREENVILLE,Asia/Jakarta,NEW
7c8fb8749c0c2893b39039fd70333d47,FAILED,2024-05-19T19:30:39.655Z,SETIABUDI,Asia/Jakarta,NEW
f21a125dd829df08293ad2d4004de17a,PENDING,2024-02-12T09:36:03.936Z,SUNSET ROAD,Asia/Makassar,RENEWAL
a90453c2422d00c442916a0720c02f07,EXPIRED,2024-04-11T07:30:09.662Z,BSD,Asia/Jakarta,NEW
69dee05f533d963437089b8c2d3591dc,PAID,2024-06-19T06:48:55.231Z,BSD,Asia/Jakarta,NEW
1a29c8179b5c01c83e15423ca11c886a,PAID,2024-02-12T01:32:22.917Z,BSD,Asia/Jakarta,NEW
336b96675e6b879c7a4a34eba4943a20,EXPIRED,2024-08-02T07:49:37.67Z,ALAM SUTERA,Asia/Jakarta,NEW
0fbc656b3f092467b2fff920ee9f99fc,PAID,2024-06-06T02:32:27.754Z,SEMINYAK,Asia/Makassar,NEW
9f8ff18ae6c45694202dd4768308fd91,PAID,2024-03-20T09:10:19.731Z,MENTENG,Asia/Jakarta,REJOIN
cfcbec52f1f3b67a123fa69792e0e5c1,PAID,2024-07-23T04:02:09.149Z,TEBET,Asia/Jakarta,NEW
4c6abdda85f1116eeae3858e2811580d,PENDING,2024-06-04T22:11:34.032Z,ARTERI PONDOK INDAH,Asia/Jakarta,NEW
a00fccad19d0bbd8e77ee322f8bfb849,PENDING,2024-03-21T15:44:58.569Z,KELAPA GADING,Asia/Jakarta,RENEWAL
b590d6a894b3e7e00181821aeb08e3ed,CANCELLED,2024-03-21T16:12:21.146Z,UBUD,Asia/Makassar,REJOIN
0c6186a0cd97d51a5f07536a4c145256,PENDING,2024-05-11T22:41:56.453Z,TEBET,Asia/Jakarta,REJOIN
1a0877db97aa472e79e660758b84eb3d,PAID,2024-04-10T04:54:03.615Z,MENTENG,Asia/Jakarta,RENEWAL
2a6a8d31c422daed17c3416e160f8849,PAID,2024-03-24T20:16:20.608Z,ARTERI PONDOK INDAH,Asia/Jakarta,NEW
8ecc50e6800e080484743b069681e6a3,REFUNDED,2024-02-21T07:27:40.006Z,KEMANG,Asia/Jakarta,NEW
4f06e83a51c8b3e124deb9a0bb0c04ae,PAID,2024-01-16T11:44:09.342Z,THAMRIN,Asia/Jakarta,NEW
507e303697caefe32bfdc379a9a37712,PAID,2024-07-15T06:19:52.904Z,GADING SERPONG,Asia/Jakarta,NEW
9f377cec086a43777aba1e8108254eed,FAILED,2024-06-30T11:03:17.633Z,TEBET,Asia/Jakarta,NEW
7e6fa45d4aba6704592bdef7207c5d8f,PAID,2024-01-18T11:47:39.589Z,GREENVILLE,Asia/Jakarta,NEW
4db9735fd8c8b0debd9246960a7599bb,EXPIRED,2024-04-12T20:49:34.078Z,SEMINYAK,Asia/Makassar,NEW
580ae2333809c4a3b5114bf0c2d74dc6,PAID,2024-07-04T15:47:04.610Z,KELAPA GADING,Asia/Jakarta,UPGRADE
cc94b0fd51ff62aacd7c1919e2e2d0c9,PAID,2024-01-09T13:15:39.165Z,GADING SERPONG,Asia/Jakarta,REJOIN
154b567004b721b805f7ef03e025c529,PAID,2024-07-23T23:58:02.429Z,BINTARO,Asia/Jakarta,NEW
747911f81f69cc419eb9bc9b7ddffa52,PAID,2024-01-03T08:42:43.989Z,KELAPA GADING,Asia/Jakarta,REJOIN
43e52345b099a90848a798fba911a554,PENDING,2024-05-21T10:05:00.443Z,SUDIRMAN,Asia/Jakarta,NEW
f9fbb4dc43688739ee9ce09a00ee4f6b,PENDING,2024-07-06T23:29:52.902Z,BINTARO,Asia/Jakarta,NEW
beadd9572c5d31299f5d10b7387b6598,PAID,2024-07-09T01:46:58.447Z,KUNINGAN,Asia/Jakarta,RENEWAL
be859cf016085028e469e9c53da2b1ca,PAID,2024-01-10T01:48:35.773Z,ADITYAWARMAN,Asia/Jakarta,RENEWAL
13f1e5b609102e495510c4f1ddd80cc3,PAID,2024-02-16T17:33:53.152Z,UBUD,Asia/Jakarta,NEW
db0f3a856c3ee48d8092c284afb58a38,FAILED,2024-04-29T20:32:07.942Z,TEBET,Asia/Jakarta,NEW
37559607bcf2e08becbe632e314bed30,PAID,2024-08-10T17:53:32.287Z,THAMRIN,Asia/Jakarta,NEW
ba4324562ac863c235c831dfec8d3098,PAID,2024-02-15T12:56:23.695Z,UBUD,Asia/Makassar,UPGRADE
1db1f663bbb32e8189dd58b6ec10cd36,FAILED,2024-06-17T20:38:47.386Z,ADITYAWARMAN,Asia/Jakarta,NEW
7fc5cdc574b2c30939eec7e483eae170,PAID,2024-07-24T06:44:16.304Z,UBUD,Asia/Makassar,NEW
2c552573b8b9d0dc631deb71fc02e561,PAID,2024-06-08T02:47:44.588Z,BENHIL,Asia/Jakarta,RENEWAL
35c9b47664c1851aea7542ca3a90ca14,PENDING,2024-07-30T21:59:07.27Z,ALAM SUTERA,Asia/Jakarta,NEW
7a9550407539a0093990f2a6bab721a3,PAID,2024-06-17T00:55:10.659Z,SERPONG,Asia/Jakarta,UPGRADE
0066d67839994c62383b363e70e88e99,PAID,2024-07-07T12:58:49.254Z,MAMPANG,Asia/Jakarta,NEW
8fd518f9eacc1d2fd43d7c221bda70b4,REFUNDED,2024-04-19T11:02:26.246Z,SERPONG,Asia/Jakarta,NEW
8711711c450c6e9a4228849bd625563e,PAID,2024-02-07T12:10:59.487Z,GREENVILLE,Asia/Jakarta,NEW
e4ba104e0d4d94d390fe32dfa552c939,REFUNDED,2024-01-01T18:14:03.46Z,ADITYAWARMAN,Asia/Jakarta,UPGRADE
71ef327b4ab37f2771f49e0c9fb20d69,PENDING,2024-04-16T18:31:47.171Z,SENAYAN,Asia/Jakarta,NEW
d3fb3ceb733853b21d134c5a54d150a4,FAILED,2024-08-06T12:14:49.218Z,BINTARO,Asia/Jakarta,NEW
b5b5b4f701bda2db16a005df5ecd9faf,PAID,2024-05-25T18:11:41.072Z,BINTARO,Asia/Jakarta,NEW
bbc9ad95e5a2c188cc7db48ae83ef35b,PAID,2024-01-31T13:28:01.023Z,GREENVILLE,Asia/Jakarta,NEW
3b6a208d5e57b39fcafc90aae1c2cd50,FAILED,2024-07-06T03:51:21.652Z,ARTERI PONDOK INDAH,Asia/Jakarta,NEW
c31ff59e468e19863791b755a3a70401,PENDING,2024-05-23T13:58:33.831Z,SENAYAN,Asia/Jakarta,NEW
506a94535a627f694a60277a4eb7c7b0,PAID,2024-05-14T21:03:36.724Z,GADING SERPONG,Asia/Jakarta,NEW
bff6b6cd203960dc70e8159e7a33e619,PAID,2024-07-12T03:47:58.174Z,UBUD,Asia/Makassar,NEW
a03817f149581a7fd211c53059f5cf62,PAID,2024-05-06T16:47:28.929Z,BENHIL,Asia/Jakarta,UPGRADE
9a6a1777c908ce5e5dd3a8bf2f008258,PENDING,2024-04-08T23:44:12.709Z,CIKINI,Asia/Jakarta,NEW
e4a7a7d14746fc1fd45529eb4f3e53a6,PENDING,2024-05-07T06:57:35.867Z,KUNINGAN,Asia/Jakarta,NEW
4b935a28e4cff710b2272e8e8578e101,EXPIRED,2024-06-22T06:37:08.106Z,BSD,Asia/Jakarta,NEW
1783a33f2dde06ac28d2f7887026da77,PAID,2024-02-05T05:54:34.1Z,THAMRIN,Asia/Jakarta,NEW
ef34cfe75d432407f85b33af20ed7508,PAID,2024-01-31T12:55:36.750Z,GREENVILLE,Asia/Jakarta,NEW
9ef873015ef4b5f64eca0a7a9326e9b4,FAILED,2024-06-18T00:04:10.164Z,GREENVILLE,Asia/Jakarta,NEW
4816d4c786ef0332e11e618d110e1f53,PAID,2024-06-30T09:43:04.598Z,PONDOK INDAH,Asia/Jakarta,NEW
4b29339722bab595642f173eff489da6,PAID,2024-04-05T02:23:25.579Z,PLUIT,Asia/Jakarta,UPGRADE
808f38e86ec3a19cd6e3265bf6e4b516,PAID,2024-02-12T05:37:33.210Z,ALAM SUTERA,Asia/Jakarta,NEW
0c3e59e951ae5a4b8c3729031c5703e3,PAID,2024-01-11T13:41:26.535Z,BSD,Asia/Jakarta,REJOIN
f41609e6555dd6aa6155b7a6ee928673,PAID,2024-04-07T01:52:38.314Z,SUNSET ROAD,Asia/Makassar,RENEWAL
991b00e8046457650997bf88add71621,PAID,2024-04-06T20:57:14.855Z,MAMPANG,Asia/Jakarta,NEW
cbb178d96777c2dcc8350d5d10792bf2,PAID,2024-03-28T04:34:06.615Z,KUNINGAN,Asia/Jakarta,RENEWAL
41cc178a2eb2f8bb770da19b3db58bdd,PAID,2024-03-09T19:31:07.664Z,THAMRIN,Asia/Jakarta,NEW
020904e475c060fed7fc26829b19cedb,PAID,2024-08-12T05:07:25.19Z,ADITYAWARMAN,Asia/Jakarta,NEW
946ffc1247a1d89fdb0f0b102d78712f,REFUNDED,2024-05-03T12:42:25.019Z,CIKINI,Asia/Jakarta,NEW
d3b1f676848916d690a15f74c7634286,PAID,2024-03-08T15:35:01.367Z,SERPONG,Asia/Jakarta,UPGRADE
09762df2ce3db7955ad427a3104aae32,FAILED,2024-08-01T10:38:49.888Z,ALAM SUTERA,Asia/Jakarta,REJOIN
489a27c2bf13c88d48ef5718b1baa62c,CANCELLED,2024-04-05T23:27:38.912Z,UBUD,Asia/Makassar,NEW
e9bd7876b3c029774c5ba8f48614e431,FAILED,2024-03-08T03:50:25.684Z,MENTENG,Asia/Jakarta,UPGRADE
690ff9a73d20fc0c5b2e788078197d38,REFUNDED,2024-06-12T04:16:16.141Z,KELAPA GADING,Asia/Jakarta,NEW
fc4c461fe6f368689c9a2f1d4853165c,PAID,2024-04-24T09:50:22.237Z,SERPONG,Asia/Jakarta,RENEWAL
fbfc9a8e4cb601ebd856635622ed0486,PENDING,2024-05-12T06:44:10.641Z,DENPASAR,Asia/Makassar,NEW
e9d87eaad4f6a5f68f49de8d43d1269b,PAID,2024-04-07T08:43:14.529Z,BENHIL,Asia/Jakarta,NEW
562cf13a38eb1c2d1f8dfc9fea177f8f,PAID,2024-03-20T07:33:51.463Z,DENPASAR,Asia/Makassar,NEW
8e79293e751f4343de804cf81041ba48,FAILED,2024-04-18T21:17:59.751Z,SEMINYAK,Asia/Makassar,UPGRADE
a2814011c0944c9cbf853a1b9b474698,PAID,2024-02-10T15:17:09.163Z,THAMRIN,Asia/Jakarta,NEW
cefdda91ad613ed42b64e2af1919189c,PAID,2024-04-04T13:54:46.681Z,PONDOK INDAH,Asia/Jakarta,REJOIN
b741dd34619b85464c74097983a10375,PAID,2024-03-20T04:20:09.079Z,SENAYAN,Asia/Jakarta,NEW
3df1e417f949b2f72a84e04920c23667,PAID,2024-08-28T19:42:37.002Z,SUNSET ROAD,Asia/Makassar,REJOIN
eb41c22b9b15fb551394b5000ad8c823,EXPIRED,2024-01-29T11:03:29.404Z,KELAPA GADING,Asia/Jakarta,REJOIN
d40faeecf288106dbf067f784977f5de,PAID,2024-02-25T00:13:34.254Z,TEBET,Asia/Jakarta,NEW
7d5ebad85b2b1ef45af7781dabd24b28,PAID,2024-02-12T11:13:32.048Z,TEBET,Asia/Jakarta,NEW
2a9943fc13561eb46233e81e50bbc1e2,PENDING,2024-07-21T06:28:32.698Z,GADING SERPONG,Asia/Jakarta,NEW
ec6ca4b92988dbe2dd06e4e0df98865b,EXPIRED,2024-01-12T15:33:52.996Z,PONDOK INDAH,Asia/Jakarta,NEW
14312f5926e6e34b6fea18aa2c686646,PENDING,2024-02-24T17:26:46.982Z,DENPASAR,Asia/Makassar,NEW
7c7e01a785af7c678d50cee5214856b7,PAID,2024-07-27T16:17:01.532Z,KELAPA GADING,Asia/Jakarta,REJOIN
667aec7b3cce55f6e4d544af3a7c0566,EXPIRED,2024-05-19T07:40:03.404Z,UBUD,Asia/Makassar,NEW
3ec4c3d6a2438589eabf31137bd4adc4,PAID,2024-01-30T00:29:20.800Z,KEMANG,Asia/Jakarta,NEW
b5f760aaa2770081a3c555b9e5e3ddb3,PAID,2024-06-23T05:42:06.247Z,SUNSET ROAD,Asia/Makassar,RENEWAL
0518f88a75be7c0e845fb90965652d4f,PAID,2024-02-27T14:15:47.254Z,SEMINYAK,Asia/Makassar,NEW
ff5eec47abe7b0d4b06778fd603db8b3,PAID,2024-05-22T16:15:58.126Z,SERPONG,Asia/Jakarta,RENEWAL
aeb0a0a355045dcac0013529bb040afd,PAID,2024-06-17T02:18:29.385Z,KUNINGAN,Asia/Jakarta,NEW
82428994a6e5264dbf7ca11ef603d5bb,PAID,2024-06-30T14:05:10.248Z,THAMRIN,Asia/Jakarta,RENEWAL
324a76d4321ffcf7eef2a5f2de7a74ff,EXPIRED,2024-08-29T03:57:38.291Z,GREENVILLE,Asia/Jakarta,NEW
a7f0d33f38d2440e573d9ef7ded9606f,PAID,2024-06-23T16:58:40.57Z,KELAPA GADING,Asia/Jakarta,NEW
0fc6a2f94143a546aec2e10b92fc3c28,REFUNDED,2024-02-23T20:44:38.415Z,SERPONG,Asia/Jakarta,NEW
0ae445c52e1efed0cd8365e8f9410f05,PAID,2024-08-17T05:16:22.525Z,CIKINI,Asia/Jakarta,RENEWAL
d73aa6393c2b79d699dffea915337615,PAID,2024-01-25T07:26:38.4Z,GADING SERPONG,Asia/Jakarta,RENEWAL
51e032a5454feb45ad6b2659359e397a,PAID,2024-06-19T07:36:14.296Z,SUNSET ROAD,Asia/Makassar,NEW
f8da0798d0efb82d6864d775a9033500,EXPIRED,2024-01-23T10:19:59.809Z,SERPONG,Asia/Jakarta,NEW
326362d45d59bc654cf0c7b431db4b5a,REFUNDED,2024-02-01T14:04:33.109Z,UBUD,Asia/Makassar,NEW
ebc862e6934b27a973efcef03519a9d9,REFUNDED,2024-04-14T18:58:27.039Z,GADING SERPONG,Asia/Jakarta,NEW
a2436e2e15faeb66d065f664cf93e1e6,PAID,2024-06-19T17:22:52.709Z,MAMPANG,Asia/Jakarta,NEW
1fc7df0b6713bc07730b8d1a736433d0,PAID,2024-08-03T14:34:13.320Z,SENAYAN,Asia/Jakarta,REJOIN
ab7275729943b50a5deac1120d88c22f,PAID,2024-04-03T07:20:15.865Z,ALAM SUTERA,Asia/Jakarta,NEW
9a16b36ea7db8a18482193920cbc80b5,PAID,2024-08-03T09:06:47.315Z,TEBET,Asia/Jakarta,NEW
9c70973fdb07d3991e86993d5edb5b0e,PAID,2024-04-10T02:51:48.55Z,GREENVILLE,Asia/Jakarta,NEW
6f542d24d914219b5e06926a6a793c85,PAID,2024-05-25T09:44:30.568Z,KEMANG,Asia/Jakarta,NEW
16a2a4e7f247354c4dd539e1d873f33d,PAID,2024-03-24T16:19:04.038Z,MAMPANG,Asia/Jakarta,NEW
23bc82a4fd9e4b0ab44d44ce2794650f,PAID,2024-05-21T14:19:27.539Z,ADITYAWARMAN,Asia/Jakarta,REJOIN
4fb7083cc00d822aa522a16cbb056a19,PAID,2024-03-19T19:43:35.719Z,UBUD,Asia/Makassar,NEW
65bc0e8dbc128308c3f2fb4886cbc5d1,PAID,2024-07-12T09:42:41.783Z,KUNINGAN,Asia/Jakarta,NEW
8a54a6b8a7ed88823a019add1aa864d2,PAID,2024-05-01T17:32:24.923Z,BENHIL,Asia/Jakarta,NEW
7feac0c930a180a0fc00fdc7cbd4179e,FAILED,2024-02-24T03:19:07.969Z,CIKINI,Asia/Jakarta,NEW
96f6a0fcf333978f04c6b0f8ef9d1381,PENDING,2024-06-21T04:50:06.390Z,KUNINGAN,Asia/Jakarta,NEW
1fc2f73d638f398014cb19c28993b8f3,PAID,2024-07-29T13:19:13.110Z,KEMANG,Asia/Jakarta,NEW
a1bd292b625bd4a6a8320e4ad6c3a98d,FAILED,2024-04-21T20:53:05.112Z,ADITYAWARMAN,Asia/Jakarta,RENEWAL
6317acf04becd19506d85b32b5becb71,EXPIRED,2024-06-25T02:05:39.941Z,SUNSET ROAD,Asia/Makassar,REJOIN
58129f4c7b5c4c14b5b783766d50954e,PAID,2024-08-02T06:10:16.556Z,CIKINI,Asia/Jakarta,NEW
a1a34d65523610279d8a9be5691721e6,PAID,2024-07-18T15:29:54.231Z,CIKINI,Asia/Jakarta,NEW
0eaa8461d17d3126047d11463267abf1,PAID,2024-02-25T01:55:21.306Z,GREENVILLE,Asia/Jakarta,NEW
bd4dbd38fe40036be497e3aaccc18371,PAID,2024-01-01T10:06:17.586Z,THAMRIN,Asia/Jakarta,REJOIN
9095434391d40f1bd3c01d4076f1c741,FAILED,2024-02-14T10:07:35.892Z,SUNSET ROAD,Asia/Makassar,REJOIN
df39085a624d4e4e06e3d09b0eea7b65,PAID,2024-06-04T20:01:45.051Z,ARTERI PONDOK INDAH,Asia/Jakarta,RENEWAL
92271295a5d22083113d2aeaf87fc7d6,PENDING,2024-08-15T00:53:50.042Z,CIKINI,Asia/Jakarta,NEW
150f2e926f6389fc56bc987c0771048c,PAID,2024-06-17T22:51:29.343Z,SENAYAN,Asia/Jakarta,NEW
32999cd734f1e878695435c71ac27a0d,PAID,2024-07-18T23:56:19.341Z,SENAYAN,Asia/Jakarta,RENEWAL
af96b8bc96c15593a0ec44e8fab55c65,PAID,2024-05-01T15:24:32.536Z,ALAM SUTERA,Asia/Jakarta,REJOIN
3f24a9c1bd4322b7c09181ddd7a55c3c,PAID,2024-02-06T13:04:42.588Z,KEMANG,Asia/Jakarta,UPGRADE
10dc7b793ec905760e7c7d99c5f66946,PAID,2024-07-25T12:20:05.464Z,DENPASAR,Asia/Makassar,NEW
73d4a3e45ad58fa8d7d6e5fd42c1928b,PAID,2024-04-02T06:53:47.272Z,BENHIL,Asia/Jakarta,NEW
ef568934f880efcdf1c8b7ce32c99334,PAID,2024-04-29T22:45:59.695Z,MENTENG,Asia/Jakarta,REJOIN
acbf57a30ef43c1235029412d79f9269,PENDING,2024-06-21T02:08:19.619Z,SEMINYAK,Asia/Makassar,NEW
b2a8ba7d5330d29342bdab1be747e5ef,PAID,2024-01-07T18:58:27.856Z,KUNINGAN,Asia/Jakarta,NEW
7102f5b4c4f94413ae9e3994340be2e9,PAID,2024-06-21T02:33:27.699Z,ALAM SUTERA,Asia/Jakarta,NEW
b8198e7877d90fede0f30b4ff4bcc6ac,EXPIRED,2024-06-02T03:02:07.498Z,KEMANG,Asia/Jakarta,NEW
87a22256b79055e8e319300b320ae436,PAID,2024-06-19T20:47:54.325Z,DENPASAR,Asia/Makassar,NEW
41d162ed4a612b34787d4522945039fa,FAILED,2024-04-24T00:06:43.046Z,MENTENG,Asia/Jakarta,REJOIN
286bf8e288bbc95b7aed9bcdf0a2202e,PAID,2024-08-07T01:17:41.806Z,BENHIL,Asia/Jakarta,REJOIN
d01636ef33541b161d51b34647249719,FAILED,2024-06-18T03:37:20.334Z,ALAM SUTERA,Asia/Jakarta,NEW
659f8e93759a31d0b195befab922fc1a,PAID,2024-06-28T08:48:46.147Z,ADITYAWARMAN,Asia/Jakarta,RENEWAL
f696fc8334e5cea7ceabd05c784cc146,PAID,2024-02-26T09:00:37.751Z,BINTARO,Asia/Jakarta,NEW
c1e135f432a02fa6be1d1e9ff613acf2,PAID,2024-08-17T15:47:03.433Z,BENHIL,Asia/Jakarta,NEW
4eeb6f862ddfdd8f003d72bca7a77f03,REFUNDED,2024-02-23T18:48:42.202Z,ARTERI PONDOK INDAH,Asia/Jakarta,NEW
bc45fb90501527a19031a8e8afdd99db,PAID,2024-02-19T10:48:40.089Z,KEMANG,Asia/Jakarta,NEW
04429154a6bc78b3c0fa5396826bae3d,PAID,2024-07-06T05:46:04.967Z,SETIABUDI,Asia/Jakarta,RENEWAL
4c55eaa96f25e0b7cf12d90104b2b6ab,PAID,2024-03-03T06:16:39.986Z,DENPASAR,Asia/Makassar,NEW
5059cf3e2519fd6ff43258c5722a0e06,PAID,2024-03-07T21:42:15.132Z,MENTENG,Asia/Jakarta,NEW
e150f0daf193a5000813931d776b6bc1,PAID,2024-01-26T10:06:13.036Z,CIKINI,Asia/Jakarta,NEW
35e108c57e252abad0e9e01cae8e4597,PAID,2024-04-14T14:18:41.58Z,MAMPANG,Asia/Jakarta,NEW
bea989fd16c5fd0e70a4d6d98ce91e48,CANCELLED,2024-08-22T22:47:06.099Z,TEBET,Asia/Pontianak,NEW
89cfccf2043708345a8a3494d085066e,PENDING,2024-03-17T02:50:14.663Z,GREENVILLE,Asia/Jakarta,REJOIN
53fa5c02cf9d72e78ccd1b52b8a74be0,PAID,2024-04-24T14:47:29.099Z,BENHIL,Asia/Jakarta,NEW
b07bf93744a5ed2a00da40cbd12f7abf,PAID,2024-01-21T08:39:06.181Z,KEMANG,Asia/Jakarta,NEW
c8c67303e0a49376fdf316ec684c139f,FAILED,2024-01-30T15:01:58.067Z,ARTERI PONDOK INDAH,Asia/Jakarta,REJOIN
4cf75e61d6c269fdb29a24607919f51e,PAID,2024-03-13T08:32:09.380Z,PLUIT,Asia/Jakarta,NEW
4a311d1eed027b1001fccb4224204c86,PAID,2024-01-03T22:28:29.368Z,PONDOK INDAH,Asia/Jakarta,NEW
a6311f46a9f8d7be43f84ec3688e629f,PAID,2024-01-20T05:32:24.005Z,THAMRIN,Asia/Jakarta,NEW
a666f8ffabd6274944a2dab862c6c92d,REFUNDED,2024-03-03T00:06:42.492Z,BINTARO,Asia/Jakarta,RENEWAL
d47b15429aef41a50b5d2b089c6e5df2,PAID,2024-04-30T14:14:24.691Z,UBUD,Asia/Makassar,NEW
03aee91e89432d75fc5eb483d34830bc,PAID,2024-05-25T05:29:34.867Z,KELAPA GADING,Asia/Jakarta,NEW
6874d787f539aaf32d3b90d09ce825f4,PAID,2024-04-12T07:41:48.499Z,MENTENG,Asia/Jakarta,REJOIN
ea2a643104e7b346385f81c7475ecde6,PAID,2024-02-04T13:26:29.637Z,BINTARO,Asia/Jakarta,NEW
b4b125c91fac0d8f5427a00266e3206b,PAID,2024-01-02T21:59:26.443Z,KUNINGAN,Asia/Pontianak,RENEWAL
29c91d9bad4380d3c3593e1681b5790d,FAILED,2024-07-19T02:59:44.378Z,THAMRIN,Asia/Jakarta,REJOIN
3bfe127459edc3fc51f9b84ddcdafd47,PAID,2024-03-20T14:08:05.167Z,SETIABUDI,Asia/Jakarta,NEW
ac409b922119a217eedab089379e5ad9,PAID,2024-06-22T20:31:17.652Z,TEBET,Asia/Jakarta,NEW
8e91cfd08dd1d78dadd84be3220d1361,EXPIRED,2024-04-21T23:35:15.278Z,GADING SERPONG,Asia/Jakarta,NEW
82925984fee87b6ede7f04ce866765c4,PENDING,2024-03-23T23:08:32.259Z,DENPASAR,Asia/Makassar,NEW
aff01093eca72d54acedeea0d799df89,PAID,2024-03-15T18:02:52.646Z,TEBET,Asia/Jakarta,REJOIN
06b7a9c34be08fceeb7cc3657d12a28e,PENDING,2024-03-16T01:53:29.747Z,SETIABUDI,Asia/Jakarta,NEW
948a140791a54b027d845fa1ae25008b,PAID,2024-02-03T10:16:55.812Z,BINTARO,Asia/Jakarta,NEW
90c6cd44882bc3c15589f7061ec84247,CANCELLED,2024-08-17T16:58:10.866Z,TEBET,Asia/Jakarta,NEW
2f105c71a49ab8faf3cbb6f45eaf066b,PAID,2024-05-04T07:53:53.876Z,SERPONG,Asia/Jakarta,RENEWAL
e79dd97f486ec22294f34614184375ef,REFUNDED,2024-03-27T01:11:02.840Z,CIKINI,Asia/Jakarta,REJOIN
b39e2bbc6f714a516bd832444a782075,PAID,2024-07-10T10:43:32.078Z,BSD,Asia/Jakarta,NEW
b6bdf4ae47f1e7ac99bdaa02e37ef0c1,PAID,2024-04-20T02:08:44.379Z,KELAPA GADING,Asia/Jakarta,NEW
00196db5a5b5970531e2168e3ace1110,PENDING,2024-06-05T08:26:58.797Z,ADITYAWARMAN,Asia/Jakarta,NEW
755aff6df0482449d35e3d1861500722,REFUNDED,2024-04-26T10:41:59.662Z,SEMINYAK,Asia/Makassar,NEW
9a3c7d7a03c883f36d638f2c899fce9e,PAID,2024-01-10T00:10:41.416Z,SEMINYAK,Asia/Makassar,UPGRADE
e6f2346228a21bc1623d55d433dcb289,FAILED,2024-04-09T11:43:31.605Z,DENPASAR,Asia/Makassar,NEW
47760e9ce1c9e0f7e4b7a2cc988531b0,PAID,2024-07-20T14:24:36.083Z,GREENVILLE,Asia/Jakarta,NEW
d444323b20559efb3b5787f89728df8b,PAID,2024-06-25T10:25:27.870Z,GADING SERPONG,Asia/Jakarta,NEW
0a3c7a0e079f68648c2ab826d00c6feb,PAID,2024-03-26T04:25:45.585Z,ARTERI PONDOK INDAH,Asia/Jakarta,NEW
d82f469ad6105c367e2821228d06dfc7,PAID,2024-06-18T01:20:56.73Z,UBUD,Asia/Makassar,NEW
73d582ae2522722fc8eb692d4311aca3,PAID,2024-01-07T05:18:04.035Z,BSD,Asia/Jakarta,NEW
520c2d1917ad65f94a07bd096052b0db,PENDING,2024-03-08T07:17:20.850Z,UBUD,Asia/Makassar,REJOIN
9073b247de962d8336b6e2a7e605b909,PAID,2024-05-12T23:37:39.263Z,CIKINI,Asia/Jakarta,UPGRADE
f74f8b5169109e8c20a77d568e0eb729,PAID,2024-03-17T05:15:47.104Z,BINTARO,Asia/Jakarta,NEW
cf15c5c136f210b1e431600ac174385b,PAID,2024-06-01T05:39:49.857Z,PONDOK INDAH,Asia/Jakarta,NEW
1f1dc9af220a1e91aa9b67dad11ba27d,PAID,2024-03-07T11:23:03.398Z,SETIABUDI,Asia/Jakarta,NEW
66ce6d5d27f6a4c8f7baa9724df9fd11,PAID,2024-08-26T15:38:26.174Z,MENTENG,Asia/Jakarta,NEW
1dbc6cb85ced4331d1a9a8019146df0a,PAID,2024-02-22T21:09:16.264Z,TEBET,Asia/Jakarta,NEW
39c4f853a9b0348abadad29555eb9b02,PENDING,2024-01-26T23:17:42.579Z,PLUIT,Asia/Jakarta,NEW
0317e2f20fd08d1348d45ba399154419,PAID,2024-04-02T22:44:04.039Z,TEBET,Asia/Jakarta,NEW
26160ca5fc1865abe0692568b7ec7005,PENDING,2024-06-20T04:39:15.776Z,UBUD,Asia/Makassar,NEW
9f39c8ed805e619690d619e2081577da,PAID,2024-02-14T03:09:31.542Z,MENTENG,Asia/Jakarta,RENEWAL
91be1b24c5947ef93a2e100cffc2d763,PAID,2024-01-31T12:45:04.748Z,MAMPANG,Asia/Jakarta,REJOIN
3f24a8fe8d5ecf7b18091d45de2376f2,PENDING,2024-01-20T10:02:45.325Z,KELAPA GADING,Asia/Jakarta,NEW
cc01a7277d8160af3f1d90bead6fa375,PAID,2024-07-11T13:33:40.285Z,MENTENG,Asia/Jakarta,UPGRADE
cbc535e6bd15d37c2a356dfd76f56f08,PENDING,2024-04-29T17:57:34.522Z,SERPONG,Asia/Jakarta,REJOIN
e219fdc1fb09513fa80a581427941a6b,PENDING,2024-07-26T16:49:16.727Z,KUNINGAN,Asia/Jakarta,UPGRADE
08e117ed8427a2efbdd2586a40a41479,PAID,2024-04-09T10:28:35.100Z,CIKINI,Asia/Jakarta,NEW
c1f079682c4857d7ec1d9dae85db69c9,PAID,2024-02-12T19:53:12.298Z,BINTARO,Asia/Jakarta,NEW
64ebec1b262924f78e57ecd8146029d6,PAID,2024-04-06T15:14:14.062Z,SETIABUDI,Asia/Jakarta,REJOIN
04020c237485aaf9946de294c94af387,EXPIRED,2024-05-04T00:29:34.935Z,KUNINGAN,Asia/Jakarta,RENEWAL
2822522b29c67d8b806024b34b8f0a99,PAID,2024-03-09T02:33:35.204Z,GREENVILLE,Asia/Jakarta,NEW
1928083ade337917df834f92fb1615f9,PAID,2024-06-28T22:52:34.259Z,CIKINI,Asia/Jakarta,REJOIN
7f62c2c75aedc8f861327d015c3ce884,PAID,2024-01-27T10:52:02.108Z,SUDIRMAN,Asia/Jakarta,NEW
3a2548e64a9de7be57466a02c7762a3b,PAID,2024-02-03T09:01:03.411Z,CIKINI,Asia/Jakarta,NEW
df730ce508edc7ab4bf1f9122b6c8d15,PAID,2024-07-26T20:16:45.529Z,MENTENG,Asia/Jakarta,NEW
3091bab5dea4e74557d3712764d00105,PAID,2024-03-27T02:41:32.758Z,ARTERI PONDOK INDAH,Asia/Jakarta,NEW
51d6e84603a72f36c575e97f2472ed1e,PAID,2024-08-09T21:10:29.976Z,BENHIL,Asia/Jakarta,NEW
4008b2419e55f86f936ceb7b12bca6f1,PAID,2024-03-28T16:46:54.706Z,DENPASAR,Asia/Makassar,NEW
5fdb83cdb9478a81ee90ecd2dcc3e8c5,EXPIRED,2024-06-27T13:43:35.299Z,MENTENG,Asia/Jakarta,NEW
e7c072c17551102cab5c569fc6712040,PAID,2024-01-05T11:08:03.864Z,SETIABUDI,Asia/Jakarta,RENEWAL
1b8b32f14d902afabb3638e4f2c3e0e3,REFUNDED,2024-02-14T06:16:46.896Z,KUNINGAN,Asia/Jakarta,REJOIN
46cc8e7cb27ae6f158a30e412325f6ad,EXPIRED,2024-04-18T00:38:08.072Z,KUNINGAN,Asia/Jakarta,NEW
fd8706c72f42f0d3167d9a729cfcf505,PAID,2024-01-31T02:49:43.379Z,SENAYAN,Asia/Jakarta,NEW
e73feb5b4927c77a8637850ae3710e27,FAILED,2024-07-02T14:34:20.357Z,SERPONG,Asia/Jakarta,NEW
5516dbf302323471e409448465f9a9ab,PAID,2024-06-01T12:29:07.18Z,ARTERI PONDOK INDAH,Asia/Jakarta,REJOIN
25484bbb05dd8ee6a3ac8f2784cb1bbc,PAID,2024-01-15T12:23:58.924Z,SETIABUDI,Asia/Jakarta,NEW
224b2b3c32c07660395f9166356b0a49,PAID,2024-03-22T08:09:28.192Z,ALAM SUTERA,Asia/Jakarta,RENEWAL
d238ae6277fb85ccb0ff45f73ca4bae0,FAILED,2024-04-26T20:54:12.969Z,THAMRIN,Asia/Jakarta,NEW
302e677f7269f7be27ece5ae700c8d83,PAID,2024-03-12T01:42:21.530Z,SUNSET ROAD,Asia/Makassar,UPGRADE
90722cd9f1a17c3e1da2badc2b37b7bc,PAID,2024-08-18T19:22:54.144Z,KELAPA GADING,Asia/Jakarta,NEW
e1d47ab048664374d7c0c8b388c396bd,PAID,2024-01-31T14:24:09.636Z,KUNINGAN,Asia/Jakarta,NEW
4914008fa928d42075fd868fc1d2209c,PENDING,2024-02-14T16:21:53.727Z,GADING SERPONG,Asia/Jakarta,NEW
7588efb2822126df97731205a46c9237,PENDING,2024-06-15T10:07:24.164Z,ARTERI PONDOK INDAH,Asia/Jakarta,NEW
55e64061bb6971e68fad4cb283f0007d,PAID,2024-08-20T08:02:17.563Z,MAMPANG,Asia/Jakarta,RENEWAL
f0ac5d6fd0373b441838e228173cff1e,PAID,2024-04-14T11:07:22.583Z,SERPONG,Asia/Jakarta,NEW
0717301ab3c10da3c4dda85ade2b32b3,REFUNDED,2024-07-09T13:34:45.419Z,GADING SERPONG,Asia/Jakarta,NEW
ddae2a0226f974fea0253c78147a04be,FAILED,2024-03-26T17:02:54.153Z,SUDIRMAN,Asia/Jakarta,NEW
3a8ffbd77a0dfe930006eb783dbd6411,PENDING,2024-05-24T05:50:38.425Z,BSD,Asia/Jakarta,NEW
05fbe267e98f7e98b85a95344878a0cd,EXPIRED,2024-03-19T16:58:53.939Z,SUDIRMAN,Asia/Jakarta,REJOIN
63343912bc4c3959b388d21d3ce66556,PAID,2024-05-04T21:58:26.395Z,ARTERI PONDOK INDAH,Asia/Jakarta,NEW
284fe4daae4e702e9eef14ba049bc870,PENDING,2024-02-09T17:20:25.879Z,PONDOK INDAH,Asia/Jakarta,RENEWAL
85080d2fd39e044ed83a9cc6293190ff,PAID,2024-04-05T07:01:09.741Z,UBUD,Asia/Makassar,NEW
1ec97394471aed5e462c79c42e1bf5e6,PAID,2024-02-11T08:49:12.2Z,TEBET,Asia/Jakarta,RENEWAL
343a9243688f9f5533b39edbb3a06f50,PAID,2024-04-25T19:38:28.054Z,KUNINGAN,Asia/Jakarta,RENEWAL
03cdc58c2488dab5a46022858315ce77,FAILED,2024-08-16T07:55:43.292Z,BSD,Asia/Jakarta,NEW
f7a6f2cbc8b2a49349128796f9f4be5c,PAID,2024-08-19T11:10:53.83Z,BENHIL,Asia/Jakarta,NEW
3456dfc611a15b8dce96af9e158beec2,PENDING,2024-04-02T19:37:04.142Z,ARTERI PONDOK INDAH,Asia/Jakarta,NEW
3d820f52efb2c91a61aeb96ae8c53a3b,FAILED,2024-03-11T07:59:42.004Z,SEMINYAK,Asia/Makassar,NEW
71293224dca2f74f0394835e9df38043,PAID,2024-04-14T22:08:07.541Z,PLUIT,Asia/Jakarta,NEW
c0b1c586df876541e04dc7bf2cd3632f,PENDING,2024-05-21T22:08:35.372Z,TEBET,Asia/Jakarta,NEW
578192a546f474233d55604e9cedd569,PAID,2024-03-31T15:47:41.236Z,THAMRIN,Asia/Jakarta,RENEWAL
4f0a4603a01fe2ac05fb4aa1af34e2f9,PAID,2024-04-03T02:32:41.359Z,ARTERI PONDOK INDAH,Asia/Jakarta,NEW
51d4f0d974ca01c15455636a7310bbac,PAID,2024-02-24T18:43:51.154Z,BINTARO,Asia/Jakarta,NEW
2aed5453563dc30326bada89cd33a7d6,PAID,2024-01-25T06:34:06.996Z,TEBET,Asia/Jakarta,RENEWAL
a55e1c943d7e38f3c1b5460c84a1cda2,EXPIRED,2024-07-03T21:32:48.531Z,SUNSET ROAD,Asia/Makassar,NEW
c767dc8ac1f513bae230c1f44f9e079f,PENDING,2024-07-08T18:30:51.009Z,ARTERI PONDOK INDAH,Asia/Jakarta,NEW
d116fe40adaa1cb54f5260666946d95a,CANCELLED,2024-08-20T19:34:51.238Z,KEMANG,Asia/Jakarta,NEW
62661e9f6aefcae0ff5f967a1bbd1bbc,PAID,2024-01-09T14:08:39.373Z,KUNINGAN,Asia/Jakarta,UPGRADE
74bdec667f454236af8827474aae499a,PAID,2024-07-26T19:44:21.514Z,THAMRIN,Asia/Jakarta,NEW
cbbcba734bcf6a6236b836fa78f02995,PAID,2024-07-16T18:55:14.711Z,KUNINGAN,Asia/Jakarta,NEW
fa39e45149d5cd4c289eb2a1f67db6d2,PAID,2024-04-24T09:34:34.415Z,ARTERI PONDOK INDAH,Asia/Jakarta,NEW
952b66e96ff4f9fc8c3a30fabcecabef,PAID,2024-02-18T01:20:15.312Z,SUNSET ROAD,Asia/Makassar,NEW
d3a1fef58c373bae2df20caac038bf2d,PENDING,2024-07-29T14:31:08.877Z,MENTENG,Asia/Jakarta,RENEWAL
730e889afa062d1563914c6200414e04,PAID,2024-02-01T12:47:46.727Z,SUDIRMAN,Asia/Jakarta,NEW
271f9be022b412e13413821d83603f09,PAID,2024-05-15T07:28:01.083Z,GADING SERPONG,Asia/Jakarta,REJOIN
8e107dc69a2ed49de442e71785699748,PAID,2024-05-09T10:11:47.234Z,SUDIRMAN,Asia/Jakarta,NEW
550a679475208e33dcbda1fefcf1e5c6,EXPIRED,2024-01-09T19:21:32.148Z,BSD,Asia/Jakarta,NEW
43184a96c93ac800931930424b1668cd,PAID,2024-02-28T04:50:46.808Z,CIKINI,Asia/Jakarta,NEW
786c730a1f8c9caccd1b7d66b3ba73b1,PAID,2024-02-04T06:49:38.890Z,SETIABUDI,Asia/Jakarta,RENEWAL
a2976b8fa7e2ef0ae28cc7da96c44b13,PAID,2024-06-06T20:14:08.560Z,KELAPA GADING,Asia/Jakarta,NEW
44cb3ce90c5d581735767d5d9a4913ed,EXPIRED,2024-06-26T18:55:09.878Z,BENHIL,Asia/Jakarta,NEW
5ba97c2d2456422c99e4c072b392cfbb,PAID,2024-07-28T11:25:01.501Z,BSD,Asia/Jakarta,NEW
623a53080e70d3f8c8f1067e2c3fbd45,PAID,2024-02-23T04:57:58.592Z,KEMANG,Asia/Jakarta,RENEWAL
f06d25bb6bef090016f7d086654dc208,PAID,2024-05-27T23:48:39.294Z,PLUIT,Asia/Jakarta,UPGRADE
a7e0fbc245e44edd9b2d059fc9ce4b2a,PAID,2024-05-19T14:42:55.598Z,SUNSET ROAD,Asia/Makassar,NEW
11a0785daa485b6c508767a7cdd53d31,PAID,2024-07-25T01:16:06.682Z,BINTARO,Asia/Jakarta,RENEWAL
7210a7560913ba492b4a950633a4df85,PAID,2024-01-28T13:02:39.046Z,THAMRIN,Asia/Jakarta,NEW
b82268b95e205a39581531a26dfa6976,REFUNDED,2024-03-12T23:32:40.181Z,THAMRIN,Asia/Jakarta,NEW
25bdfcd8bff53210888b593c8e295f6a,FAILED,2024-08-27T04:05:30.282Z,PONDOK INDAH,Asia/Jakarta,NEW
78c2ecba70980f9b675d8b85a02a50cf,PAID,2024-06-04T14:37:49.256Z,BINTARO,Asia/Jakarta,REJOIN
b29919b8bc67bf0f4e7a5206303789b4,PAID,2024-06-17T18:33:24.714Z,SUNSET ROAD,Asia/Makassar,NEW
00ed390eb17b0871201cfadb7294a1dd,PAID,2024-03-17T08:44:13.677Z,SENAYAN,Asia/Jakarta,UPGRADE
c6620ef2eb1cde2c6ad895e7b97e01ac,REFUNDED,2024-02-14T10:02:29.897Z,PONDOK INDAH,Asia/Jakarta,UPGRADE
ce5c903cf55bfea78f2efb5a6587c20f,PAID,2024-04-02T21:57:49.914Z,SENAYAN,Asia/Jakarta,NEW
df3b463ede464a92925a49d769902564,PAID,2024-02-07T17:11:02.699Z,CIKINI,Asia/Jakarta,REJOIN
72b40028c41499cc4246166a767454b1,PAID,2024-05-10T08:02:34.454Z,MENTENG,Asia/Jakarta,REJOIN
3803c990be8a4c4723759eceed98b3c7,CANCELLED,2024-07-06T16:11:57.101Z,SUNSET ROAD,Asia/Makassar,NEW
183c42cf9cb006ea932dd65c8c7858d5,PAID,2024-08-26T15:59:48.376Z,CIKINI,Asia/Jakarta,NEW
d588164a7a300ec2e0db3f5e7e646927,EXPIRED,2024-07-18T16:10:17.786Z,PONDOK INDAH,Asia/Jakarta,NEW
989958ce5fbe0890f310b29ae65cd574,PAID,2024-06-24T13:16:18.532Z,SUNSET ROAD,Asia/Makassar,RENEWAL
67f6d788caf8a5a5966d223f812755f0,FAILED,2024-08-19T01:44:16.011Z,UBUD,Asia/Makassar,NEW
9ed9c3297722ec59dbbd1442bf9755bb,PAID,2024-01-05T05:24:03.242Z,BSD,Asia/Jakarta,NEW
f336550ce737fee64a9ae67a7c677d83,PAID,2024-06-16T07:24:09.513Z,GADING SERPONG,Asia/Jakarta,NEW
72da492f3efcada8bd491a6d4eea6e56,FAILED,2024-08-28T10:26:57.115Z,KUNINGAN,Asia/Jakarta,NEW
9c155c58e97c7f8f889001e9b7ba5907,PAID,2024-01-18T16:47:58.371Z,SERPONG,Asia/Jakarta,NEW
7a13761a013c18fb695c94eed4d7ec59,CANCELLED,2024-02-22T17:34:49.975Z,UBUD,Asia/Makassar,REJOIN
4aed2d2af72b9c00a310d51d0132626b,PENDING,2024-07-07T00:47:56.393Z,DENPASAR,Asia/Makassar,REJOIN
dc57d057b91dcc41a521eeb685ec4a58,PAID,2024-06-01T12:22:06.613Z,TEBET,Asia/Jakarta,REJOIN
5bc4a71c132d7e87c8325415f291aaea,PAID,2024-04-14T07:27:28.64Z,KELAPA GADING,Asia/Jakarta,UPGRADE
fe784e6d76b900a36fa457557da2dbf9,PAID,2024-05-11T04:49:14.511Z,THAMRIN,Asia/Jakarta,NEW
6501ff2bec84d03b9e5581ca2ea5b3e3,PAID,2024-05-07T03:00:21.104Z,BENHIL,Asia/Jakarta,NEW
23a9d865c6f5cb59b506f23e5129e7a2,PAID,2024-03-04T21:55:01.952Z,BINTARO,Asia/Jakarta,NEW
a909910142b953213ca2d1d6aad73365,EXPIRED,2024-08-06T18:10:09.089Z,SUDIRMAN,Asia/Jakarta,NEW
cdb024da962466e7890dde8bed0d6090,PAID,2024-06-17T21:36:57.074Z,SENAYAN,Asia/Jakarta,RENEWAL
fea7a040ec54f705bbc4bffec7906962,PENDING,2024-08-21T03:25:14.798Z,SERPONG,Asia/Jakarta,NEW
0a6a51ffe6b7e5d5a70581f6817fdef1,PAID,2024-04-28T20:33:23.737Z,BENHIL,Asia/Jakarta,NEW
51fd930cb54d6e9188216b8e0bc15d27,EXPIRED,2024-02-19T12:57:57.850Z,THAMRIN,Asia/Jakarta,NEW
0b00be0901e3e01dcb366539038a97be,FAILED,2024-07-15T11:40:21.259Z,SEMINYAK,Asia/Makassar,NEW
f2e37024c01662e7ad035c768b7f7992,PAID,2024-06-27T00:09:21.727Z,SENAYAN,Asia/Jakarta,NEW
938bbe5d8ff612aeaba483ce844f60da,FAILED,2024-07-02T18:00:37.272Z,KELAPA GADING,Asia/Jakarta,NEW
68680e9542ed69830b29002a9fa80f7d,PAID,2024-05-23T03:36:46.843Z,KUNINGAN,Asia/Jakarta,NEW
bbb0ea8b5d9636cb5e781ffb632cc63c,PAID,2024-06-19T06:54:51.771Z,THAMRIN,Asia/Jakarta,NEW
f3d2dc42ed147f2b26b6c831a4cbcdd4,CANCELLED,2024-02-11T06:44:36.481Z,CIKINI,Asia/Jakarta,NEW
bb518ee8e2a8384ab107beba2c3aaf69,PAID,2024-02-15T16:43:27.138Z,CIKINI,Asia/Jakarta,NEW
7e19224c0d045e6efc47bb5b93c2490d,PAID,2024-05-20T01:48:38.717Z,MENTENG,Asia/Jakarta,NEW
d2db10c1e6d3fb25a9b76cf359bbfb82,PAID,2024-01-17T21:59:07.839Z,MENTENG,Asia/Jakarta,REJOIN
0a76a507cd6c939d5a2fb1fe02273fd7,PAID,2024-02-13T13:09:56.328Z,PONDOK INDAH,Asia/Jakarta,NEW
9362bfd947003f1fd66bad14a14fa993,PAID,2024-05-14T11:59:05.176Z,KUNINGAN,Asia/Jakarta,NEW
4d9c66153817370d82fb0de666c96b95,REFUNDED,2024-02-05T06:36:00.456Z,DENPASAR,Asia/Makassar,NEW
c259b858c718fd3acfaa15b62deba870,FAILED,2024-08-21T23:55:19.913Z,ALAM SUTERA,Asia/Jakarta,REJOIN
080dd73f941c6b8324c35f3804f7e2dc,REFUNDED,2024-03-26T09:24:18.223Z,PLUIT,Asia/Jakarta,NEW
96f09623f6c78f1b7a1b28da3890bd19,PAID,2024-07-20T08:35:35.576Z,KEMANG,Asia/Jakarta,NEW
b26fb338337dcfe1642eb1edf8d05dd1,PAID,2024-01-17T15:47:01.757Z,UBUD,Asia/Makassar,UPGRADE
6e9e71c392066d7bab24ff9b2fe90d3b,REFUNDED,2024-07-27T19:37:28.261Z,SENAYAN,Asia/Jakarta,NEW
3f8217906f09e6627b48615e3b4572ef,FAILED,2024-08-07T23:39:58.552Z,ARTERI PONDOK INDAH,Asia/Jakarta,NEW
c635e94542cb10831f1c9484530d75ec,PAID,2024-08-08T00:43:45.179Z,ARTERI PONDOK INDAH,Asia/Jakarta,NEW
bcd21656359496577631606ab54102a7,PAID,2024-05-05T22:31:32.974Z,DENPASAR,Asia/Makassar,NEW
54b099d041158b18ebfc2ab5f7b45d9f,PAID,2024-02-19T05:54:31.483Z,MAMPANG,Asia/Jakarta,NEW
ebe849a94461f21dbcaf816787e5afab,PENDING,2024-02-08T23:58:32.148Z,ALAM SUTERA,Asia/Jakarta,NEW
5b661bd095a7c1b270b29d5f5bd611b3,PAID,2024-05-01T19:35:58.855Z,GADING SERPONG,Asia/Jakarta,NEW
6dc20a5c5630e48989e933de091fab75,PAID,2024-01-12T17:02:49.211Z,MENTENG,Asia/Jakarta,RENEWAL
bce38169707e36e6215971a8ab8fbec0,PAID,2024-08-08T00:15:42.240Z,KUNINGAN,Asia/Jakarta,NEW
2f988585d694a45f94bc005acb3f585e,PAID,2024-06-07T02:43:52.538Z,KEMANG,Asia/Jakarta,RENEWAL
184037529773dcf83d9624a9c835cdbc,EXPIRED,2024-07-11T16:26:17.501Z,SUNSET ROAD,Asia/Makassar,RENEWAL
9830c1fbc6b32aed312288834e4644c3,PENDING,2024-05-18T14:36:49.650Z,MAMPANG,Asia/Jakarta,REJOIN
3202c8c9eefe9bd612649d0bcc350adf,PENDING,2024-05-05T20:06:28.418Z,SEMINYAK,Asia/Makassar,NEW
90eb42f27f6f9710b05561f9d0a56cd3,PENDING,2024-08-05T23:12:30.820Z,CIKINI,Asia/Jakarta,NEW
d8b06d7621371d264890171b32e3a61f,PENDING,2024-06-15T04:47:37.593Z,BENHIL,Asia/Jakarta,NEW
94a2da09a9497cc984f08d6478c0e87e,PAID,2024-08-07T19:04:54.76Z,SERPONG,Asia/Jakarta,NEW
6207082469f0069d96f339cf8eae12b6,CANCELLED,2024-07-06T03:27:45.227Z,SUDIRMAN,Asia/Jakarta,NEW
6259f75984acc35137eaac260613e408,PAID,2024-07-28T13:42:33.714Z,CIKINI,Asia/Jakarta,REJOIN
b72378b6b7cd7b87ed7ab117cd2994ca,PAID,2024-01-01T01:14:57.407Z,ARTERI PONDOK INDAH,Asia/Jakarta,NEW
2e54a52b9a2aa55005bf86a5d816cd40,CANCELLED,2024-01-03T17:53:48.797Z,SETIABUDI,Asia/Jakarta,REJOIN
9c4d23c919add6125a07efad14fa2b42,PAID,2024-04-11T22:16:36.070Z,SETIABUDI,Asia/Jakarta,NEW
45e00de1803e981f98bb8bc0499b6fbd,PAID,2024-04-27T18:09:34.932Z,MAMPANG,Asia/Jakarta,NEW
f9fcba412c64b3fbe89033d649ee7f8d,PENDING,2024-05-25T06:41:04.763Z,DENPASAR,Asia/Makassar,NEW
a85c35b5fc3c84e19ee60e390bf1c135,EXPIRED,2024-01-23T03:40:10.101Z,GADING SERPONG,Asia/Jakarta,NEW
99b83a563160cf979f08ecee1d072dfc,EXPIRED,2024-06-28T14:01:45.743Z,SETIABUDI,Asia/Jakarta,REJOIN
3864e2c9382d475f28f26f08b34478af,FAILED,2024-06-24T20:23:29.991Z,KEMANG,Asia/Jakarta,NEW
10dc7b793ec905760e7c7d99c5f66946,PAID,2024-07-30T22:14:30.788Z,TEBET,Asia/Jakarta,NEW
ed831f9f76ee97814811283e8aedcd27,PAID,2024-03-28T22:18:32.562Z,BENHIL,Asia/Jakarta,NEW
ce487eee7c57c7e3c87cc73aa1b0a2a0,PAID,2024-03-30T19:02:40.797Z,SETIABUDI,Asia/Jakarta,NEW
cd0bd258927d1a92a752994e650670f1,PAID,2024-07-19T11:20:04.877Z,TEBET,Asia/Jakarta,NEW
66a32ad2331b9641bdc01cf3c44bef5d,PENDING,2024-02-28T08:16:38.073Z,BENHIL,Asia/Jakarta,REJOIN
2c0ebb183e4def838417520f91e7194f,PAID,2024-05-19T03:08:02.320Z,PONDOK INDAH,Asia/Jakarta,NEW
7534d6ebe1b4554dbea98e5ab19ebf5d,PAID,2024-05-10T20:14:10.670Z,KEMANG,Asia/Jakarta,NEW
a637dffb63ca0e0aaf64a2e7fa8e0e1e,PENDING,2024-01-06T17:30:09.631Z,MAMPANG,Asia/Jakarta,NEW
e8fe359880f52f17f4f46dba9c479c0c,PAID,2024-06-29T04:51:15.215Z,ALAM SUTERA,Asia/Jakarta,NEW
ae993fd288cb98fa0a6d5a3c23b66b5b,EXPIRED,2024-03-21T12:36:00.23Z,BINTARO,Asia/Jakarta,NEW
e138e46566f645c8de5c6f6140851aaf,PENDING,2024-04-17T08:03:39.557Z,KEMANG,Asia/Jakarta,REJOIN
e35f6f9261f54e8d21202a1b1991efa1,PAID,2024-04-28T16:06:06.461Z,BENHIL,Asia/Jakarta,REJOIN
d52e897a115c2697e51d6c7e8b089990,REFUNDED,2024-07-15T19:23:09.030Z,DENPASAR,Asia/Makassar,NEW
2d77e19d475334c84ca08351b2d73129,PAID,2024-01-14T13:30:29.106Z,SERPONG,Asia/Jakarta,NEW
d8b1b36f78df330cd36328338a766575,PAID,2024-03-19T00:04:17.036Z,PONDOK INDAH,Asia/Jakarta,NEW
a70e8d04d135671f21fd329f57453d88,PAID,2024-01-28T18:21:34.19Z,ADITYAWARMAN,Asia/Jakarta,NEW
3c244792ece35025bd4a4b4c228b787d,PAID,2024-07-29T19:03:03.788Z,CIKINI,Asia/Jakarta,NEW
59afc591468d5c57eff64900aa98da74,REFUNDED,2024-04-20T17:30:58.510Z,BSD,Asia/Jakarta,NEW
555dbbc35de6d591334dd8c3ae6ee754,PENDING,2024-02-07T08:47:55.935Z,ARTERI PONDOK INDAH,Asia/Jakarta,NEW
b57edd2d7ca36290fe299af6c49521af,PAID,2024-03-09T20:18:02.015Z,MAMPANG,Asia/Jakarta,RENEWAL
dd17f51d9aa1ce42500b8f79cdc87fe2,PAID,2024-02-06T07:21:35.299Z,BSD,Asia/Jakarta,RENEWAL
8a78f882cc6bd1ec97148ba662fd3525,PAID,2024-02-10T21:05:45.491Z,KELAPA GADING,Asia/Jakarta,NEW
3456dfc611a15b8dce96af9e158beec2,PAID,2024-05-18T15:38:42.272Z,UBUD,Asia/Makassar,UPGRADE
43df7c76b05b5c9ac51d2fa42620256b,PAID,2024-05-17T14:35:23.274Z,TEBET,Asia/Jakarta,REJOIN
8ddc0ac6360c5d1031a3f7d9728f7775,PENDING,2024-08-28T11:05:15.213Z,ARTERI PONDOK INDAH,Asia/Jakarta,RENEWAL
9cc2cbadd52e479df54c024971886413,PAID,2024-01-16T19:46:05.406Z,KEMANG,Asia/Jakarta,NEW
2d98e58b358e36c176010828be1b8e4b,PENDING,2024-03-04T14:51:42.815Z,BSD,Asia/Jakarta,NEW
2387de305d8d85de245fb5c66766da9f,EXPIRED,2024-08-15T14:27:56.638Z,KEMANG,Asia/Jakarta,RENEWAL
33177ff9f8460947a584556f447cdd7a,PAID,2024-07-22T23:51:03.433Z,SUNSET ROAD,Asia/Makassar,NEW
9ea4999c71a139a19a7cfdf9f747c3ea,PAID,2024-01-25T22:58:56.856Z,SERPONG,Asia/Jakarta,NEW
8158b55de1930e3e9424a0871f85b9ae,PAID,2024-04-18T20:03:22.945Z,CIKINI,Asia/Jakarta,UPGRADE
b937f8793735b6bb3d4f4505c84bc737,FAILED,2024-05-08T10:34:51.760Z,BENHIL,Asia/Jakarta,NEW
0525ba5a0761ac10092aafa2fddd73eb,FAILED,2024-04-28T08:12:52.644Z,THAMRIN,Asia/Jakarta,REJOIN
c1c9e61fcc52267405a9cee1078b9255,CANCELLED,2024-03-15T05:39:06.284Z,SUDIRMAN,Asia/Jakarta,UPGRADE
81ef0327c304e54322cb4468add24367,PENDING,2024-03-02T12:38:01.635Z,SUNSET ROAD,Asia/Makassar,NEW
8e05d4d2cf6cd3f665e63a9020e214ee,PAID,2024-04-17T13:48:23.699Z,UBUD,Asia/Makassar,NEW
2e0edb393cc21d3420120d34998ee359,EXPIRED,2024-08-08T17:19:10.146Z,PLUIT,Asia/Jakarta,NEW
1fcf6dab11acda053612dac01d7f3a5a,PAID,2024-04-26T06:11:51.685Z,SENAYAN,Asia/Jakarta,NEW
3dec460ca6ee361369ba32b1ca28d7ea,PAID,2024-06-11T10:05:33.966Z,GREENVILLE,Asia/Jakarta,UPGRADE
0ba95bc373e880b6d1d5c485d6e23c18,PAID,2024-05-18T04:51:23.393Z,ALAM SUTERA,Asia/Jakarta,NEW
f88fcc67d57185126285c7d977de5bbe,PAID,2024-05-15T00:26:37.695Z,MAMPANG,Asia/Jakarta,NEW
5847a50e1e6341ced9e0fef3923b4a87,PAID,2024-07-02T06:04:25.912Z,SETIABUDI,Asia/Jakarta,NEW
9cec2b068bf973e19db8fb1d04e28d75,PAID,2024-05-22T00:53:36.937Z,SERPONG,Asia/Jakarta,NEW
501668f937d7c8cd42c184e377350b6e,PAID,2024-01-20T11:05:50.560Z,KUNINGAN,Asia/Jakarta,NEW
38f6ed218d6b510195c93121bae66b53,PAID,2024-01-03T03:51:10.22Z,UBUD,Asia/Makassar,NEW
7d3042effe1e0d3e52f61f0f085990e2,PAID,2024-03-16T00:58:08.605Z,SEMINYAK,Asia/Makassar,REJOIN
9f0e4c4334ce0c5711478e5826408c79,PAID,2024-06-01T22:54:40.248Z,SUDIRMAN,Asia/Jakarta,RENEWAL
cd10a262b1864d868bae90c3358b60cb,EXPIRED,2024-05-29T22:27:12.352Z,TEBET,Asia/Jakarta,NEW
2ba5e9f25bf3f4434fd66ce6fbee8fd0,PAID,2024-01-14T00:27:20.927Z,KUNINGAN,Asia/Jakarta,UPGRADE
a433db3dba2d3f26e5c6e4a32262891b,PAID,2024-06-29T18:10:47.711Z,ADITYAWARMAN,Asia/Jakarta,UPGRADE
4170bed4824316bdd1876f66a49652ec,PAID,2024-01-30T13:21:00.904Z,THAMRIN,Asia/Jakarta,NEW
617a92547611feac250dee334d7318ff,FAILED,2024-06-28T22:20:43.224Z,TEBET,Asia/Jakarta,NEW
9daaf64e46260ae6f43eb00b1a1eef97,PAID,2024-06-27T16:29:21.042Z,PLUIT,Asia/Jakarta,NEW
1af782cacba19fab35f6502b047ca837,PAID,2024-01-18T23:00:53.131Z,GADING SERPONG,Asia/Jakarta,NEW
74f854d62696f1ef9ca6ca4acee6f530,PENDING,2024-08-28T19:32:23.673Z,ADITYAWARMAN,Asia/Jakarta,NEW
d785b625ba334dda90f0c31d52ce4366,EXPIRED,2024-02-01T15:51:53.07Z,THAMRIN,Asia/Jakarta,REJOIN
60415aa05aa8591effb7826adf499c52,PAID,2024-02-19T07:38:57.528Z,THAMRIN,Asia/Jakarta,NEW
7d9b1b25263da4346d396d8d68ee4f38,PAID,2024-02-05T23:44:09.934Z,DENPASAR,Asia/Makassar,RENEWAL
5e184d953cf48ad7b1f62c6e68368781,PAID,2024-06-28T00:16:39.708Z,ALAM SUTERA,Asia/Jakarta,RENEWAL
8528faaf4af92b76500c380814262a4a,PAID,2024-03-18T04:37:47.294Z,SENAYAN,Asia/Jakarta,UPGRADE
b9d445ded076c2556993f74747797d63,PAID,2024-07-05T06:07:32.206Z,SENAYAN,Asia/Jakarta,NEW
7257eefc07d7a2908569cf1358674352,PAID,2024-01-22T22:27:48.567Z,KEMANG,Asia/Jakarta,NEW
59cfd2dad6ceae29795c931a471ebba7,REFUNDED,2024-05-24T14:38:38.017Z,MENTENG,Asia/Jakarta,RENEWAL
f9098cc27b639512dea79f7e0b636599,PAID,2024-02-18T14:35:16.166Z,KUNINGAN,Asia/Jakarta,RENEWAL
f4d31d6a51ebd3a2f554d7b9ef42c43a,PAID,2024-02-14T00:41:02.283Z,UBUD,Asia/Makassar,UPGRADE
778db2c6bb6fbda36f0065e36fc2e460,PENDING,2024-02-21T21:09:45.708Z,GREENVILLE,Asia/Jakarta,REJOIN
a959d0f3439b6de2cf7358bf5c93c147,PAID,2024-06-14T11:34:34.104Z,ADITYAWARMAN,Asia/Jakarta,NEW
ca487b8ac8b7e2994a2b5451d3844a77,PENDING,2024-04-11T09:31:21.564Z,BINTARO,Asia/Jakarta,RENEWAL
4d297bf415e1d95c7a2d2c936b8184fe,PAID,2024-05-08T15:23:40.365Z,DENPASAR,Asia/Makassar,NEW
35be83a44355c2f8e788249b42bd3ffc,PAID,2024-05-16T08:28:43.792Z,ADITYAWARMAN,Asia/Jakarta,NEW