id,reward_value,created_at,reward_type
1,7 days,2024-03-16T02:38:10Z,1
2,7 days,2023-09-13T19:39:52Z,1
3,10 days,2023-10-21T18:51:40Z,1
4,20 days,2023-10-27T06:06:00Z,1
5,15% discount,2024-06-22T20:58:35Z,2
6,15 days,2024-05-22T16:48:21Z,1
7,15% discount,2024-01-18T02:32:38Z,2
8,5 days,2023-12-05T22:46:39Z,1
9,10 days,2023-10-17T05:55:50Z,1
10,14 days,2023-12-02T14:32:45Z,1
11,30 days,2024-02-21T02:15:27Z,1
12,10 days,2024-08-01T16:58:28Z,1
13,7 days,2023-11-03T11:02:39Z,1
14,15 days,2024-07-05T06:41:07Z,1
15,60 days,2024-07-07T22:01:55Z,1
16,15 days,2023-11-26T20:32:31Z,1
17,10 days,2024-03-12T11:31:10Z,1
18,7 days,2024-04-20T01:12:19Z,1
19,5 days,2023-10-28T05:25:27Z,1
20,5 days,2024-08-20T13:19:20Z,1
21,15 days,2024-01-05T12:08:07Z,1
22,Rp 100.000,2023-09-05T18:08:06Z,3
23,10 days,2024-01-21T03:13:09Z,1
24,5 days,2023-12-31T21:44:21Z,1
25,5 days,2024-02-02T14:32:04Z,1
26,14 days,2024-07-02T01:14:39Z,1
27,10 days,2024-06-14T21:22:45Z,1
28,5 days,2024-07-29T13:32:50Z,1
29,10 days,2024-07-01T13:11:27Z,1
30,Rp 25.000,2024-02-15T23:29:57Z,3
31,14 days,2023-09-29T04:55:13Z,1
32,60 days,2024-03-08T20:18:38Z,1
33,30 days,2024-04-20T03:15:48Z,1
34,10 days,2024-04-20T01:46:32Z,1
35,5 days,2023-09-27T19:08:45Z,1
36,15 days,2023-09-15T10:28:33Z,1
37,30 days,2023-12-02T03:41:36Z,1
38,90 days,2023-09-02T02:23:45Z,1
39,7 days,2024-01-30T14:52:38Z,1
40,20 days,2024-02-05T21:50:26Z,1
41,10 days,2023-10-26T05:31:01Z,1
42,5 days,2024-04-23T11:13:08Z,1
43,10 days,2024-01-17T21:00:18Z,1
44,7 days,2023-10-01T11:09:45Z,1
45,30 days,2023-12-31T02:50:09Z,1
46,20 days,2024-07-25T12:46:50Z,1
47,30 days,2024-04-03T14:33:57Z,1
48,5 days,2024-04-17T22:31:07Z,1
49,10 days,2024-08-15T04:53:50Z,1
50,10 days,2024-01-25T23:39:18Z,1
51,10 days,2023-11-19T18:56:20Z,1
52,5 days,2024-01-21T00:50:30Z,1
53,10 days,2024-08-23T12:41:46Z,1
54,15 days,2024-04-08T04:53:11Z,1
55,7 days,2024-04-09T09:08:05Z,1
56,14 days,2024-06-13T16:21:58Z,1
57,20 days,2024-01-02T22:58:36Z,1
58,30 days,2023-09-08T14:12:52Z,1
59,5 days,2024-06-26T12:08:31Z,1
60,15 days,2024-02-12T05:46:16Z,1
61,15 days,2024-07-17T20:23:18Z,1
62,15% discount,2023-11-19T01:41:03Z,2
63,15 days,2024-06-03T17:47:25Z,1
64,30 days,2024-03-27T03:07:33Z,1
65,10 days,2024-06-10T10:39:30Z,1
66,7 days,2024-08-29T10:35:07Z,1
67,15 days,2024-08-01T08:05:19Z,1
68,10 days,2023-12-07T12:26:18Z,1
69,10 days,2023-11-08T23:18:50Z,1
70,7 days,2024-03-09T15:22:11Z,1
71,20 days,2023-11-28T11:06:02Z,1
72,10 days,2023-10-30T17:54:27Z,1
73,7 days,2024-05-27T22:55:26Z,1
74,15 days,2023-12-17T09:41:49Z,1
75,20 days,2024-05-24T10:26:37Z,1
76,15 days,2023-12-29T10:23:55Z,1
77,15 days,2024-01-08T15:11:19Z,1
78,10 days,2024-01-28T04:51:35Z,1
79,5 days,2024-03-07T04:12:16Z,1
80,15 days,2024-01-18T15:51:25Z,1
81,10% discount,2023-10-28T19:46:08Z,2
82,14 days,2023-09-14T19:22:04Z,1
83,5 days,2024-05-17T05:19:44Z,1
84,10 days,2024-03-09T16:15:54Z,1
85,90 days,2023-12-04T18:52:50Z,1
86,5 days,2024-04-01T03:29:25Z,1
87,5 days,2024-02-25T13:25:23Z,1
88,10% discount,2023-09-02T23:29:20Z,2
89,30 days,2024-02-05T03:18:21Z,1
90,10 days,2023-12-27T20:31:08Z,1
91,45 days,2024-06-19T04:09:04Z,1
92,15 days,2024-03-07T23:38:21Z,1
93,15 days,2024-01-27T06:16:57Z,1
94,20 days,2024-02-01T07:43:58Z,1
95,10 days,2024-01-12T03:26:19Z,1
96,7 days,2024-05-19T01:57:35Z,1
97,10 days,2024-05-25T13:04:21Z,1
98,Rp 100.000,2024-05-03T03:17:52Z,3
99,14 days,2024-07-06T09:39:08Z,1
100,7 days,2023-11-08T04:28:54Z,1
101,10 days,2024-08-12T20:13:47Z,1
102,10 days,2024-04-22T20:06:16Z,1
103,5 days,2023-10-19T11:01:11Z,1
104,15 days,2024-01-12T06:29:27Z,1
105,5% discount,2023-10-29T23:18:01Z,2
106,30 days,2024-04-23T13:10:35Z,1
107,15 days,2024-04-20T01:59:23Z,1
108,30 days,2023-12-05T09:41:55Z,1
109,7 days,2024-05-19T16:13:06Z,1
110,14 days,2024-02-26T06:26:11Z,1
111,10 days,2023-09-10T15:37:21Z,1
112,5 days,2024-03-18T21:06:25Z,1
113,7 days,2024-04-01T21:22:45Z,1
114,20 days,2023-11-23T00:41:18Z,1
115,15 days,2023-12-09T21:14:51Z,1
116,7 days,2024-08-20T09:19:46Z,1
117,45 days,2024-02-07T13:31:03Z,1
118,30 days,2023-09-06T13:51:33Z,1
119,7 days,2024-06-29T16:33:45Z,1
120,25% discount,2024-03-12T05:31:25Z,2
121,15 days,2024-03-18T14:27:20Z,1
122,30 days,2024-02-13T05:26:39Z,1
123,20 days,2024-05-20T11:28:12Z,1
124,15 days,2023-09-05T18:53:56Z,1
125,15 days,2023-09-24T21:22:18Z,1
126,20 days,2023-11-21T21:26:27Z,1
127,7 days,2023-11-16T06:54:36Z,1
128,5 days,2024-06-13T12:11:52Z,1
129,30 days,2024-07-21T17:58:58Z,1
130,10 days,2024-06-12T20:39:58Z,1
131,5 days,2023-12-14T05:13:37Z,1
132,5 days,2024-03-03T01:04:33Z,1
133,45 days,2024-08-28T11:52:01Z,1
134,10 days,2023-09-12T05:53:05Z,1
135,7 days,2024-07-19T18:58:10Z,1
136,30 days,2024-05-14T02:47:42Z,1
137,5 days,2024-08-03T03:11:46Z,1
138,10 days,2023-09-09T14:14:28Z,1
139,30 days,2023-11-01T08:23:54Z,1
140,5 days,2024-02-13T06:40:03Z,1
141,15 days,2024-04-03T20:25:37Z,1
142,7 days,2024-06-12T10:56:07Z,1
143,15 days,2024-03-05T10:08:41Z,1
144,5 days,2024-04-02T20:24:43Z,1
145,14 days,2023-11-19T20:45:36Z,1
146,14 days,2024-01-28T19:42:31Z,1
147,30 days,2024-08-22T05:33:42Z,1
148,7 days,2023-12-12T21:06:00Z,1
149,15 days,2023-12-14T20:46:14Z,1
150,Rp 10.000,2023-11-16T23:02:04Z,3
151,7 days,2023-12-14T19:15:58Z,1
152,7 days,2024-01-04T05:53:00Z,1
153,7 days,2024-08-28T04:48:58Z,1
154,7 days,2024-01-12T20:29:05Z,1
155,15 days,2023-11-25T19:01:40Z,1
156,10 days,2024-08-22T23:40:00Z,1
157,30 days,2024-06-17T11:49:51Z,1
158,30 days,2024-07-15T00:39:42Z,1
159,10 days,2024-07-25T17:18:30Z,1
160,20 days,2023-09-18T09:13:24Z,1
161,10 days,2024-07-12T03:40:48Z,1
162,10 days,2024-02-22T10:47:01Z,1
163,14 days,2024-01-13T14:11:25Z,1
164,5 days,2024-05-10T00:18:09Z,1
165,7 days,2024-02-26T03:42:42Z,1
166,20 days,2024-07-09T18:41:27Z,1
167,30 days,2024-01-23T03:50:35Z,1
168,14 days,2024-01-27T16:15:57Z,1
169,10 days,2023-11-01T03:44:24Z,1
170,20 days,2024-08-06T05:09:16Z,1
171,30 days,2023-11-08T18:00:32Z,1
172,14 days,2024-01-21T07:57:26Z,1
173,30 days,2024-06-26T18:45:56Z,1
174,30 days,2024-05-27T13:11:36Z,1
175,15 days,2023-12-13T13:40:02Z,1
176,5 days,2023-12-18T09:49:39Z,1
177,Rp 50.000,2024-01-10T12:18:03Z,3
178,15 days,2024-05-29T13:08:50Z,1
179,20 days,2024-05-14T11:59:43Z,1
180,45 days,2023-10-15T12:54:14Z,1
181,30 days,2024-01-23T02:56:53Z,1
182,30 days,2024-07-10T10:10:34Z,1
183,20 days,2024-07-09T03:57:26Z,1
184,7 days,2024-08-23T01:40:58Z,1
185,30 days,2024-05-30T09:18:49Z,1
186,5 days,2023-12-11T10:33:06Z,1
187,10 days,2023-11-21T08:45:06Z,1
188,5 days,2024-07-29T18:12:29Z,1
189,20 days,2024-05-14T13:13:14Z,1
190,10 days,2024-01-30T06:57:09Z,1
191,10 days,2024-08-15T11:36:53Z,1
192,15 days,2024-04-15T02:13:41Z,1
193,30 days,2024-05-17T17:33:48Z,1
194,14 days,2024-05-07T04:07:18Z,1
195,7 days,2024-08-20T21:28:01Z,1
196,45 days,2024-01-01T04:06:23Z,1
197,5 days,2023-10-12T12:21:18Z,1
198,10 days,2023-11-23T15:36:49Z,1
199,14 days,2024-08-24T20:57:29Z,1
200,15 days,2024-06-11T09:23:16Z,1
201,10 days,2023-12-28T02:34:02Z,1
202,10 days,2024-06-24T13:34:34Z,1
203,15 days,2023-10-24T04:50:15Z,1
204,15 days,2023-12-22T05:14:49Z,1
205,5 days,2023-12-27T14:54:13Z,1
206,14 days,2023-12-28T19:40:42Z,1
207,45 days,2023-10-01T23:41:45Z,1
208,20% discount,2024-08-22T06:55:06Z,2
209,10 days,2023-09-10T23:51:44Z,1
210,20 days,2023-09-27T00:14:41Z,1
211,14 days,2024-02-12T20:16:31Z,1
212,15 days,2023-12-17T04:20:12Z,1
213,20% discount,2024-07-29T01:35:11Z,2
214,25% discount,2024-06-29T03:34:38Z,2
215,15 days,2024-05-03T06:49:07Z,1
216,60 days,2023-09-29T06:46:14Z,1
217,60 days,2024-08-02T19:43:52Z,1
218,60 days,2024-04-13T23:18:11Z,1
219,5 days,2024-06-19T20:43:08Z,1
220,30 days,2023-11-01T21:31:14Z,1
221,15 days,2024-02-13T11:22:36Z,1
222,10 days,2023-09-08T10:18:00Z,1
223,45 days,2024-02-14T07:01:49Z,1
224,Rp 10.000,2024-06-27T07:33:43Z,3
225,7 days,2024-01-05T14:07:35Z,1
226,20% discount,2024-01-15T18:25:53Z,2
227,15 days,2023-09-09T09:46:07Z,1
228,5% discount,2024-07-25T02:57:24Z,2
229,30 days,2024-01-10T05:45:07Z,1
230,10% discount,2023-10-26T03:13:42Z,2
231,15 days,2024-01-22T12:08:46Z,1
232,20 days,2023-10-15T07:49:02Z,1
233,20 days,2023-12-05T06:25:11Z,1
234,60 days,2024-02-20T13:45:27Z,1
235,30 days,2024-06-17T04:05:08Z,1
236,20 days,2024-07-12T09:47:15Z,1
237,20 days,2024-04-03T07:25:02Z,1
238,15 days,2023-11-26T21:28:01Z,1
239,5 days,2024-07-06T16:41:36Z,1
240,30 days,2024-02-05T04:29:41Z,1
241,5 days,2024-08-21T08:25:06Z,1
242,10 days,2024-07-21T13:44:30Z,1
243,14 days,2024-02-13T15:07:21Z,1
244,10 days,2024-07-13T05:14:54Z,1
245,10 days,2024-07-26T01:30:45Z,1
246,30 days,2024-08-25T11:53:49Z,1
247,14 days,2024-02-27T03:30:05Z,1
248,Rp 100.000,2024-02-29T22:51:07Z,3
249,50% discount,2023-12-02T14:37:26Z,2
250,Rp 100.000,2024-06-10T09:49:54Z,3
251,45 days,2024-05-17T07:21:40Z,1
252,30 days,2024-05-09T03:44:22Z,1
253,5 days,2023-09-10T19:58:17Z,1
254,10 days,2023-09-29T08:42:07Z,1
255,7 days,2024-03-23T15:35:58Z,1
256,Rp 100.000,2024-04-26T01:38:29Z,3
257,7 days,2023-11-23T03:26:20Z,1
258,60 days,2024-01-04T17:04:48Z,1
259,15 days,2024-08-02T19:24:05Z,1
260,30 days,2023-11-19T06:15:40Z,1
261,30 days,2023-11-13T17:05:37Z,1
262,30 days,2024-06-12T06:21:06Z,1
263,45 days,2023-10-03T21:47:49Z,1
264,20 days,2024-03-26T05:39:39Z,1
265,30 days,2024-01-14T17:38:19Z,1
266,60 days,2024-08-28T16:42:32Z,1
267,7 days,2024-04-15T07:12:06Z,1
268,15 days,2024-01-02T00:16:11Z,1
269,60 days,2023-12-26T04:19:00Z,1
270,20 days,2024-02-17T09:35:49Z,1
271,20 days,2024-01-31T09:32:56Z,1
272,15 days,2023-09-19T10:34:26Z,1
273,30 days,2024-08-21T16:35:06Z,1
274,5 days,2023-09-22T16:00:29Z,1
275,7 days,2023-09-10T08:32:45Z,1
276,5 days,2024-02-23T13:06:39Z,1
277,15 days,2023-11-28T16:20:05Z,1
278,10 days,2024-08-21T18:06:58Z,1
279,14 days,2024-05-11T21:20:32Z,1
280,5 days,2023-12-29T08:09:02Z,1
281,60 days,2024-06-04T02:19:52Z,1
282,25% discount,2023-12-07T06:14:18Z,2
283,20 days,2024-04-08T12:53:47Z,1
284,45 days,2024-06-13T06:10:48Z,1
285,7 days,2024-07-25T10:16:36Z,1
286,20 days,2024-05-30T19:40:59Z,1
287,20 days,2023-09-13T22:06:31Z,1
288,7 days,2023-09-02T05:38:44Z,1
289,5% discount,2023-11-09T01:51:58Z,2
290,7 days,2024-05-07T20:06:38Z,1
291,14 days,2023-09-16T17:31:49Z,1
292,14 days,2024-04-05T10:22:07Z,1
293,7 days,2023-12-10T19:18:24Z,1
294,15 days,2024-02-18T06:32:11Z,1
295,50% discount,2024-01-29T18:02:03Z,2
296,14 days,2023-11-02T22:02:47Z,1
297,20 days,2023-10-29T07:49:43Z,1
298,15 days,2024-06-12T06:42:46Z,1
299,10 days,2024-06-17T13:22:50Z,1
300,7 days,2023-10-14T09:38:35Z,1
301,20 days,2024-04-21T21:58:45Z,1
302,15 days,2023-12-13T04:33:55Z,1
303,15 days,2023-12-08T10:26:17Z,1
304,45 days,2023-11-18T01:49:56Z,1
305,10 days,2024-07-28T03:20:43Z,1
306,10 days,2024-02-20T10:50:33Z,1
307,7 days,2023-10-22T15:51:47Z,1
308,14 days,2024-06-03T04:20:41Z,1
309,15 days,2024-04-01T00:54:50Z,1
310,7 days,2023-09-08T19:33:19Z,1
311,15 days,2023-11-26T01:02:56Z,1
312,10 days,2024-08-03T10:56:11Z,1
313,15 days,2023-11-23T20:23:36Z,1
314,7 days,2024-07-03T12:51:03Z,1
315,45 days,2023-11-01T22:44:18Z,1
316,10 days,2024-05-17T03:18:48Z,1
317,10 days,2024-05-22T23:00:40Z,1
318,14 days,2024-02-14T08:00:53Z,1
319,60 days,2024-01-02T05:24:01Z,1
320,20 days,2023-10-05T09:42:15Z,1
321,5 days,2023-10-01T03:16:10Z,1
322,15 days,2024-06-06T12:00:39Z,1
323,Rp 20.000,2023-10-30T01:43:22Z,3
324,7 days,2023-12-23T11:22:16Z,1
325,10 days,2024-07-05T16:39:56Z,1
326,20 days,2024-02-01T22:04:00Z,1
327,Rp 50.000,2024-07-22T05:08:10Z,3
328,15 days,2023-11-17T14:53:41Z,1
329,5 days,2023-10-12T19:27:01Z,1
330,10 days,2024-02-15T17:03:35Z,1
331,30 days,2024-02-21T01:11:38Z,1
332,20 days,2023-09-04T06:13:24Z,1
333,25% discount,2024-05-28T01:32:38Z,2
334,30 days,2024-07-25T23:59:45Z,1
335,20 days,2023-10-09T17:52:22Z,1
336,30 days,2024-06-20T00:45:12Z,1
337,20 days,2024-03-26T12:19:58Z,1
338,45 days,2024-06-12T10:00:11Z,1
339,5 days,2024-01-10T07:09:22Z,1
340,10 days,2024-02-10T15:45:19Z,1
341,7 days,2024-01-06T11:08:26Z,1
342,30 days,2024-07-09T23:40:32Z,1
343,15 days,2024-07-08T20:53:01Z,1
344,20 days,2024-02-29T19:01:58Z,1
345,60 days,2024-05-22T01:04:21Z,1
346,15 days,2023-10-07T21:27:31Z,1
347,10 days,2024-06-15T01:16:06Z,1
348,5 days,2024-05-15T09:07:25Z,1
349,7 days,2024-08-16T23:14:09Z,1
350,10 days,2024-04-13T07:15:15Z,1
351,10 days,2024-07-06T22:40:57Z,1
352,15 days,2024-04-02T17:03:43Z,1
353,5 days,2024-07-18T02:43:46Z,1
354,14 days,2023-10-15T02:33:44Z,1
355,5 days,2024-04-24T01:41:05Z,1
356,15 days,2024-06-06T03:06:15Z,1
357,10 days,2024-05-04T20:07:12Z,1
358,90 days,2024-07-30T17:25:32Z,1
359,15 days,2023-11-17T09:06:54Z,1
360,15% discount,2023-12-16T15:55:36Z,2
361,14 days,2023-12-14T17:59:20Z,1
362,10 days,2023-11-05T02:17:08Z,1
363,Rp 10.000,2023-10-26T20:43:59Z,3
364,10 days,2024-01-12T22:53:01Z,1
365,7 days,2024-08-25T07:17:07Z,1
366,7 days,2024-01-11T05:48:58Z,1
367,10% discount,2023-09-17T09:50:47Z,2
368,14 days,2024-01-14T04:44:41Z,1
369,5 days,2023-11-22T08:50:09Z,1
370,7 days,2024-05-12T10:52:00Z,1
371,30 days,2024-02-03T05:18:30Z,1
372,5 days,2024-08-26T15:25:14Z,1
373,20% discount,2023-12-12T14:39:57Z,2
374,14 days,2024-01-26T02:29:32Z,1
375,20 days,2024-06-30T07:38:56Z,1
376,15 days,2024-05-15T23:13:10Z,1
377,15 days,2024-02-11T22:30:54Z,1
378,20 days,2023-09-15T01:43:18Z,1
379,30 days,2024-03-21T02:40:12Z,1
380,14 days,2023-09-19T20:40:24Z,1
381,15 days,2024-03-30T01:17:13Z,1
382,20 days,2024-02-22T22:57:29Z,1
383,30 days,2024-02-27T09:03:15Z,1
384,5 days,2023-10-19T17:40:30Z,1
385,20 days,2024-03-07T20:19:51Z,1
386,60 days,2024-04-01T11:53:25Z,1
387,45 days,2024-07-20T07:56:49Z,1
388,10 days,2023-10-14T15:30:28Z,1
389,15 days,2023-11-10T04:02:06Z,1
390,90 days,2023-11-23T02:49:30Z,1
391,14 days,2024-04-30T11:54:29Z,1
392,15 days,2023-11-29T05:39:58Z,1
393,30 days,2023-12-29T20:46:13Z,1
394,14 days,2023-09-22T22:07:03Z,1
395,60 days,2023-11-19T08:49:54Z,1
396,60 days,2024-01-25T09:11:41Z,1
397,10 days,2024-04-15T13:17:41Z,1
398,10 days,2024-06-19T14:30:55Z,1
399,15 days,2024-03-10T22:33:48Z,1
400,15 days,2024-04-05T17:53:12Z,1
401,15 days,2023-10-27T05:59:29Z,1
402,60 days,2024-08-14T05:19:37Z,1
403,20 days,2024-07-01T21:20:52Z,1
404,7 days,2024-05-18T10:33:18Z,1
405,45 days,2024-05-15T15:08:01Z,1
406,7 days,2024-05-14T02:53:34Z,1
407,30 days,2023-12-14T08:12:30Z,1
408,30 days,2024-03-23T10:27:00Z,1
409,10 days,2024-07-12T07:15:25Z,1
410,Rp 100.000,2023-09-29T05:34:58Z,3
411,20 days,2023-09-24T17:08:58Z,1
412,14 days,2024-05-21T18:49:55Z,1
413,10 days,2024-03-08T07:44:04Z,1
414,20 days,2024-03-12T08:55:05Z,1
415,10 days,2024-04-22T07:10:27Z,1
416,20 days,2024-02-08T13:17:44Z,1
417,Rp 100.000,2023-12-02T22:14:21Z,3
418,30 days,2023-11-18T07:14:35Z,1
419,7 days,2023-12-03T06:49:36Z,1
420,60 days,2024-06-30T11:12:28Z,1
421,30 days,2024-06-17T01:51:59Z,1
422,30 days,2024-03-18T02:08:31Z,1
423,10 days,2024-04-20T18:45:08Z,1
424,5 days,2024-02-02T22:54:59Z,1
425,14 days,2024-04-07T08:18:27Z,1
426,20 days,2024-06-20T13:54:19Z,1
427,5 days,2024-06-23T05:18:58Z,1
428,90 days,2024-02-02T08:55:23Z,1
429,10 days,2024-08-30T05:24:52Z,1
430,10 days,2024-08-13T00:34:32Z,1
431,30 days,2023-12-20T04:31:38Z,1
432,30 days,2024-01-26T13:26:29Z,1
433,5 days,2024-03-03T11:59:42Z,1
434,90 days,2023-09-05T12:29:14Z,1
435,7 days,2024-08-14T16:40:17Z,1
436,14 days,2024-08-02T08:04:05Z,1
437,15 days,2024-02-29T12:15:55Z,1
438,60 days,2024-02-08T16:23:32Z,1
439,45 days,2023-09-13T08:00:04Z,1
440,7 days,2024-04-16T14:30:57Z,1
441,20 days,2023-09-01T17:45:53Z,1
442,45 days,2023-09-18T04:56:01Z,1
443,10 days,2023-10-04T08:19:21Z,1
444,20% discount,2024-05-08T00:37:13Z,2
445,10 days,2023-10-29T00:57:10Z,1
446,7 days,2023-10-03T06:26:07Z,1
447,10 days,2023-10-03T10:09:54Z,1
448,14 days,2024-04-06T23:13:55Z,1
449,30 days,2024-07-22T18:12:40Z,1
450,Rp 100.000,2024-02-11T23:00:13Z,3
451,20% discount,2024-07-04T04:30:00Z,2
452,14 days,2024-05-16T10:11:03Z,1
453,30 days,2024-06-08T19:33:41Z,1
454,20 days,2024-05-29T19:25:18Z,1
455,14 days,2024-03-23T18:19:46Z,1
456,45 days,2024-08-23T23:12:13Z,1
457,5 days,2024-03-02T08:41:48Z,1
458,25% discount,2024-06-22T15:40:49Z,2
459,20 days,2023-12-11T07:28:43Z,1
460,7 days,2023-09-15T02:31:49Z,1
461,30 days,2023-12-14T15:48:09Z,1
462,15 days,2023-12-18T23:38:14Z,1
463,10 days,2023-12-17T23:25:50Z,1
464,90 days,2023-10-12T18:57:44Z,1
465,14 days,2024-08-05T14:43:39Z,1
466,14 days,2024-07-18T06:47:38Z,1
467,10 days,2023-10-01T22:30:48Z,1
468,10 days,2024-07-28T09:54:57Z,1
469,10 days,2023-10-13T19:24:18Z,1
470,20 days,2024-03-19T23:36:28Z,1
471,14 days,2023-10-24T20:58:50Z,1
472,30 days,2023-12-17T01:41:00Z,1
473,10 days,2023-12-29T22:01:58Z,1
474,15 days,2024-07-23T20:33:43Z,1
475,20 days,2024-07-06T08:23:24Z,1
476,14 days,2023-10-24T07:33:33Z,1
477,30 days,2024-04-25T05:08:40Z,1
478,7 days,2023-12-12T12:57:54Z,1
479,20 days,2024-02-13T17:04:59Z,1
480,Rp 100.000,2023-09-25T12:22:14Z,3
481,15 days,2024-03-05T21:17:41Z,1
482,30 days,2023-09-01T00:45:42Z,1
483,5% discount,2024-06-08T20:26:05Z,2
484,20 days,2023-10-20T18:14:29Z,1
485,10 days,2023-10-24T05:00:12Z,1
486,30 days,2024-02-19T04:07:34Z,1
487,20 days,2024-05-15T13:30:00Z,1
488,10% discount,2023-12-13T01:23:48Z,2
489,15 days,2024-06-15T16:56:27Z,1
490,15 days,2024-05-18T02:29:39Z,1
491,7 days,2024-03-20T13:50:54Z,1
492,5% discount,2024-04-26T14:15:55Z,2
493,14 days,2023-11-30T06:47:39Z,1
494,5% discount,2024-04-25T21:42:30Z,2
495,15 days,2024-07-13T21:46:27Z,1
496,20% discount,2024-04-22T06:31:36Z,2
497,10 days,2023-11-07T11:54:29Z,1
498,25% discount,2023-10-04T17:41:52Z,2
499,7 days,2024-07-31T05:15:42Z,1
500,15 days,2023-12-11T06:11:46Z,1
501,Rp 50.000,2023-11-12T11:51:45Z,3
502,30 days,2024-07-21T17:52:43Z,1
503,20 days,2024-01-15T01:36:36Z,1
504,5% discount,2024-05-31T14:57:01Z,2
505,50% discount,2024-04-14T15:32:39Z,2
506,20 days,2024-08-13T00:15:24Z,1
507,5 days,2023-10-06T22:28:43Z,1
508,15 days,2024-08-20T10:05:31Z,1
509,20 days,2024-07-27T09:19:20Z,1
510,Rp 25.000,2023-09-02T22:04:35Z,3
511,7 days,2023-12-28T15:11:22Z,1
512,15 days,2024-01-29T09:39:15Z,1
513,30 days,2023-10-02T09:44:08Z,1
514,10 days,2023-09-22T21:01:31Z,1
515,14 days,2023-11-28T08:41:36Z,1
516,10 days,2024-04-23T16:48:07Z,1
517,Rp 10.000,2023-11-19T20:59:25Z,3
518,45 days,2024-03-07T02:56:35Z,1
519,45 days,2024-05-30T05:13:10Z,1
520,10 days,2024-07-15T21:44:46Z,1
521,20 days,2024-05-22T18:03:40Z,1
522,10 days,2024-07-09T02:41:15Z,1
523,10 days,2024-07-24T00:27:35Z,1
524,7 days,2024-06-22T11:32:48Z,1
525,5 days,2023-12-15T06:57:16Z,1
526,10 days,2023-09-24T02:01:35Z,1
527,20% discount,2024-03-25T23:56:36Z,2
528,10 days,2024-02-25T22:12:15Z,1
529,7 days,2024-05-05T16:05:54Z,1
530,15% discount,2024-06-30T13:23:31Z,2
531,15 days,2024-02-13T04:46:14Z,1
532,14 days,2024-01-24T20:28:27Z,1
533,10 days,2023-11-08T02:38:33Z,1
534,7 days,2023-12-20T13:15:17Z,1
535,7 days,2024-04-20T03:29:20Z,1
536,20% discount,2024-03-13T20:16:57Z,2
537,Rp 10.000,2024-07-02T07:03:42Z,3
538,15 days,2024-06-04T15:05:56Z,1
539,5 days,2024-03-04T12:56:02Z,1
540,7 days,2023-10-29T20:43:32Z,1
541,30 days,2024-08-25T22:28:20Z,1
542,15 days,2024-03-08T23:50:31Z,1
543,5 days,2024-07-15T01:18:42Z,1
544,15 days,2024-08-26T01:25:17Z,1
545,10 days,2024-02-12T20:39:45Z,1
546,30 days,2024-04-25T16:46:26Z,1
547,30 days,2024-07-18T18:12:08Z,1
548,30 days,2024-07-24T18:20:52Z,1
549,7 days,2024-03-30T01:32:06Z,1
550,15 days,2024-08-02T11:17:23Z,1
551,30 days,2023-10-05T16:45:10Z,1
552,60 days,2023-09-29T15:45:52Z,1
553,5 days,2024-01-14T15:34:32Z,1
554,7 days,2024-05-15T04:09:38Z,1
555,30 days,2024-05-14T00:31:02Z,1
556,20 days,2023-11-23T19:17:13Z,1
557,5 days,2024-03-24T22:03:55Z,1
558,10 days,2024-01-11T15:18:23Z,1
559,20 days,2023-10-02T16:05:56Z,1
560,5 days,2023-09-20T05:07:32Z,1
561,45 days,2024-08-18T18:10:37Z,1
562,10 days,2024-05-30T13:28:21Z,1
563,7 days,2024-06-11T07:46:06Z,1
564,Rp 50.000,2023-12-10T10:46:46Z,3
565,10 days,2023-09-01T20:05:29Z,1
566,5 days,2024-03-09T08:09:37Z,1
567,10 days,2024-05-13T23:15:49Z,1
568,15% discount,2024-04-05T18:49:44Z,2
569,10 days,2023-12-12T09:17:28Z,1
570,10 days,2023-11-22T18:32:10Z,1
571,Rp 10.000,2024-05-15T23:33:37Z,3
572,25% discount,2024-02-07T07:38:54Z,2
573,30 days,2023-10-23T12:45:39Z,1
574,10 days,2023-12-14T04:19:52Z,1
575,45 days,2023-12-19T05:29:57Z,1
576,15 days,2024-02-25T09:19:17Z,1
577,7 days,2023-11-04T11:29:47Z,1
578,15 days,2024-06-16T13:08:33Z,1
579,20 days,2024-06-10T05:43:11Z,1
580,30 days,2023-12-07T00:37:18Z,1
581,14 days,2023-11-09T16:42:24Z,1
582,5 days,2023-12-13T10:20:36Z,1
583,14 days,2024-04-19T18:04:24Z,1
584,30 days,2023-10-15T11:21:10Z,1
585,7 days,2024-01-29T00:00:56Z,1
586,60 days,2023-11-11T07:06:06Z,1
587,10 days,2023-10-02T12:10:34Z,1
588,7 days,2024-07-14T13:55:22Z,1
589,30 days,2024-07-10T03:29:38Z,1
590,14 days,2024-04-09T00:01:42Z,1
591,15 days,2024-07-14T20:00:24Z,1
592,20 days,2024-07-05T07:16:32Z,1
593,10 days,2023-09-02T06:10:22Z,1
594,14 days,2023-11-01T07:27:57Z,1
595,7 days,2023-09-17T10:44:08Z,1
596,10 days,2024-08-19T22:40:34Z,1
597,20 days,2024-07-29T21:08:53Z,1
598,45 days,2023-10-09T23:14:24Z,1
599,14 days,2024-05-09T13:56:21Z,1
600,10 days,2024-05-07T07:19:35Z,1
601,30 days,2024-06-26T16:34:28Z,1
602,7 days,2023-10-10T07:48:22Z,1
603,10 days,2023-09-28T22:53:55Z,1
604,15 days,2024-07-03T11:08:32Z,1
605,Rp 20.000,2023-10-25T07:34:10Z,3
606,Rp 100.000,2024-02-17T16:58:24Z,3
607,7 days,2024-02-24T01:16:02Z,1
608,20 days,2024-03-01T22:34:36Z,1
609,5 days,2023-12-30T09:28:37Z,1
610,5 days,2024-01-14T03:23:43Z,1
611,20 days,2024-06-07T20:02:34Z,1
612,15 days,2023-10-09T05:33:31Z,1
613,14 days,2024-05-09T12:37:18Z,1
614,7 days,2024-02-08T16:13:04Z,1
615,10 days,2024-04-08T00:26:01Z,1
616,5 days,2024-03-14T10:34:33Z,1
617,5 days,2024-04-06T01:11:08Z,1
618,7 days,2023-12-18T00:54:11Z,1
619,15 days,2024-06-12T09:51:40Z,1
620,10 days,2023-12-21T06:56:55Z,1
621,60 days,2024-04-27T23:18:35Z,1
622,10 days,2023-11-23T07:03:06Z,1
623,10 days,2023-11-09T05:33:31Z,1
624,Rp 10.000,2023-09-04T08:06:16Z,3
625,10 days,2023-10-02T03:47:19Z,1
626,30 days,2024-06-24T20:36:15Z,1
627,20 days,2023-10-03T19:05:21Z,1
628,60 days,2024-06-04T21:22:16Z,1
629,14 days,2024-04-05T10:02:11Z,1
630,30 days,2024-08-12T18:40:53Z,1
631,15 days,2024-06-20T23:29:52Z,1
632,45 days,2024-04-22T23:19:49Z,1
633,10 days,2024-01-16T07:46:28Z,1
634,15 days,2024-01-10T23:21:11Z,1
635,30 days,2024-08-03T06:40:00Z,1
636,Rp 25.000,2023-09-26T08:46:44Z,3
637,60 days,2024-05-02T19:25:41Z,1
638,30 days,2023-12-19T01:49:18Z,1
639,10 days,2023-09-02T23:34:20Z,1
640,30 days,2024-01-10T02:35:33Z,1
641,30 days,2024-06-03T06:31:40Z,1
642,30 days,2023-11-12T07:26:58Z,1
643,45 days,2024-05-07T02:50:00Z,1
644,30 days,2023-09-28T07:44:54Z,1
645,20 days,2024-04-21T17:45:22Z,1
646,20 days,2024-02-12T10:23:21Z,1
647,60 days,2024-01-23T02:48:54Z,1
648,30 days,2024-02-25T05:00:53Z,1
649,7 days,2024-03-02T20:10:41Z,1
650,15 days,2024-07-01T20:59:07Z,1
651,7 days,2023-11-04T11:58:55Z,1
652,10 days,2023-10-26T15:49:57Z,1
653,7 days,2024-04-22T20:42:42Z,1
654,10 days,2024-03-17T21:59:33Z,1
655,20 days,2024-01-12T03:19:10Z,1
656,45 days,2024-08-16T15:19:17Z,1
657,15 days,2023-12-12T09:47:34Z,1
658,5 days,2024-05-04T04:35:31Z,1
659,5 days,2024-04-06T06:37:05Z,1
660,20 days,2024-03-25T05:29:00Z,1
661,Rp 20.000,2023-12-26T14:13:41Z,3
662,5 days,2024-02-28T04:00:50Z,1
663,15 days,2023-12-03T20:16:55Z,1
664,14 days,2024-05-15T21:27:59Z,1
665,15 days,2024-06-15T21:11:52Z,1
666,10 days,2023-10-12T07:41:29Z,1
667,20% discount,2024-02-17T21:27:20Z,2
668,15 days,2024-04-28T14:04:58Z,1
669,30 days,2023-12-04T17:53:13Z,1
670,15 days,2024-03-21T09:30:38Z,1
671,30 days,2024-08-30T01:16:21Z,1
672,10 days,2024-06-15T01:34:00Z,1
673,14 days,2024-04-25T20:58:48Z,1
674,15 days,2024-03-28T08:33:02Z,1
675,5 days,2024-04-26T19:06:19Z,1
676,15 days,2024-04-11T09:21:28Z,1
677,5% discount,2024-05-13T21:29:57Z,2
678,7 days,2024-01-16T06:20:48Z,1
679,20% discount,2024-03-14T06:03:18Z,2
680,20% discount,2024-07-10T16:24:30Z,2
681,30 days,2024-04-15T06:25:08Z,1
682,20 days,2023-09-27T03:48:22Z,1
683,20 days,2023-11-16T18:41:47Z,1
684,5 days,2024-06-01T03:34:44Z,1
685,14 days,2024-08-04T23:53:46Z,1
686,20% discount,2024-04-13T03:51:22Z,2
687,90 days,2024-08-23T23:45:12Z,1
688,25% discount,2024-04-25T07:38:44Z,2
689,10 days,2023-09-08T14:07:19Z,1
690,15 days,2023-12-31T09:50:48Z,1
691,25% discount,2023-12-21T18:42:37Z,2
692,30 days,2023-10-12T16:33:16Z,1
693,10 days,2023-11-28T10:06:40Z,1
694,15 days,2024-04-27T13:28:07Z,1
695,20 days,2023-10-28T01:55:00Z,1
696,5 days,2024-05-21T23:26:50Z,1
697,20 days,2023-12-20T21:36:16Z,1
698,15 days,2024-04-09T22:53:35Z,1
699,14 days,2024-07-24T23:58:34Z,1
700,14 days,2024-06-26T13:45:38Z,1
701,10 days,2024-04-22T18:41:32Z,1
702,7 days,2023-11-30T21:06:10Z,1
703,20 days,2024-06-26T05:05:09Z,1
704,10 days,2024-07-01T06:11:23Z,1
705,5% discount,2024-07-03T12:05:04Z,2
706,15 days,2023-09-18T22:26:31Z,1
707,20 days,2023-10-27T02:51:59Z,1
708,10 days,2023-09-15T08:36:46Z,1
709,20 days,2023-10-21T06:13:10Z,1
710,20 days,2024-04-23T04:31:11Z,1
711,10 days,2023-12-16T09:29:54Z,1
712,20 days,2024-08-16T14:19:54Z,1
713,7 days,2023-10-25T04:51:57Z,1
714,14 days,2024-03-31T11:09:44Z,1
715,5 days,2023-11-30T08:42:36Z,1
716,10 days,2024-03-29T12:22:17Z,1
717,Rp 25.000,2024-07-08T07:45:19Z,3
718,60 days,2024-08-05T04:27:44Z,1
719,10% discount,2024-02-14T18:50:50Z,2
720,20 days,2024-05-26T16:06:10Z,1
721,15 days,2023-11-09T06:28:58Z,1
722,60 days,2023-11-16T18:58:22Z,1
723,15 days,2023-09-14T19:33:01Z,1
724,7 days,2023-10-04T20:30:30Z,1
725,5 days,2023-11-12T10:46:04Z,1
726,5 days,2023-12-06T00:14:07Z,1
727,30 days,2023-10-02T03:06:55Z,1
728,30 days,2023-11-25T23:50:44Z,1
729,30 days,2024-05-07T19:46:32Z,1
730,15 days,2024-05-22T10:02:06Z,1
731,20 days,2024-08-05T20:38:56Z,1
732,20 days,2024-07-19T12:45:24Z,1
733,15 days,2023-09-18T23:00:09Z,1
734,7 days,2023-09-19T00:22:43Z,1
735,45 days,2024-07-24T04:32:39Z,1
736,90 days,2024-08-03T08:53:47Z,1
737,15 days,2023-10-04T10:11:06Z,1
738,30 days,2024-05-08T10:05:22Z,1
739,10 days,2024-08-14T04:33:32Z,1
740,45 days,2023-10-06T06:13:24Z,1
741,10 days,2023-10-15T05:50:53Z,1
742,15 days,2024-08-16T01:14:47Z,1
743,10 days,2024-03-31T10:42:55Z,1
744,60 days,2024-07-28T09:41:18Z,1
745,15 days,2024-05-16T21:34:07Z,1
746,5 days,2024-02-19T03:28:58Z,1
747,5 days,2024-06-25T20:41:57Z,1
748,14 days,2023-09-03T22:51:18Z,1
749,60 days,2024-06-02T16:28:36Z,1
750,10 days,2023-09-23T03:56:42Z,1
751,20 days,2023-10-31T07:24:16Z,1
752,10 days,2024-03-07T15:17:05Z,1
753,7 days,2023-11-27T11:50:04Z,1
754,20 days,2024-05-11T16:00:56Z,1
755,20 days,2024-07-21T12:26:41Z,1
756,7 days,2024-05-18T15:52:01Z,1
757,20 days,2024-05-03T19:49:28Z,1
758,20 days,2023-12-03T00:45:01Z,1
759,10 days,2024-02-22T03:51:57Z,1
760,60 days,2024-08-19T11:10:20Z,1
761,15% discount,2024-08-28T03:28:03Z,2
762,5 days,2024-03-24T18:54:58Z,1
763,30 days,2023-09-24T00:41:20Z,1
764,20 days,2024-06-15T03:50:49Z,1
765,30 days,2024-07-25T15:23:33Z,1
766,14 days,2023-11-22T15:05:02Z,1
767,15 days,2024-04-02T03:01:09Z,1
768,30 days,2023-12-31T01:57:45Z,1
769,30 days,2024-05-23T18:42:09Z,1
770,20 days,2023-10-14T12:30:40Z,1
771,10 days,2024-08-07T12:59:54Z,1
772,7 days,2024-03-18T20:59:43Z,1
773,20 days,2023-09-08T00:42:21Z,1
774,10 days,2023-11-25T05:57:21Z,1
775,7 days,2023-09-26T03:27:23Z,1
776,30 days,2024-07-04T19:52:42Z,1
777,20 days,2024-08-17T07:21:14Z,1
778,5 days,2023-12-20T18:27:34Z,1
779,45 days,2024-08-02T17:44:13Z,1
780,15 days,2024-08-19T23:17:05Z,1
781,20 days,2023-10-29T08:59:26Z,1
782,14 days,2024-08-20T22:51:49Z,1
783,5 days,2024-03-08T06:42:11Z,1
784,15 days,2023-12-07T10:09:45Z,1
785,90 days,2024-02-11T20:24:42Z,1
786,10 days,2023-11-02T11:01:48Z,1
787,15 days,2024-01-05T21:55:41Z,1
788,5 days,2023-11-08T18:09:20Z,1
789,7 days,2024-05-15T01:26:13Z,1
790,5 days,2023-12-10T04:30:58Z,1
791,10 days,2024-03-21T20:21:41Z,1
792,10 days,2024-05-05T22:12:55Z,1
793,14 days,2024-01-28T15:05:32Z,1
794,20 days,2024-05-20T03:14:33Z,1
795,90 days,2023-11-30T14:19:13Z,1
796,5 days,2023-12-12T06:25:30Z,1
797,10 days,2023-11-29T14:05:52Z,1
798,10 days,2023-11-15T23:48:40Z,1
799,5 days,2023-09-12T07:01:55Z,1
800,20 days,2024-07-06T08:49:08Z,1
801,Rp 50.000,2024-01-12T12:45:10Z,3
802,5 days,2023-09-01T19:36:06Z,1
803,14 days,2024-06-15T16:09:02Z,1
804,15 days,2024-03-16T15:13:07Z,1
805,14 days,2024-03-18T12:46:19Z,1
806,10 days,2023-12-02T10:45:41Z,1
807,7 days,2024-06-28T19:12:00Z,1
808,10 days,2023-12-24T05:39:47Z,1
809,10 days,2024-04-01T02:20:46Z,1
810,15 days,2024-02-03T02:09:45Z,1
811,30 days,2024-05-13T05:50:03Z,1
812,10 days,2024-01-06T04:30:38Z,1
813,50% discount,2023-12-31T17:53:54Z,2
814,Rp 50.000,2024-07-04T00:45:13Z,3
815,14 days,2024-02-23T09:21:41Z,1
816,14 days,2023-09-08T07:28:07Z,1
817,7 days,2024-03-15T17:42:46Z,1
818,45 days,2024-06-02T14:34:46Z,1
819,20 days,2023-09-02T05:45:03Z,1
820,10% discount,2024-07-07T06:00:31Z,2
821,20 days,2024-03-26T14:35:36Z,1
822,30 days,2024-03-14T11:19:59Z,1
823,10 days,2023-11-11T04:24:04Z,1
824,7 days,2023-10-03T14:53:37Z,1
825,30 days,2023-09-23T15:50:22Z,1
826,5 days,2024-04-20T12:58:10Z,1
827,10 days,2023-12-28T07:17:35Z,1
828,15 days,2024-05-04T16:52:52Z,1
829,7 days,2024-04-16T15:39:03Z,1
830,15 days,2023-10-14T09:30:30Z,1
831,45 days,2023-09-18T02:21:33Z,1
832,60 days,2024-01-06T17:25:29Z,1
833,20 days,2024-06-09T15:43:50Z,1
834,14 days,2023-09-20T02:48:21Z,1
835,14 days,2024-03-10T00:41:58Z,1
836,7 days,2024-07-02T15:47:03Z,1
837,20 days,2023-10-04T11:52:03Z,1
838,15 days,2023-11-09T23:13:24Z,1
839,10 days,2024-06-16T22:37:35Z,1
840,10 days,2024-08-07T13:08:21Z,1
841,Rp 50.000,2024-07-07T12:38:17Z,3
842,10% discount,2023-11-25T22:22:17Z,2
843,7 days,2024-08-13T08:06:40Z,1
844,15 days,2024-01-09T01:24:48Z,1
845,20 days,2024-07-16T10:55:02Z,1
846,Rp 50.000,2023-11-14T04:16:43Z,3
847,10% discount,2024-04-22T03:48:30Z,2
848,30 days,2023-12-08T20:41:48Z,1
849,20 days,2023-10-20T04:17:45Z,1
850,5 days,2024-01-04T19:16:21Z,1
851,7 days,2023-12-10T03:51:11Z,1
852,20 days,2023-11-26T04:24:57Z,1
853,60 days,2023-10-27T20:00:20Z,1
854,10 days,2023-11-28T18:00:43Z,1
855,15 days,2023-11-03T16:23:03Z,1
856,7 days,2024-06-03T04:12:51Z,1
857,15 days,2024-01-16T21:49:42Z,1
858,15 days,2024-07-19T00:36:15Z,1
859,10 days,2024-03-26T13:17:56Z,1
860,10 days,2024-08-26T20:50:02Z,1
861,30 days,2024-05-18T16:07:45Z,1
862,30 days,2023-10-30T13:51:36Z,1
863,15 days,2023-09-14T11:15:16Z,1
864,7 days,2023-09-05T22:07:56Z,1
865,7 days,2024-08-04T23:51:37Z,1
866,Rp 10.000,2023-11-02T20:44:58Z,3
867,15 days,2023-12-10T19:55:55Z,1
868,10 days,2024-05-01T01:56:58Z,1
869,7 days,2024-03-02T06:04:08Z,1
870,60 days,2023-09-06T02:27:37Z,1
871,30 days,2024-01-14T20:34:05Z,1
872,Rp 50.000,2023-11-26T16:15:36Z,3
873,5% discount,2024-01-23T20:30:39Z,2
874,5% discount,2024-04-13T14:49:46Z,2
875,5 days,2023-11-22T15:37:33Z,1
876,7 days,2023-10-17T01:03:55Z,1
877,5 days,2024-07-27T23:23:22Z,1
878,15 days,2024-06-20T11:24:47Z,1
879,30 days,2023-12-19T15:14:51Z,1
880,45 days,2024-06-30T20:50:11Z,1
881,15 days,2024-01-29T10:57:55Z,1
882,7 days,2024-08-01T04:17:48Z,1
883,30 days,2023-10-21T12:17:30Z,1
884,15 days,2024-03-24T14:37:56Z,1
885,20 days,2023-12-14T07:08:54Z,1
886,5 days,2024-08-11T09:25:41Z,1
887,7 days,2024-06-11T06:12:44Z,1
888,60 days,2024-05-17T20:23:03Z,1
889,10 days,2024-04-30T18:47:07Z,1
890,10 days,2023-12-24T12:38:04Z,1
891,20 days,2023-09-24T22:14:28Z,1
892,5 days,2023-10-31T05:21:02Z,1
893,60 days,2024-08-08T04:45:38Z,1
894,14 days,2023-10-31T18:22:00Z,1
895,5 days,2024-05-10T09:06:07Z,1
896,7 days,2024-05-02T06:53:49Z,1
897,7 days,2023-09-22T12:02:55Z,1
898,14 days,2024-02-21T21:26:11Z,1
899,5 days,2023-11-27T11:48:16Z,1
900,14 days,2023-09-17T06:29:58Z,1
901,5 days,2024-05-09T20:04:06Z,1
902,5 days,2023-10-11T21:41:06Z,1
903,10 days,2024-03-05T15:24:39Z,1
904,5 days,2024-03-09T02:19:20Z,1
905,60 days,2024-05-24T06:40:33Z,1
906,Rp 25.000,2023-12-04T16:15:51Z,3
907,15 days,2023-09-20T13:08:14Z,1
908,5 days,2024-04-28T13:55:15Z,1
909,30 days,2024-01-10T14:25:17Z,1
910,5 days,2023-11-30T11:51:38Z,1
911,60 days,2024-04-06T23:43:38Z,1
912,14 days,2024-06-03T22:06:18Z,1
913,10 days,2023-11-02T01:16:17Z,1
914,10 days,2024-05-12T00:23:37Z,1
915,60 days,2023-10-06T00:48:31Z,1
916,15 days,2024-01-07T17:30:42Z,1
917,30 days,2024-03-03T12:39:32Z,1
918,30 days,2023-09-11T11:17:55Z,1
919,10 days,2023-09-20T14:19:05Z,1
920,7 days,2023-11-14T15:15:09Z,1
921,Rp 50.000,2024-05-19T20:43:41Z,3
922,30 days,2024-08-28T11:31:51Z,1
923,30 days,2024-08-04T00:02:13Z,1
924,15 days,2023-10-16T15:15:05Z,1
925,20 days,2024-04-09T00:00:14Z,1
926,10 days,2024-08-17T19:41:25Z,1
927,15 days,2024-05-16T01:11:47Z,1
928,10 days,2024-01-16T18:27:51Z,1
929,7 days,2024-03-13T09:13:59Z,1
930,60 days,2024-06-20T13:29:20Z,1
931,60 days,2024-08-16T19:34:06Z,1
932,20 days,2024-04-09T18:18:22Z,1
933,10% discount,2024-07-14T08:28:29Z,2
934,10 days,2024-01-22T17:34:33Z,1
935,5 days,2024-07-03T19:20:34Z,1
936,20 days,2024-05-30T15:32:47Z,1
937,20 days,2024-02-20T05:28:05Z,1
938,90 days,2024-02-14T11:15:32Z,1
939,15 days,2024-07-18T13:18:13Z,1
940,5 days,2023-11-24T19:37:06Z,1
941,5 days,2024-06-02T17:47:30Z,1
942,5 days,2024-08-07T04:41:51Z,1
943,30 days,2024-01-13T18:40:43Z,1
944,45 days,2023-11-07T07:44:57Z,1
945,30 days,2024-02-23T17:24:24Z,1
946,14 days,2024-08-14T10:03:53Z,1
947,10 days,2024-07-09T22:34:13Z,1
948,15 days,2024-03-15T20:08:12Z,1
949,7 days,2023-09-20T21:40:19Z,1
950,15 days,2024-01-26T22:23:42Z,1
951,60 days,2024-04-23T00:44:58Z,1
952,20 days,2024-06-01T00:44:53Z,1
953,20 days,2024-03-26T23:21:19Z,1
954,20 days,2024-02-25T02:09:17Z,1
955,20% discount,2024-02-12T07:06:04Z,2
956,10 days,2024-03-21T00:19:23Z,1
957,20 days,2024-01-20T14:14:57Z,1
958,30 days,2024-02-10T05:33:31Z,1
959,30 days,2023-10-30T14:59:58Z,1
960,10 days,2024-03-28T20:07:33Z,1
961,45 days,2023-12-05T11:41:35Z,1
962,90 days,2024-08-06T09:21:32Z,1
963,15% discount,2024-03-25T05:22:55Z,2
964,5% discount,2024-05-18T05:52:09Z,2
965,7 days,2024-02-25T19:00:51Z,1
966,10 days,2023-12-10T11:14:55Z,1
967,15 days,2024-01-25T17:14:24Z,1
968,10 days,2024-07-09T10:30:58Z,1
969,20 days,2023-10-01T12:04:49Z,1
970,10 days,2024-06-18T13:47:52Z,1
971,10 days,2024-01-14T14:43:39Z,1
972,20% discount,2023-11-27T15:00:21Z,2
973,5 days,2023-10-16T23:36:57Z,1
974,7 days,2024-05-19T21:55:40Z,1
975,15 days,2023-10-09T16:59:35Z,1
976,25% discount,2024-03-07T22:42:20Z,2
977,15 days,2023-11-18T17:05:17Z,1
978,60 days,2024-03-24T02:13:25Z,1
979,7 days,2024-04-24T14:40:20Z,1
980,30 days,2024-04-21T09:33:57Z,1
981,7 days,2023-11-19T01:40:59Z,1
982,15 days,2024-05-18T06:31:29Z,1
983,14 days,2024-07-09T20:12:38Z,1
984,60 days,2023-12-27T05:16:22Z,1
985,30 days,2023-11-13T16:34:38Z,1
986,15 days,2024-05-13T12:49:13Z,1
987,30 days,2024-04-07T21:43:28Z,1
988,5 days,2023-10-20T06:19:53Z,1
989,30 days,2023-11-14T00:43:14Z,1
990,10 days,2024-04-30T04:11:06Z,1
991,30 days,2024-03-31T20:45:52Z,1
992,20 days,2024-08-02T13:04:04Z,1
993,14 days,2024-05-22T19:46:39Z,1
994,20 days,2024-02-20T13:30:12Z,1
995,10 days,2024-04-06T11:54:42Z,1
996,45 days,2024-07-06T12:00:53Z,1
997,45 days,2024-02-04T00:17:03Z,1
998,10 days,2024-06-11T08:00:12Z,1
999,14 days,2023-10-25T15:27:25Z,1
1000,5 days,2024-01-29T02:10:29Z,1
1001,15 days,2024-08-17T15:22:38Z,1
1002,15 days,2023-10-26T11:35:02Z,1
1003,45 days,2023-11-17T19:16:49Z,1
1004,10 days,2024-03-23T10:58:42Z,1
1005,5 days,2024-04-04T20:00:17Z,1
1006,20 days,2024-03-18T13:33:35Z,1
1007,7 days,2023-09-15T02:01:11Z,1
1008,7 days,2023-11-22T09:50:23Z,1
1009,30 days,2024-07-05T15:28:13Z,1
1010,7 days,2023-09-16T09:26:44Z,1
1011,20 days,2024-05-01T16:04:29Z,1
1012,Rp 100.000,2024-02-03T06:33:49Z,3
1013,14 days,2023-11-21T21:13:55Z,1
1014,14 days,2024-03-17T16:38:38Z,1
1015,20 days,2024-03-11T21:57:39Z,1
1016,90 days,2024-06-26T07:27:29Z,1
1017,20 days,2023-11-18T21:33:32Z,1
1018,7 days,2024-02-19T02:27:55Z,1
1019,5 days,2023-10-01T13:40:27Z,1
1020,15 days,2024-05-29T06:54:11Z,1
1021,20 days,2024-08-29T11:17:38Z,1
1022,10 days,2024-08-24T23:44:48Z,1
1023,15 days,2024-06-26T22:42:44Z,1
1024,7 days,2024-03-18T15:28:50Z,1
1025,20 days,2023-09-17T11:27:18Z,1
1026,10 days,2024-06-11T02:48:51Z,1
1027,15 days,2024-01-16T19:46:17Z,1
1028,20 days,2024-07-12T11:54:11Z,1
1029,Rp 10.000,2023-12-23T07:11:08Z,3
1030,30 days,2024-05-31T09:49:56Z,1
1031,20 days,2023-11-10T19:26:29Z,1
1032,7 days,2023-09-10T11:27:24Z,1
1033,15 days,2024-03-27T00:03:55Z,1
1034,30 days,2024-03-13T02:47:36Z,1
1035,30 days,2024-07-19T13:15:51Z,1
1036,15 days,2024-04-20T11:08:18Z,1
1037,30 days,2023-12-05T23:36:04Z,1
1038,10 days,2023-11-18T07:54:33Z,1
1039,10 days,2024-06-18T20:23:03Z,1
1040,10 days,2024-08-20T17:43:01Z,1
1041,50% discount,2024-05-16T11:07:40Z,2
1042,30 days,2023-11-29T21:11:28Z,1
1043,10 days,2024-05-06T12:58:33Z,1
1044,20 days,2023-12-06T14:09:19Z,1
1045,7 days,2024-06-20T10:43:34Z,1
1046,15 days,2024-07-20T18:15:40Z,1
1047,15 days,2023-11-03T21:26:55Z,1
1048,15 days,2024-07-07T22:38:20Z,1
1049,30 days,2024-07-16T17:28:52Z,1
1050,10 days,2024-07-24T05:01:08Z,1
1051,90 days,2023-10-03T17:55:31Z,1
1052,7 days,2024-03-23T20:55:44Z,1
1053,30 days,2023-09-12T16:18:27Z,1
1054,14 days,2024-07-07T08:57:37Z,1
1055,5 days,2024-04-03T15:52:05Z,1
1056,7 days,2023-10-10T04:07:59Z,1
1057,50% discount,2023-09-22T14:47:40Z,2
1058,20 days,2024-01-29T22:21:35Z,1
1059,60 days,2023-09-10T03:02:31Z,1
1060,45 days,2024-03-25T00:06:25Z,1
1061,Rp 100.000,2024-03-05T10:52:53Z,3
1062,15 days,2024-06-19T12:08:40Z,1
1063,15 days,2023-11-13T01:56:08Z,1
1064,5 days,2023-11-04T13:07:26Z,1
1065,20 days,2023-10-26T08:01:34Z,1
1066,14 days,2023-09-19T21:12:09Z,1
1067,20 days,2023-12-24T13:51:03Z,1
1068,10 days,2024-08-10T06:24:41Z,1
1069,20 days,2023-09-11T12:28:39Z,1
1070,7 days,2024-05-16T07:15:24Z,1
1071,7 days,2024-03-25T01:32:41Z,1
1072,5 days,2024-03-26T08:12:31Z,1
1073,10 days,2024-03-13T05:56:37Z,1
1074,Rp 20.000,2024-05-31T09:17:35Z,3
1075,14 days,2024-01-25T08:46:27Z,1
1076,45 days,2023-11-09T21:35:25Z,1
1077,50% discount,2023-12-02T06:48:03Z,2
1078,15 days,2024-07-02T08:16:56Z,1
1079,10 days,2024-01-30T22:27:45Z,1
1080,14 days,2024-04-17T00:10:29Z,1
1081,30 days,2024-06-20T20:51:41Z,1
1082,7 days,2024-06-03T07:32:42Z,1
1083,5 days,2024-01-02T21:47:15Z,1
1084,15 days,2024-03-30T08:45:46Z,1
1085,45 days,2024-01-28T13:11:15Z,1
1086,7 days,2024-05-01T08:21:55Z,1
1087,14 days,2024-01-25T19:35:17Z,1
1088,20 days,2024-06-21T16:02:10Z,1
1089,7 days,2024-02-14T12:57:13Z,1
1090,20 days,2024-03-11T01:08:48Z,1
1091,30 days,2023-12-01T09:19:41Z,1
1092,14 days,2024-06-26T04:51:21Z,1
1093,10 days,2024-01-25T23:28:45Z,1
1094,5 days,2024-02-26T20:14:45Z,1
1095,20% discount,2023-10-06T17:33:28Z,2
1096,10% discount,2024-02-17T15:29:38Z,2
1097,10 days,2024-06-01T17:57:28Z,1
1098,10 days,2023-11-04T06:33:18Z,1
1099,30 days,2023-10-30T22:03:19Z,1
1100,10 days,2023-11-07T22:40:16Z,1
1101,15 days,2024-04-12T23:14:07Z,1
1102,30 days,2024-07-12T02:11:39Z,1
1103,45 days,2023-11-27T18:02:33Z,1
1104,7 days,2023-09-10T18:41:44Z,1
1105,7 days,2024-04-21T17:42:05Z,1
1106,15 days,2023-11-29T15:14:25Z,1
1107,14 days,2023-09-29T08:43:27Z,1
1108,10 days,2024-02-18T23:57:17Z,1
1109,5 days,2024-01-09T21:24:20Z,1
1110,7 days,2024-07-09T09:19:19Z,1
1111,15 days,2024-05-12T02:50:24Z,1
1112,14 days,2023-12-02T09:38:49Z,1
1113,7 days,2023-10-09T14:03:27Z,1
1114,Rp 25.000,2023-10-30T11:25:10Z,3
1115,Rp 10.000,2024-08-01T14:09:48Z,3
1116,45 days,2023-09-02T03:30:01Z,1
1117,7 days,2024-02-21T17:23:56Z,1
1118,60 days,2024-02-22T18:32:48Z,1
1119,30 days,2023-09-30T10:03:27Z,1
1120,10 days,2024-01-24T19:11:00Z,1
1121,30 days,2024-07-14T16:32:49Z,1
1122,5 days,2024-01-09T18:35:23Z,1
1123,30 days,2023-11-17T23:10:28Z,1
1124,15 days,2023-10-16T08:27:51Z,1
1125,30 days,2024-03-03T11:48:42Z,1
1126,7 days,2023-09-11T11:38:50Z,1
1127,7 days,2024-05-21T14:30:32Z,1
1128,10 days,2023-12-14T09:07:26Z,1
1129,10 days,2023-09-06T22:49:58Z,1
1130,20 days,2024-07-20T17:06:51Z,1
1131,7 days,2023-09-07T23:36:29Z,1
1132,15 days,2024-08-29T00:25:12Z,1
1133,15% discount,2024-04-06T20:28:19Z,2
1134,5% discount,2024-08-25T10:01:38Z,2
1135,15 days,2023-10-09T15:00:01Z,1
1136,Rp 50.000,2023-10-05T01:13:46Z,3
1137,10 days,2024-06-23T18:43:51Z,1
1138,Rp 10.000,2024-06-27T06:39:02Z,3
1139,Rp 20.000,2023-12-08T00:52:03Z,3
1140,7 days,2024-07-10T01:36:33Z,1
1141,7 days,2024-01-21T18:20:03Z,1
1142,20 days,2024-01-30T18:41:01Z,1
1143,7 days,2024-05-30T03:31:40Z,1
1144,Rp 50.000,2023-11-21T14:44:04Z,3
1145,Rp 20.000,2024-03-07T17:55:36Z,3
1146,20 days,2024-03-08T17:20:36Z,1
1147,15 days,2023-10-22T17:46:12Z,1
1148,14 days,2023-11-20T10:42:31Z,1
1149,10 days,2023-12-21T07:52:47Z,1
1150,7 days,2023-10-05T17:59:26Z,1
1151,30 days,2023-09-30T04:50:20Z,1
1152,30 days,2023-12-26T04:45:52Z,1
1153,15 days,2023-11-13T01:33:25Z,1
1154,10 days,2024-01-09T05:12:43Z,1
1155,10 days,2024-06-18T19:10:07Z,1
1156,10 days,2024-07-03T02:01:15Z,1
1157,30 days,2024-06-24T16:43:26Z,1
1158,10% discount,2024-04-03T08:21:31Z,2
1159,90 days,2024-02-25T22:06:37Z,1
1160,10 days,2023-11-11T12:04:22Z,1
1161,10 days,2024-07-18T03:11:28Z,1
1162,5 days,2023-10-05T14:11:07Z,1
1163,20 days,2023-09-17T16:31:45Z,1
1164,20 days,2024-01-27T11:54:30Z,1
1165,20 days,2024-05-04T14:37:42Z,1
1166,15 days,2024-01-27T04:04:10Z,1
1167,7 days,2024-02-08T06:28:56Z,1
1168,7 days,2023-10-07T16:35:08Z,1
1169,15 days,2024-07-19T13:40:19Z,1
1170,30 days,2024-03-18T14:13:38Z,1
1171,7 days,2024-07-06T03:15:59Z,1
1172,30 days,2024-08-22T12:45:50Z,1
1173,14 days,2024-01-12T04:59:30Z,1
1174,15 days,2023-09-29T08:31:14Z,1
1175,5 days,2024-07-09T15:48:07Z,1
1176,20 days,2024-03-19T03:27:00Z,1
1177,10 days,2023-10-26T05:29:26Z,1
1178,7 days,2024-05-10T16:08:44Z,1
1179,5 days,2024-04-27T01:05:22Z,1
1180,5 days,2023-09-18T02:11:50Z,1
1181,90 days,2023-10-24T09:26:44Z,1
1182,45 days,2023-11-22T06:42:14Z,1
1183,15 days,2024-07-22T02:49:12Z,1
1184,15 days,2024-05-15T00:16:42Z,1
1185,20% discount,2024-07-07T22:42:19Z,2
1186,5 days,2023-11-24T00:40:35Z,1
1187,7 days,2023-11-13T12:53:18Z,1
1188,45 days,2023-09-20T14:54:12Z,1
1189,15 days,2024-03-08T11:18:47Z,1
1190,15 days,2024-01-07T08:15:42Z,1
1191,30 days,2024-02-02T13:02:27Z,1
1192,15 days,2023-12-14T13:22:43Z,1
1193,5 days,2023-10-27T11:36:26Z,1
1194,7 days,2023-09-23T20:54:08Z,1
1195,20 days,2024-02-22T00:12:41Z,1
1196,10 days,2024-02-20T02:19:36Z,1
1197,7 days,2023-10-29T17:16:30Z,1
1198,15% discount,2023-10-08T15:32:45Z,2
1199,10 days,2023-12-10T19:45:02Z,1
1200,5 days,2024-02-18T16:16:55Z,1
1201,30 days,2023-10-27T12:44:41Z,1
1202,20 days,2023-12-24T12:30:52Z,1
1203,15 days,2023-10-24T12:15:22Z,1
1204,30 days,2024-07-10T06:11:00Z,1
1205,14 days,2023-10-15T11:24:43Z,1
1206,10 days,2024-08-15T23:08:57Z,1
1207,10 days,2024-05-25T13:00:06Z,1
1208,30 days,2024-06-07T19:55:32Z,1
1209,Rp 25.000,2023-09-30T01:53:58Z,3
1210,10 days,2024-01-13T05:01:44Z,1
1211,10 days,2024-04-16T21:40:35Z,1
1212,20 days,2024-05-28T16:01:14Z,1
1213,7 days,2024-07-18T08:29:43Z,1
1214,5 days,2024-03-14T08:55:23Z,1
1215,5 days,2024-06-21T18:53:47Z,1
1216,14 days,2024-05-07T11:39:02Z,1
1217,10 days,2023-10-19T13:37:44Z,1
1218,10 days,2023-12-09T19:47:24Z,1
1219,15 days,2024-07-20T01:36:57Z,1
1220,30 days,2024-04-03T18:32:35Z,1
1221,20 days,2024-07-16T08:49:31Z,1
1222,15 days,2024-04-01T00:03:17Z,1
1223,7 days,2024-07-30T13:46:55Z,1
1224,45 days,2024-01-03T16:52:51Z,1
1225,7 days,2024-08-10T02:12:51Z,1
1226,5 days,2024-01-09T21:41:24Z,1
1227,10 days,2023-10-11T14:38:49Z,1
1228,20 days,2024-08-22T02:50:03Z,1
1229,7 days,2024-02-26T23:06:35Z,1
1230,20 days,2024-06-03T17:29:08Z,1
1231,30 days,2023-12-19T17:52:22Z,1
1232,15 days,2024-02-29T12:05:08Z,1
1233,10 days,2024-07-16T08:19:36Z,1
1234,Rp 100.000,2023-09-06T12:56:19Z,3
1235,15 days,2023-10-20T03:19:36Z,1
1236,5 days,2024-05-19T11:24:36Z,1
1237,15 days,2023-09-13T15:12:38Z,1
1238,14 days,2023-11-25T07:36:32Z,1
1239,20 days,2024-02-05T14:08:55Z,1
1240,15% discount,2023-09-15T21:13:39Z,2
1241,15 days,2024-08-20T23:28:59Z,1
1242,7 days,2024-07-14T11:44:25Z,1
1243,10% discount,2023-10-07T18:41:13Z,2
1244,30 days,2024-01-26T22:52:44Z,1
1245,30 days,2024-03-26T13:07:05Z,1
1246,5 days,2024-02-16T12:23:21Z,1
1247,30 days,2023-09-14T02:08:01Z,1
1248,45 days,2023-11-07T13:57:58Z,1
1249,15 days,2024-05-06T18:21:05Z,1
1250,5% discount,2023-10-03T17:10:39Z,2
1251,Rp 25.000,2024-03-26T10:43:14Z,3
1252,10 days,2023-09-27T00:51:53Z,1
1253,15 days,2024-03-10T13:22:35Z,1
1254,14 days,2024-03-02T08:45:47Z,1
1255,14 days,2023-09-29T10:11:29Z,1
1256,10 days,2024-07-20T06:21:54Z,1
1257,45 days,2024-03-04T04:33:21Z,1
1258,15 days,2024-03-05T23:04:11Z,1
1259,50% discount,2024-06-01T22:55:53Z,2
1260,20 days,2024-05-15T14:52:41Z,1
1261,10 days,2024-05-08T05:37:14Z,1
1262,14 days,2023-10-13T00:40:02Z,1
1263,10 days,2023-12-01T03:19:25Z,1
1264,14 days,2024-06-14T22:37:03Z,1
1265,10 days,2023-09-02T06:14:11Z,1
1266,50% discount,2023-10-19T04:26:56Z,2
1267,7 days,2024-05-08T16:54:03Z,1
1268,10 days,2024-04-06T06:14:37Z,1
1269,10 days,2023-12-08T05:09:55Z,1
1270,Rp 20.000,2023-11-12T07:31:37Z,3
1271,5 days,2024-08-15T16:47:21Z,1
1272,14 days,2024-07-09T18:24:39Z,1
1273,15 days,2023-12-11T01:59:32Z,1
1274,15 days,2024-06-21T13:58:19Z,1
1275,10 days,2024-06-17T05:07:30Z,1
1276,20 days,2024-01-14T12:14:59Z,1
1277,20 days,2023-11-27T23:32:47Z,1
1278,20 days,2024-06-29T20:47:07Z,1
1279,45 days,2024-06-20T07:22:25Z,1
1280,15 days,2024-07-30T05:30:27Z,1
1281,60 days,2023-10-23T06:15:36Z,1
1282,7 days,2024-02-05T15:32:07Z,1
1283,10 days,2024-07-15T15:25:47Z,1
1284,15 days,2024-01-21T23:44:59Z,1
1285,30 days,2024-05-04T22:02:53Z,1
1286,Rp 100.000,2023-12-14T05:24:40Z,3
1287,60 days,2024-07-16T10:04:51Z,1
1288,7 days,2024-03-10T09:38:33Z,1
1289,10 days,2024-02-16T06:56:22Z,1
1290,5 days,2024-07-09T17:46:12Z,1
1291,14 days,2024-04-06T16:24:17Z,1
1292,20 days,2023-11-24T06:00:42Z,1
1293,20 days,2024-01-18T17:17:02Z,1
1294,20 days,2024-05-28T08:39:25Z,1
1295,14 days,2024-01-11T05:23:40Z,1
1296,15 days,2024-05-02T02:16:26Z,1
1297,15 days,2023-12-23T06:04:55Z,1
1298,20 days,2024-07-20T17:28:52Z,1
1299,20 days,2023-12-03T19:15:24Z,1
1300,7 days,2023-09-24T08:07:16Z,1
1301,10 days,2023-11-20T04:09:01Z,1
1302,10 days,2024-03-21T23:15:58Z,1
1303,15 days,2023-12-18T21:23:24Z,1
1304,10% discount,2023-11-26T16:58:30Z,2
1305,14 days,2024-06-20T08:25:50Z,1
1306,7 days,2024-07-18T18:51:45Z,1
1307,5% discount,2024-05-29T18:07:54Z,2
1308,10 days,2024-08-08T23:42:46Z,1
1309,30 days,2023-12-05T04:28:32Z,1
1310,20 days,2023-09-07T09:45:16Z,1
1311,5 days,2024-06-07T23:46:13Z,1
1312,30 days,2023-12-22T17:37:18Z,1
1313,5 days,2024-05-27T12:36:22Z,1
1314,10 days,2024-06-24T00:43:33Z,1
1315,14 days,2023-10-10T05:22:27Z,1
1316,25% discount,2024-03-13T09:02:39Z,2
1317,15 days,2024-08-22T12:28:46Z,1
1318,20 days,2024-07-13T22:44:11Z,1
1319,10 days,2023-12-06T23:58:56Z,1
1320,7 days,2024-03-27T04:30:34Z,1
1321,7 days,2023-10-14T14:27:23Z,1
1322,20 days,2023-10-28T23:45:41Z,1
1323,10 days,2023-12-14T18:03:14Z,1
1324,20 days,2023-11-09T15:19:28Z,1
1325,5 days,2024-04-28T05:28:54Z,1
1326,60 days,2023-11-26T13:06:02Z,1
1327,15 days,2024-08-30T05:57:41Z,1
1328,5 days,2024-01-10T05:05:32Z,1
1329,14 days,2024-08-16T19:08:14Z,1
1330,45 days,2024-08-09T03:20:23Z,1
1331,15 days,2023-10-27T15:14:47Z,1
1332,10 days,2023-09-30T01:54:55Z,1
1333,10 days,2024-07-08T03:47:49Z,1
1334,10 days,2024-04-16T16:32:32Z,1
1335,10 days,2024-01-03T19:13:05Z,1
1336,15 days,2023-09-19T19:07:58Z,1
1337,10 days,2023-11-24T02:54:09Z,1
1338,30 days,2023-12-01T05:06:39Z,1
1339,15 days,2023-12-09T08:42:30Z,1
1340,60 days,2024-01-25T19:46:50Z,1
1341,30 days,2024-08-01T21:27:46Z,1
1342,10 days,2023-09-23T20:36:58Z,1
1343,20 days,2024-08-05T04:14:29Z,1
1344,7 days,2024-05-24T08:20:14Z,1
1345,30 days,2023-10-29T18:45:42Z,1
1346,20 days,2024-02-22T12:57:53Z,1
1347,10 days,2024-01-18T16:44:26Z,1
1348,10 days,2023-11-30T12:39:36Z,1
1349,10 days,2024-03-28T20:25:35Z,1
1350,7 days,2023-09-10T14:50:26Z,1
1351,7 days,2023-10-17T05:41:02Z,1
1352,14 days,2024-07-21T09:02:43Z,1
1353,20 days,2024-05-30T13:33:52Z,1
1354,7 days,2023-10-09T02:51:02Z,1
1355,7 days,2023-12-23T19:54:04Z,1
1356,10 days,2023-12-21T13:15:36Z,1
1357,14 days,2023-12-28T06:10:08Z,1
1358,10 days,2024-03-31T01:13:58Z,1
1359,Rp 10.000,2024-01-21T13:41:48Z,3
1360,15 days,2023-09-19T11:18:24Z,1
1361,7 days,2024-05-25T06:34:42Z,1
1362,7 days,2024-08-24T12:32:39Z,1
1363,7 days,2024-08-16T09:22:50Z,1
1364,14 days,2024-07-08T05:34:15Z,1
1365,30 days,2024-03-28T09:48:47Z,1
1366,14 days,2024-01-21T11:05:57Z,1
1367,7 days,2024-07-21T18:10:08Z,1
1368,14 days,2024-03-23T15:10:49Z,1
1369,10 days,2024-08-14T11:45:05Z,1
1370,30 days,2024-06-16T09:13:09Z,1
1371,20 days,2023-11-03T12:17:18Z,1
1372,20% discount,2023-12-24T03:07:57Z,2
1373,7 days,2024-04-15T03:24:33Z,1
1374,50% discount,2024-05-25T00:56:59Z,2
1375,7 days,2024-05-19T06:46:43Z,1
1376,30 days,2024-03-06T06:01:56Z,1
1377,20 days,2023-11-24T22:54:12Z,1
1378,7 days,2023-09-12T14:19:51Z,1
1379,20 days,2024-02-15T19:32:26Z,1
1380,15 days,2024-02-02T00:58:15Z,1
1381,20 days,2023-09-29T01:49:50Z,1
1382,60 days,2023-10-17T15:11:55Z,1
1383,10 days,2024-03-25T19:43:42Z,1
1384,20 days,2024-08-06T22:02:27Z,1
1385,30 days,2023-09-13T02:19:07Z,1
1386,10 days,2024-04-14T15:04:56Z,1
1387,14 days,2024-04-04T19:34:14Z,1
1388,7 days,2023-12-26T16:52:37Z,1
1389,20 days,2023-10-30T11:37:37Z,1
1390,7 days,2024-02-21T10:20:18Z,1
1391,7 days,2024-05-12T15:34:28Z,1
1392,20 days,2024-06-06T08:06:13Z,1
1393,10 days,2024-05-30T15:58:48Z,1
1394,15 days,2023-12-04T18:02:28Z,1
1395,90 days,2024-08-12T02:43:47Z,1
1396,15 days,2023-10-07T17:55:26Z,1
1397,20 days,2024-03-23T01:10:38Z,1
1398,14 days,2024-06-22T02:16:38Z,1
1399,15 days,2024-01-04T16:08:28Z,1
1400,20 days,2023-09-05T15:39:07Z,1
1401,20 days,2023-09-06T13:51:36Z,1
1402,14 days,2023-11-26T05:36:49Z,1
1403,20% discount,2024-08-01T04:16:28Z,2
1404,5 days,2024-07-26T00:51:11Z,1
1405,25% discount,2024-07-07T08:35:10Z,2
1406,14 days,2024-04-15T19:39:00Z,1
1407,5 days,2024-01-12T04:22:26Z,1
1408,Rp 10.000,2024-06-09T09:09:46Z,3
1409,20 days,2023-11-18T22:04:32Z,1
1410,10% discount,2023-10-22T23:26:19Z,2
1411,90 days,2024-06-19T12:06:19Z,1
1412,15 days,2024-03-19T21:11:14Z,1
1413,7 days,2023-09-23T16:04:10Z,1
1414,15 days,2024-04-30T22:31:11Z,1
1415,30 days,2024-02-13T02:34:39Z,1
1416,45 days,2024-04-04T21:26:35Z,1
1417,15 days,2024-05-01T07:50:31Z,1
1418,30 days,2024-06-09T07:07:41Z,1
1419,10 days,2024-01-19T00:47:07Z,1
1420,30 days,2024-03-29T06:44:48Z,1
1421,14 days,2023-11-25T15:58:58Z,1
1422,60 days,2024-08-29T12:43:25Z,1
1423,15 days,2024-08-28T00:04:48Z,1
1424,10 days,2024-06-12T03:08:43Z,1
1425,Rp 50.000,2024-03-12T21:42:25Z,3
1426,45 days,2024-03-17T02:31:47Z,1
1427,7 days,2024-05-02T05:23:03Z,1
1428,10 days,2024-02-28T08:28:40Z,1
1429,Rp 10.000,2023-09-26T07:06:06Z,3
1430,10 days,2023-12-21T15:00:49Z,1
1431,7 days,2023-09-03T23:56:55Z,1
1432,20 days,2024-04-16T03:03:58Z,1
1433,20 days,2024-05-24T18:11:15Z,1
1434,90 days,2024-05-08T08:35:58Z,1
1435,15 days,2023-11-06T00:22:46Z,1
1436,20 days,2024-04-20T22:12:09Z,1
1437,15 days,2024-03-20T10:43:39Z,1
1438,30 days,2024-03-02T14:51:34Z,1
1439,7 days,2024-03-26T03:36:35Z,1
1440,5 days,2023-11-08T02:05:14Z,1
1441,30 days,2024-05-25T04:49:55Z,1
1442,14 days,2024-04-24T17:44:10Z,1
1443,10 days,2024-07-02T12:55:30Z,1
1444,60 days,2024-04-03T04:45:09Z,1
1445,30 days,2024-03-17T20:51:29Z,1
1446,14 days,2024-04-16T04:50:56Z,1
1447,30 days,2024-04-20T03:55:30Z,1
1448,20 days,2024-06-28T05:29:23Z,1
1449,7 days,2023-10-03T02:12:05Z,1
1450,5 days,2024-01-02T07:31:51Z,1
1451,15 days,2024-04-12T00:13:27Z,1
1452,10 days,2023-12-18T20:22:33Z,1
1453,30 days,2024-08-21T21:32:16Z,1
1454,Rp 25.000,2024-06-27T19:47:53Z,3
1455,10 days,2024-03-05T15:50:19Z,1
1456,15 days,2024-01-12T22:23:51Z,1
1457,15 days,2024-06-08T10:12:45Z,1
1458,7 days,2024-01-20T11:11:39Z,1
1459,20 days,2024-01-22T13:51:43Z,1
1460,14 days,2023-11-10T19:38:53Z,1
1461,30 days,2024-04-26T18:13:05Z,1
1462,7 days,2024-06-06T18:03:31Z,1
1463,25% discount,2023-09-26T18:25:26Z,2
1464,20 days,2023-12-15T03:22:01Z,1
1465,30 days,2024-08-28T02:27:56Z,1
1466,5 days,2023-12-23T08:14:28Z,1
1467,15 days,2024-08-06T05:22:04Z,1
1468,7 days,2024-06-26T09:27:57Z,1
1469,5 days,2024-04-23T06:12:48Z,1
1470,15 days,2023-12-22T15:30:00Z,1
1471,15 days,2023-09-16T08:26:07Z,1
1472,14 days,2023-10-03T14:34:00Z,1
1473,10 days,2023-10-07T05:41:10Z,1
1474,30 days,2024-04-18T19:52:03Z,1
1475,20 days,2023-09-17T17:16:58Z,1
1476,20 days,2023-11-25T21:09:06Z,1
1477,5 days,2023-09-11T15:39:31Z,1
1478,10 days,2024-01-11T10:40:48Z,1
1479,10 days,2023-09-10T23:38:26Z,1
1480,5 days,2024-01-17T01:19:27Z,1
1481,60 days,2024-02-29T10:34:52Z,1
1482,60 days,2023-12-13T07:42:47Z,1
1483,7 days,2024-03-07T05:46:23Z,1
1484,15 days,2024-01-02T17:57:02Z,1
1485,10 days,2024-08-25T13:38:08Z,1
1486,Rp 20.000,2024-06-12T23:39:42Z,3
1487,14 days,2024-05-06T21:21:54Z,1
1488,14 days,2024-06-14T19:56:49Z,1
1489,20 days,2023-09-16T23:11:01Z,1
1490,5% discount,2024-05-22T23:58:35Z,2
1491,14 days,2024-08-06T11:30:22Z,1
1492,20 days,2024-02-10T02:20:06Z,1
1493,10 days,2024-01-18T02:12:04Z,1
1494,10 days,2024-04-02T08:04:03Z,1
1495,10 days,2024-03-25T00:33:52Z,1
1496,10 days,2024-06-23T18:56:05Z,1
1497,10 days,2024-08-17T09:55:57Z,1
1498,15 days,2024-05-11T12:05:49Z,1
1499,50% discount,2023-11-25T02:06:31Z,2
1500,7 days,2024-03-27T10:24:26Z,1
1501,45 days,2024-04-11T15:30:50Z,1
1502,7 days,2024-06-15T10:05:53Z,1
1503,20 days,2024-08-09T18:49:28Z,1
1504,5 days,2024-07-27T21:29:41Z,1
1505,14 days,2024-07-04T12:00:50Z,1
1506,7 days,2024-07-01T17:15:33Z,1
1507,20 days,2024-08-17T09:32:33Z,1
1508,14 days,2024-08-07T03:47:50Z,1
1509,5 days,2024-06-08T11:06:42Z,1
1510,14 days,2024-04-28T07:46:00Z,1
1511,5 days,2023-11-01T09:17:03Z,1
1512,10 days,2024-03-03T13:18:04Z,1
1513,20 days,2023-09-12T16:01:47Z,1
1514,15 days,2024-05-08T14:53:26Z,1
1515,5 days,2024-05-24T11:01:34Z,1
1516,10% discount,2023-10-05T14:16:23Z,2
1517,10 days,2023-12-19T01:59:47Z,1
1518,15 days,2024-02-24T16:25:17Z,1
1519,25% discount,2024-07-07T08:21:32Z,2
1520,15 days,2024-01-12T04:15:33Z,1
1521,45 days,2024-05-06T01:03:40Z,1
1522,7 days,2024-02-20T04:33:18Z,1
1523,30 days,2024-05-18T04:26:07Z,1
1524,30 days,2023-10-23T23:41:52Z,1
1525,14 days,2024-03-02T21:23:10Z,1
1526,10 days,2024-06-05T07:47:52Z,1
1527,10 days,2023-09-15T11:08:33Z,1
1528,45 days,2024-05-27T09:33:51Z,1
1529,50% discount,2023-10-21T15:03:19Z,2
1530,15 days,2023-10-21T13:14:48Z,1
1531,30 days,2024-05-12T04:35:56Z,1
1532,20 days,2023-09-23T07:17:42Z,1
1533,30 days,2024-06-10T21:38:37Z,1
1534,Rp 10.000,2024-01-04T00:15:04Z,3
1535,50% discount,2023-09-17T10:35:40Z,2
1536,10 days,2024-06-30T23:44:54Z,1
1537,20 days,2024-04-25T17:48:29Z,1
1538,10% discount,2024-04-17T19:10:16Z,2
1539,90 days,2024-01-10T15:41:26Z,1
1540,14 days,2024-01-10T04:49:34Z,1
1541,15 days,2024-08-02T07:15:16Z,1
1542,10 days,2023-09-25T02:20:10Z,1
1543,30 days,2024-08-22T10:49:00Z,1
1544,60 days,2024-07-05T00:10:47Z,1
1545,15 days,2024-04-28T11:45:07Z,1
1546,15 days,2024-06-28T21:02:42Z,1
1547,45 days,2024-08-21T14:00:52Z,1
1548,Rp 10.000,2024-06-01T23:39:52Z,3
1549,10 days,2023-09-26T08:03:32Z,1
1550,10 days,2024-08-17T21:08:17Z,1
1551,30 days,2024-02-10T04:27:39Z,1
1552,15 days,2024-04-24T04:19:16Z,1
1553,10 days,2023-09-01T05:30:44Z,1
1554,20 days,2024-08-07T23:44:19Z,1
1555,20 days,2023-12-30T05:36:29Z,1
1556,45 days,2024-07-06T23:06:01Z,1
1557,Rp 50.000,2023-10-05T22:44:06Z,3
1558,15 days,2023-09-20T11:48:05Z,1
1559,20 days,2024-01-17T14:12:20Z,1
1560,20 days,2024-03-19T22:42:42Z,1
1561,20 days,2024-06-11T18:46:54Z,1
1562,15 days,2024-07-26T00:16:26Z,1
1563,5 days,2023-11-23T04:48:09Z,1
1564,7 days,2023-12-25T20:12:03Z,1
1565,10 days,2024-03-02T05:05:47Z,1
1566,20 days,2024-02-18T18:58:10Z,1
1567,15 days,2024-01-27T05:28:49Z,1
1568,5 days,2023-12-13T18:30:14Z,1
1569,15 days,2023-12-02T13:54:29Z,1
1570,45 days,2023-12-18T02:51:14Z,1
1571,5 days,2023-10-06T21:49:58Z,1
1572,14 days,2023-11-16T08:33:31Z,1
1573,20 days,2023-11-24T05:45:13Z,1
1574,10 days,2023-12-15T15:47:29Z,1
1575,45 days,2023-11-23T04:20:32Z,1
1576,15 days,2024-07-14T06:51:06Z,1
1577,10 days,2024-05-23T09:18:01Z,1
1578,50% discount,2024-03-15T23:53:13Z,2
1579,10 days,2023-09-05T18:35:05Z,1
1580,20% discount,2024-06-02T17:53:29Z,2
1581,5 days,2024-05-05T12:25:28Z,1
1582,7 days,2024-01-26T02:18:56Z,1
1583,10% discount,2024-04-13T13:08:14Z,2
1584,5 days,2024-08-18T10:23:39Z,1
1585,15 days,2024-07-03T01:35:14Z,1
1586,15 days,2023-12-30T01:09:38Z,1
1587,20 days,2024-02-18T18:16:57Z,1
1588,90 days,2024-05-26T17:02:42Z,1
1589,7 days,2024-07-06T21:01:29Z,1
1590,60 days,2023-09-10T22:16:39Z,1
1591,15 days,2024-04-17T22:36:19Z,1
1592,25% discount,2024-02-13T13:30:49Z,2
1593,15 days,2023-11-15T18:03:32Z,1
1594,10 days,2024-01-09T18:07:25Z,1
1595,20 days,2023-10-19T23:18:26Z,1
1596,7 days,2024-07-21T04:45:40Z,1
1597,15 days,2024-07-16T22:14:05Z,1
1598,15 days,2023-11-25T11:44:51Z,1
1599,15 days,2024-07-13T23:13:45Z,1
1600,10 days,2024-08-20T18:00:11Z,1
1601,7 days,2023-11-19T02:30:23Z,1
1602,Rp 50.000,2024-02-27T00:04:19Z,3
1603,15 days,2024-07-15T19:09:35Z,1
1604,20 days,2024-08-20T02:55:12Z,1
1605,10 days,2023-12-20T08:45:13Z,1
1606,7 days,2024-01-22T23:24:23Z,1
1607,15 days,2024-03-30T12:16:03Z,1
1608,15 days,2024-04-08T12:28:49Z,1
1609,45 days,2024-05-24T14:50:47Z,1
1610,7 days,2024-08-02T08:49:10Z,1
1611,30 days,2023-12-17T12:31:34Z,1
1612,20 days,2024-08-06T20:27:40Z,1
1613,7 days,2024-05-04T08:02:30Z,1
1614,5 days,2024-08-12T10:58:15Z,1
1615,15 days,2023-09-13T12:14:50Z,1
1616,60 days,2023-09-10T17:44:57Z,1
1617,10 days,2024-03-28T00:31:05Z,1
1618,30 days,2024-01-21T17:41:37Z,1
1619,14 days,2023-12-07T22:48:44Z,1
1620,15 days,2023-10-04T13:05:07Z,1
1621,20 days,2024-08-10T13:44:03Z,1
1622,10 days,2024-06-09T14:24:01Z,1
1623,Rp 25.000,2024-06-19T19:06:22Z,3
1624,20 days,2023-09-04T00:54:51Z,1
1625,5 days,2024-07-27T18:13:27Z,1
1626,10 days,2024-02-03T23:57:39Z,1
1627,7 days,2023-12-13T05:44:49Z,1
1628,30 days,2024-07-09T11:45:38Z,1
1629,5 days,2024-03-27T20:49:18Z,1
1630,20 days,2024-07-03T09:24:59Z,1
1631,14 days,2024-03-26T06:50:30Z,1
1632,15 days,2024-04-08T20:43:47Z,1
1633,15 days,2024-04-15T18:16:55Z,1
1634,20 days,2023-09-28T22:03:35Z,1
1635,5 days,2024-04-19T21:35:04Z,1
1636,60 days,2024-01-23T09:04:28Z,1
1637,10 days,2024-01-08T21:44:53Z,1
1638,10 days,2023-10-11T02:34:34Z,1
1639,5 days,2023-12-06T13:04:08Z,1
1640,Rp 50.000,2024-01-28T07:49:48Z,3
1641,15 days,2024-05-08T16:35:35Z,1
1642,7 days,2024-01-23T10:34:46Z,1
1643,10 days,2024-01-11T23:38:38Z,1
1644,7 days,2024-07-30T06:36:01Z,1
1645,7 days,2024-05-24T08:22:14Z,1
1646,10% discount,2024-06-02T23:13:14Z,2
1647,20% discount,2024-07-30T23:28:08Z,2
1648,14 days,2024-08-23T18:40:58Z,1
1649,15 days,2024-08-19T09:25:46Z,1
1650,30 days,2023-09-09T17:37:08Z,1
1651,30 days,2024-05-10T14:22:55Z,1
1652,10 days,2024-06-15T09:54:07Z,1
1653,60 days,2024-01-24T04:59:17Z,1
1654,20 days,2024-02-24T01:14:45Z,1
1655,30 days,2023-11-22T20:31:51Z,1
1656,10 days,2024-07-13T17:10:58Z,1
1657,14 days,2023-10-14T21:30:39Z,1
1658,45 days,2023-11-11T05:08:20Z,1
1659,10 days,2024-03-17T06:55:21Z,1
1660,7 days,2023-12-31T12:33:08Z,1
1661,20 days,2023-10-18T22:18:21Z,1
1662,10 days,2023-09-24T04:29:08Z,1
1663,10 days,2023-10-19T17:31:22Z,1
1664,Rp 25.000,2023-11-18T22:56:22Z,3
1665,15 days,2023-09-12T12:17:00Z,1
1666,60 days,2024-06-29T13:56:39Z,1
1667,5 days,2023-11-29T08:03:32Z,1
1668,5 days,2024-07-23T07:32:29Z,1
1669,7 days,2024-07-08T14:37:36Z,1
1670,Rp 25.000,2023-10-16T21:28:37Z,3
1671,30 days,2024-03-25T00:04:54Z,1
1672,15 days,2024-04-05T01:43:21Z,1
1673,Rp 10.000,2023-11-26T09:53:19Z,3
1674,20 days,2024-02-09T08:58:48Z,1
1675,20 days,2023-09-11T01:41:30Z,1
1676,7 days,2024-02-13T12:36:01Z,1
1677,10 days,2024-04-05T01:57:09Z,1
1678,10 days,2024-07-20T06:43:57Z,1
1679,10 days,2023-09-25T04:13:54Z,1
1680,Rp 100.000,2023-12-05T10:26:32Z,3
1681,10 days,2023-10-22T08:38:28Z,1
1682,Rp 50.000,2023-09-27T12:13:12Z,3
1683,60 days,2024-04-08T02:27:28Z,1
1684,30 days,2024-05-10T03:12:25Z,1
1685,20 days,2024-03-04T03:31:08Z,1
1686,30 days,2024-03-02T07:49:56Z,1
1687,10 days,2024-03-31T12:12:43Z,1
1688,14 days,2023-10-19T09:07:56Z,1
1689,Rp 20.000,2024-02-24T08:33:36Z,3
1690,15 days,2024-04-22T15:23:06Z,1
1691,14 days,2024-08-12T04:54:32Z,1
1692,20 days,2024-05-28T16:03:01Z,1
1693,45 days,2023-10-06T11:13:09Z,1
1694,30 days,2024-08-29T00:29:59Z,1
1695,20 days,2024-08-16T09:08:46Z,1
1696,60 days,2024-05-29T06:14:19Z,1
1697,20 days,2024-04-16T14:29:56Z,1
1698,5 days,2024-03-04T11:21:23Z,1
1699,20 days,2024-06-05T17:18:35Z,1
1700,20 days,2024-06-28T00:03:19Z,1
1701,7 days,2024-03-14T06:10:51Z,1
1702,7 days,2024-01-11T15:54:38Z,1
1703,5% discount,2024-07-09T03:54:35Z,2
1704,5 days,2024-06-12T01:16:21Z,1
1705,10 days,2023-12-15T04:38:48Z,1
1706,5 days,2024-07-17T17:25:15Z,1
1707,10 days,2024-02-09T16:12:48Z,1
1708,10 days,2023-10-22T04:43:45Z,1
1709,20 days,2024-04-19T07:31:01Z,1
1710,20 days,2024-06-21T14:59:15Z,1
1711,15 days,2024-01-11T04:41:48Z,1
1712,45 days,2024-04-16T22:55:43Z,1
1713,20 days,2023-12-12T09:22:05Z,1
1714,15 days,2024-06-30T00:12:30Z,1
1715,15 days,2024-01-31T08:51:26Z,1
1716,50% discount,2024-07-05T07:26:09Z,2
1717,10 days,2024-04-27T23:53:43Z,1
1718,10 days,2024-05-11T03:19:38Z,1
1719,14 days,2023-12-29T03:30:21Z,1
1720,14 days,2023-12-24T04:27:56Z,1
1721,15 days,2023-09-05T22:06:59Z,1
1722,15 days,2023-11-13T09:55:20Z,1
1723,20 days,2024-08-02T11:31:44Z,1
1724,15 days,2024-04-03T05:18:16Z,1
1725,25% discount,2024-02-16T00:29:12Z,2
1726,Rp 100.000,2024-03-28T15:32:59Z,3
1727,20% discount,2024-02-28T22:58:06Z,2
1728,60 days,2024-03-20T22:26:11Z,1
1729,10% discount,2024-04-29T20:29:43Z,2
1730,30 days,2024-04-06T00:01:52Z,1
1731,45 days,2024-06-18T14:30:04Z,1
1732,5 days,2024-05-16T00:08:55Z,1
1733,5 days,2024-02-22T18:35:31Z,1
1734,10% discount,2023-09-24T01:56:33Z,2
1735,15 days,2024-02-19T18:53:37Z,1
1736,20 days,2024-05-11T05:59:26Z,1
1737,15 days,2024-01-10T15:41:03Z,1
1738,15 days,2024-06-18T07:34:48Z,1
1739,30 days,2024-01-01T16:59:57Z,1
1740,15 days,2024-03-24T20:37:53Z,1
1741,15 days,2024-08-27T05:07:48Z,1
1742,20 days,2024-04-18T03:25:36Z,1
1743,10 days,2024-01-04T00:27:48Z,1
1744,7 days,2024-05-04T16:39:49Z,1
1745,5 days,2023-09-27T21:18:58Z,1
1746,30 days,2024-02-07T12:41:05Z,1
1747,10 days,2023-10-20T19:29:56Z,1
1748,14 days,2023-10-14T06:34:36Z,1
1749,30 days,2024-07-30T03:17:11Z,1
1750,10 days,2024-02-20T07:36:07Z,1
1751,14 days,2024-06-22T17:00:18Z,1
1752,10 days,2024-08-06T03:10:31Z,1
1753,20 days,2023-09-03T05:02:03Z,1
1754,10 days,2023-12-07T17:32:13Z,1
1755,10 days,2024-01-08T05:26:54Z,1
1756,5 days,2023-11-13T17:48:00Z,1
1757,5 days,2023-10-04T00:50:47Z,1
1758,30 days,2024-03-04T16:08:19Z,1
1759,15 days,2024-05-22T09:54:57Z,1
1760,20 days,2024-01-16T11:54:20Z,1
1761,5 days,2024-05-13T14:19:16Z,1
1762,20 days,2024-03-08T11:45:52Z,1
1763,10 days,2023-12-12T03:39:02Z,1
1764,45 days,2024-08-03T02:46:31Z,1
1765,30 days,2024-02-05T16:19:13Z,1
1766,7 days,2024-08-27T00:25:55Z,1
1767,Rp 100.000,2023-09-07T02:37:01Z,3
1768,10 days,2024-06-18T06:48:11Z,1
1769,20 days,2023-12-31T02:04:54Z,1
1770,90 days,2024-03-01T14:04:28Z,1
1771,7 days,2024-06-11T09:54:52Z,1
1772,20 days,2024-07-29T04:47:04Z,1
1773,Rp 10.000,2024-03-29T18:51:02Z,3
1774,20 days,2024-02-18T06:24:02Z,1
1775,7 days,2024-06-24T00:36:48Z,1
1776,14 days,2023-12-13T04:32:48Z,1
1777,7 days,2024-05-16T17:28:21Z,1
1778,45 days,2024-02-08T22:30:45Z,1
1779,30 days,2023-12-06T02:00:21Z,1
1780,60 days,2024-01-16T08:02:49Z,1
1781,14 days,2024-03-19T22:45:49Z,1
1782,7 days,2024-02-08T14:03:19Z,1
1783,10 days,2024-08-29T14:23:47Z,1
1784,7 days,2024-03-25T19:17:34Z,1
1785,50% discount,2024-07-28T09:57:29Z,2
1786,10 days,2024-07-03T15:13:38Z,1
1787,10 days,2023-12-15T12:02:24Z,1
1788,30 days,2024-08-11T20:58:22Z,1
1789,60 days,2023-10-03T01:08:01Z,1
1790,14 days,2024-07-06T23:29:33Z,1
1791,20 days,2023-10-29T18:01:43Z,1
1792,Rp 20.000,2024-04-15T15:06:01Z,3
1793,30 days,2024-01-18T00:50:00Z,1
1794,10% discount,2024-05-08T17:47:56Z,2
1795,20% discount,2023-10-01T09:55:00Z,2
1796,5 days,2024-06-15T11:10:23Z,1
1797,15 days,2024-03-11T16:25:52Z,1
1798,10 days,2024-04-23T03:21:22Z,1
1799,90 days,2024-06-26T19:33:43Z,1
1800,14 days,2024-07-16T14:20:07Z,1
1801,15 days,2024-06-17T13:30:21Z,1
1802,15 days,2023-09-14T05:33:21Z,1
1803,7 days,2024-04-02T18:28:05Z,1
1804,7 days,2024-07-31T19:01:02Z,1
1805,15 days,2024-07-11T10:54:29Z,1
1806,14 days,2024-05-02T01:58:51Z,1
1807,15% discount,2024-05-20T01:26:27Z,2
1808,20 days,2024-02-18T22:11:56Z,1
1809,7 days,2023-11-25T03:20:46Z,1
1810,30 days,2024-04-02T17:53:15Z,1
1811,20 days,2023-11-23T21:24:53Z,1
1812,10% discount,2023-10-07T16:58:47Z,2
1813,7 days,2024-03-26T02:11:19Z,1
1814,10 days,2024-01-26T04:29:32Z,1
1815,5 days,2024-05-28T09:43:25Z,1
1816,15 days,2023-11-07T08:49:09Z,1
1817,14 days,2023-11-21T13:26:40Z,1
1818,7 days,2024-03-31T18:18:51Z,1
1819,45 days,2024-05-05T07:23:21Z,1
1820,5 days,2024-03-04T22:58:45Z,1
1821,15 days,2024-05-04T02:27:15Z,1
1822,15 days,2024-02-29T12:01:50Z,1
1823,14 days,2024-03-05T06:19:31Z,1
1824,14 days,2024-02-15T00:05:52Z,1
1825,7 days,2023-12-17T06:47:19Z,1
1826,5 days,2024-01-29T10:25:20Z,1
1827,50% discount,2024-07-19T01:43:27Z,2
1828,15 days,2024-08-16T00:53:28Z,1
1829,15 days,2024-08-19T16:50:28Z,1
1830,15 days,2024-05-15T15:57:45Z,1
1831,30 days,2024-05-05T10:44:47Z,1
1832,5 days,2024-03-28T20:40:46Z,1
1833,Rp 20.000,2024-04-12T18:55:38Z,3
1834,10 days,2024-04-09T17:12:40Z,1
1835,90 days,2024-06-20T17:49:57Z,1
1836,15% discount,2023-12-31T05:15:20Z,2
1837,7 days,2024-03-11T02:24:57Z,1
1838,5 days,2023-09-21T20:52:17Z,1
1839,20 days,2024-05-08T18:32:42Z,1
1840,10 days,2024-07-04T22:40:51Z,1
1841,30 days,2023-12-25T19:15:34Z,1
1842,Rp 100.000,2023-10-02T00:56:18Z,3
1843,5 days,2023-10-03T03:15:20Z,1
1844,7 days,2023-11-02T12:43:00Z,1
1845,7 days,2024-01-17T12:08:31Z,1
1846,20 days,2024-01-30T15:22:44Z,1
1847,7 days,2024-07-15T05:32:20Z,1
1848,15 days,2023-12-23T09:31:07Z,1
1849,20 days,2024-02-08T15:39:41Z,1
1850,30 days,2023-09-28T13:54:29Z,1
1851,7 days,2024-01-21T01:34:52Z,1
1852,30 days,2023-09-06T10:55:14Z,1
1853,15 days,2024-04-26T00:49:32Z,1
1854,30 days,2024-08-02T19:11:39Z,1
1855,14 days,2024-02-03T12:46:29Z,1
1856,45 days,2024-04-28T03:09:13Z,1
1857,14 days,2023-12-21T09:42:52Z,1
1858,15 days,2024-06-20T18:03:37Z,1
1859,Rp 25.000,2024-08-23T03:11:24Z,3
1860,25% discount,2024-06-20T06:42:57Z,2
1861,10 days,2024-08-04T07:30:52Z,1
1862,5 days,2023-10-27T00:55:44Z,1
1863,Rp 100.000,2023-12-17T09:32:22Z,3
1864,30 days,2024-03-09T07:40:59Z,1
1865,7 days,2024-01-24T12:48:49Z,1
1866,20 days,2023-11-30T04:45:07Z,1
1867,10 days,2024-04-14T16:39:16Z,1
1868,10 days,2023-11-25T21:11:41Z,1
1869,10 days,2023-09-13T21:20:54Z,1
1870,10% discount,2023-11-06T19:52:05Z,2
1871,14 days,2023-09-15T03:23:56Z,1
1872,15 days,2024-04-19T23:25:16Z,1
1873,15 days,2024-04-04T20:23:14Z,1
1874,10 days,2023-10-06T03:39:50Z,1
1875,20 days,2024-02-15T18:43:44Z,1
1876,15 days,2023-11-10T08:50:47Z,1
1877,10 days,2024-03-12T14:45:11Z,1
1878,7 days,2023-10-23T17:15:14Z,1
1879,20 days,2024-07-14T17:52:25Z,1
1880,30 days,2023-10-28T00:41:19Z,1
1881,30 days,2024-02-08T19:59:23Z,1
1882,14 days,2024-08-12T21:38:56Z,1
1883,5 days,2024-08-15T22:09:26Z,1
1884,20 days,2023-11-29T11:50:02Z,1
1885,Rp 25.000,2024-02-05T21:00:29Z,3
1886,Rp 50.000,2023-10-28T13:54:47Z,3
1887,10 days,2023-12-13T16:48:58Z,1
1888,30 days,2024-08-23T04:47:35Z,1
1889,10 days,2023-10-15T05:48:15Z,1
1890,14 days,2024-06-06T12:23:46Z,1
1891,10 days,2024-05-20T00:32:31Z,1
1892,60 days,2024-02-01T21:36:33Z,1
1893,10 days,2024-01-05T01:00:08Z,1
1894,60 days,2024-02-20T02:40:24Z,1
1895,14 days,2024-03-15T12:48:39Z,1
1896,5 days,2023-11-05T01:31:57Z,1
1897,10 days,2024-06-30T15:45:14Z,1
1898,60 days,2023-11-30T22:42:40Z,1
1899,15 days,2023-10-14T05:36:25Z,1
1900,15% discount,2024-06-04T00:05:00Z,2
1901,5 days,2024-05-03T14:35:17Z,1
1902,10 days,2024-06-05T03:24:02Z,1
1903,15 days,2024-07-18T18:33:56Z,1
1904,7 days,2023-11-23T13:42:36Z,1
1905,10 days,2024-03-22T13:53:44Z,1
1906,30 days,2024-04-27T23:56:22Z,1
1907,15 days,2024-05-05T13:20:32Z,1
1908,15 days,2024-02-22T06:26:38Z,1
1909,15 days,2024-03-27T21:46:10Z,1
1910,5 days,2024-02-28T18:10:13Z,1
1911,20 days,2024-01-23T11:03:34Z,1
1912,20 days,2023-09-11T23:33:29Z,1
1913,5 days,2024-03-15T20:14:39Z,1
1914,45 days,2024-02-17T03:38:58Z,1
1915,10 days,2024-06-16T13:21:46Z,1
1916,7 days,2024-01-31T15:36:06Z,1
1917,15 days,2023-09-09T04:09:33Z,1
1918,50% discount,2024-05-16T05:18:56Z,2
1919,20 days,2023-09-07T01:38:32Z,1
1920,90 days,2024-08-21T18:42:57Z,1
1921,20 days,2024-06-10T19:52:20Z,1
1922,45 days,2023-09-20T01:23:00Z,1
1923,20 days,2024-04-29T10:45:57Z,1
1924,5% discount,2023-11-12T04:55:14Z,2
1925,10 days,2024-01-08T12:42:30Z,1
1926,90 days,2024-03-13T04:33:46Z,1
1927,30 days,2024-05-20T16:51:35Z,1
1928,10 days,2023-09-27T22:56:25Z,1
1929,7 days,2024-03-09T08:52:03Z,1
1930,14 days,2023-10-13T21:01:53Z,1
1931,10 days,2024-01-23T21:26:26Z,1
1932,5 days,2024-06-05T21:06:28Z,1
1933,14 days,2024-08-10T13:15:25Z,1
1934,15 days,2024-03-27T16:40:34Z,1
1935,30 days,2023-10-07T05:12:16Z,1
1936,20 days,2024-06-14T12:07:09Z,1
1937,10 days,2023-09-25T23:12:05Z,1
1938,Rp 50.000,2023-11-16T11:29:42Z,3
1939,14 days,2024-02-27T17:35:41Z,1
1940,7 days,2024-01-14T21:41:08Z,1
1941,20 days,2024-04-22T05:10:08Z,1
1942,10 days,2024-02-15T09:53:15Z,1
1943,20 days,2024-08-15T15:38:46Z,1
1944,15 days,2023-12-24T04:53:17Z,1
1945,20 days,2024-06-14T08:56:39Z,1
1946,15 days,2024-03-07T00:55:59Z,1
1947,60 days,2024-06-24T14:50:41Z,1
1948,10 days,2024-04-23T09:55:09Z,1
1949,20 days,2024-06-05T15:22:09Z,1
1950,30 days,2024-02-08T13:47:57Z,1
1951,7 days,2024-04-03T15:37:50Z,1
1952,Rp 20.000,2023-11-10T06:42:09Z,3
1953,10 days,2023-12-13T02:03:59Z,1
1954,30 days,2024-04-05T23:41:22Z,1
1955,30 days,2024-03-12T00:19:44Z,1
1956,30 days,2024-01-29T22:26:32Z,1
1957,10 days,2024-04-19T16:45:59Z,1
1958,10 days,2023-09-11T17:46:28Z,1
1959,60 days,2023-09-17T18:48:25Z,1
1960,15 days,2023-10-31T23:28:09Z,1
1961,7 days,2024-03-02T22:23:46Z,1
1962,7 days,2024-06-03T10:08:12Z,1
1963,15 days,2024-02-06T04:56:47Z,1
1964,7 days,2023-10-26T06:17:20Z,1
1965,7 days,2024-05-22T04:39:18Z,1
1966,15 days,2023-12-11T04:33:14Z,1
1967,15 days,2024-05-27T03:33:00Z,1
1968,7 days,2024-03-10T23:40:00Z,1
1969,20% discount,2024-08-22T10:21:54Z,2
1970,20 days,2024-08-08T20:37:00Z,1
1971,7 days,2024-03-27T00:52:40Z,1
1972,7 days,2023-09-24T07:33:01Z,1
1973,10 days,2023-10-26T05:48:22Z,1
1974,10 days,2023-09-12T11:07:22Z,1
1975,20 days,2024-02-19T03:45:03Z,1
1976,15 days,2024-08-06T10:22:42Z,1
1977,50% discount,2023-12-15T06:13:10Z,2
1978,15 days,2024-07-05T23:50:06Z,1
1979,20 days,2024-02-09T23:24:49Z,1
1980,7 days,2024-01-18T12:05:29Z,1
1981,45 days,2024-07-13T14:34:08Z,1
1982,30 days,2023-10-24T23:08:07Z,1
1983,15 days,2024-01-01T08:20:00Z,1
1984,14 days,2024-07-07T00:04:40Z,1
1985,30 days,2024-05-12T05:05:09Z,1
1986,15 days,2023-12-31T09:37:08Z,1
1987,20 days,2024-08-18T03:47:36Z,1
1988,10 days,2024-08-16T04:07:05Z,1
1989,14 days,2024-06-21T16:00:56Z,1
1990,7 days,2023-11-03T21:29:25Z,1
1991,7 days,2024-01-19T02:55:26Z,1
1992,30 days,2024-03-19T22:41:12Z,1
1993,5 days,2023-11-29T09:29:09Z,1
1994,5% discount,2024-03-30T19:39:58Z,2
1995,10 days,2024-06-29T21:11:01Z,1
1996,7 days,2024-01-25T05:24:55Z,1
1997,15 days,2024-06-26T09:06:02Z,1
1998,5 days,2024-01-30T00:32:26Z,1
1999,15 days,2024-03-16T22:22:29Z,1
2000,10 days,2024-04-21T23:22:49Z,1